,Parent_Count,Char_Count,Main_Tag,Main_Tag_Char_Count,Main_Tag_Name,Main_Tag_Attributes,Tag_Count_meta,Tag_Count_p,Tag_Count_h4,Tag_Count_html,Tag_Count_nav,Tag_Count_section,Tag_Count_footer,Tag_Count_a,Tag_Count_link,Tag_Count_hr,Tag_Count_ul,Tag_Count_form,Tag_Count_body,Tag_Count_button,Tag_Count_script,Tag_Count_b,Tag_Count_div,Tag_Count_head,Tag_Count_img,Tag_Count_input,Tag_Count_title,Tag_Count_h2,Tag_Count_header,Tag_Count_h1,Tag_Count_li,Tag_Count_span,Tag_Count_label,Attr_for,Attr_lang,Attr_charset,Attr_content,Attr_name,Attr_href,Attr_rel,Attr_class,Attribute_Value_navbar-default,Attribute_Value_navbar,Attribute_Value_container,Attribute_Value_primary-menu,Attribute_Value_logo,Attribute_Value_pull-left,Attribute_Value_logo-image,Attribute_Value_block,Attr_src,Attribute_Value_cart,Attribute_Value_visible-xs,Attribute_Value_head-link,Attr_id,Attribute_Value_pull-right,Attribute_Value_navigation,Attribute_Value_navbar-header,Attribute_Value_collapsed,Attribute_Value_navbar-toggle,Attr_type,Attribute_Value_sr-only,Attribute_Value_icon-bar,Attribute_Value_navbar-collapse,Attribute_Value_collapse,Attribute_Value_nav,Attribute_Value_navbar-nav,Attribute_Value_navbar-right,Attribute_Value_hidden-xs,Attr_action,Attr_method,Attribute_Value_form-control,Attr_placeholder,Attr_value,Attr_title,Attribute_Value_dropdown,Attribute_Value_dropdown-toggle,Attribute_Value_caret,Attribute_Value_dropdown-menu,Attribute_Value_category-menu,Attribute_Value_search-box,Attribute_Value_row,Attribute_Value_col-md-8,Attribute_Value_form-horizontal,Attr_role,Attribute_Value_text-danger,Attribute_Value_validation-summary-valid,Attr_style,Attribute_Value_form-group,Attribute_Value_control-label,Attribute_Value_col-md-2,Attribute_Value_col-md-10,Attribute_Value_field-validation-valid,Attribute_Value_col-md-offset-2,Attribute_Value_checkbox,Attribute_Value_btn,Attribute_Value_btn-default,Attribute_Value_col-md-4,Attribute_Value_clearfix,Attribute_Value_footer-content,Attribute_Value_col-md-3,Attr_target,Attribute_Value_deploy-azure,Attribute_Value_col-md-6,Attribute_Value_pull-left-sm,Attribute_Value_footer-link,Attribute_Value_pull-right-md,Attribute_Value_text-center,Merged_Binary_Value,Class_Dummy_Decimal_Value
0,0,7989,"<html lang=""en"">",16,html,"['lang=""en""']",2,4,6,1,1,2,1,38,7,2,8,3,1,1,5,1,43,1,2,10,1,2,1,1,32,6,3,,en,,,,,,,0,0,0,0,0,0,0,0,,0,0,0,,0,0,0,0,0,,0,0,0,0,0,0,0,0,,,0,,,,0,0,0,0,0,0,0,0,0,,0,0,,0,0,0,0,0,0,0,0,0,0,0,0,0,,0,0,0,0,0,0,0 0 0 0 0 0 0 0 0 0 0 0 0 0 0 0 0 0 0 0 0 0 0 0 0 0 0 0 0 0 0 0 0 0 0 0 0 0 0 0 0 0 0 0 0 0 0 0 0 0 0 0 0 0 0,0.0
1,1,290,<head>,6,head,[],2,0,0,0,0,0,0,0,1,0,0,0,0,0,1,0,0,1,0,0,1,0,0,0,0,0,0,,,,,,,,,0,0,0,0,0,0,0,0,,0,0,0,,0,0,0,0,0,,0,0,0,0,0,0,0,0,,,0,,,,0,0,0,0,0,0,0,0,0,,0,0,,0,0,0,0,0,0,0,0,0,0,0,0,0,,0,0,0,0,0,0,0 0 0 0 0 0 0 0 0 0 0 0 0 0 0 0 0 0 0 0 0 0 0 0 0 0 0 0 0 0 0 0 0 0 0 0 0 0 0 0 0 0 0 0 0 0 0 0 0 0 0 0 0 0 0,0.0
2,2,26,"<meta charset=""utf-8"" />",24,meta,"['charset=""utf-8""']",1,0,0,0,0,0,0,0,0,0,0,0,0,0,0,0,0,0,0,0,0,0,0,0,0,0,0,,,utf-8,,,,,,0,0,0,0,0,0,0,0,,0,0,0,,0,0,0,0,0,,0,0,0,0,0,0,0,0,,,0,,,,0,0,0,0,0,0,0,0,0,,0,0,,0,0,0,0,0,0,0,0,0,0,0,0,0,,0,0,0,0,0,0,0 0 0 0 0 0 0 0 0 0 0 0 0 0 0 0 0 0 0 0 0 0 0 0 0 0 0 0 0 0 0 0 0 0 0 0 0 0 0 0 0 0 0 0 0 0 0 0 0 0 0 0 0 0 0,0.0
3,2,74,"<meta content=""width=device-width, initial-scale=1.0"" name=""viewport"" />",72,meta,"['content=""width=device-width, initial-scale=1.0""', 'name=""viewport""']",1,0,0,0,0,0,0,0,0,0,0,0,0,0,0,0,0,0,0,0,0,0,0,0,0,0,0,,,,"width=device-width, initial-scale=1.0",viewport,,,,0,0,0,0,0,0,0,0,,0,0,0,,0,0,0,0,0,,0,0,0,0,0,0,0,0,,,0,,,,0,0,0,0,0,0,0,0,0,,0,0,,0,0,0,0,0,0,0,0,0,0,0,0,0,,0,0,0,0,0,0,0 0 0 0 0 0 0 0 0 0 0 0 0 0 0 0 0 0 0 0 0 0 0 0 0 0 0 0 0 0 0 0 0 0 0 0 0 0 0 0 0 0 0 0 0 0 0 0 0 0 0 0 0 0 0,0.0
4,2,48,"<link href=""/images/favicon.ico"" rel=""Icon"" />",46,link,"['href=""/images/favicon.ico""', 'rel=""Icon""']",0,0,0,0,0,0,0,0,1,0,0,0,0,0,0,0,0,0,0,0,0,0,0,0,0,0,0,,,,,,/images/favicon.ico,Icon,,0,0,0,0,0,0,0,0,,0,0,0,,0,0,0,0,0,,0,0,0,0,0,0,0,0,,,0,,,,0,0,0,0,0,0,0,0,0,,0,0,,0,0,0,0,0,0,0,0,0,0,0,0,0,,0,0,0,0,0,0,0 0 0 0 0 0 0 0 0 0 0 0 0 0 0 0 0 0 0 0 0 0 0 0 0 0 0 0 0 0 0 0 0 0 0 0 0 0 0 0 0 0 0 0 0 0 0 0 0 0 0 0 0 0 0,0.0
5,2,47,<title>,7,title,[],0,0,0,0,0,0,0,0,0,0,0,0,0,0,0,0,0,0,0,0,1,0,0,0,0,0,0,,,,,,,,,0,0,0,0,0,0,0,0,,0,0,0,,0,0,0,0,0,,0,0,0,0,0,0,0,0,,,0,,,,0,0,0,0,0,0,0,0,0,,0,0,,0,0,0,0,0,0,0,0,0,0,0,0,0,,0,0,0,0,0,0,0 0 0 0 0 0 0 0 0 0 0 0 0 0 0 0 0 0 0 0 0 0 0 0 0 0 0 0 0 0 0 0 0 0 0 0 0 0 0 0 0 0 0 0 0 0 0 0 0 0 0 0 0 0 0,0.0
6,2,78,<script>,8,script,[],0,0,0,0,0,0,0,0,0,0,0,0,0,0,1,0,0,0,0,0,0,0,0,0,0,0,0,,,,,,,,,0,0,0,0,0,0,0,0,,0,0,0,,0,0,0,0,0,,0,0,0,0,0,0,0,0,,,0,,,,0,0,0,0,0,0,0,0,0,,0,0,,0,0,0,0,0,0,0,0,0,0,0,0,0,,0,0,0,0,0,0,0 0 0 0 0 0 0 0 0 0 0 0 0 0 0 0 0 0 0 0 0 0 0 0 0 0 0 0 0 0 0 0 0 0 0 0 0 0 0 0 0 0 0 0 0 0 0 0 0 0 0 0 0 0 0,0.0
7,1,7674,<body>,6,body,[],0,4,6,0,1,2,1,38,6,2,8,3,1,1,4,1,43,0,2,10,0,2,1,1,32,6,3,,,,,,,,,0,0,0,0,0,0,0,0,,0,0,0,,0,0,0,0,0,,0,0,0,0,0,0,0,0,,,0,,,,0,0,0,0,0,0,0,0,0,,0,0,,0,0,0,0,0,0,0,0,0,0,0,0,0,,0,0,0,0,0,0,0 0 0 0 0 0 0 0 0 0 0 0 0 0 0 0 0 0 0 0 0 0 0 0 0 0 0 0 0 0 0 0 0 0 0 0 0 0 0 0 0 0 0 0 0 0 0 0 0 0 0 0 0 0 0,0.0
8,2,2892,<header>,8,header,[],0,0,0,0,1,0,0,23,0,0,3,2,0,1,0,1,13,0,1,4,0,1,1,1,21,4,0,,,,,,,,,0,0,0,0,0,0,0,0,,0,0,0,,0,0,0,0,0,,0,0,0,0,0,0,0,0,,,0,,,,0,0,0,0,0,0,0,0,0,,0,0,,0,0,0,0,0,0,0,0,0,0,0,0,0,,0,0,0,0,0,0,0 0 0 0 0 0 0 0 0 0 0 0 0 0 0 0 0 0 0 0 0 0 0 0 0 0 0 0 0 0 0 0 0 0 0 0 0 0 0 0 0 0 0 0 0 0 0 0 0 0 0 0 0 0 0,0.0
9,3,2659,"<nav class=""navbar navbar-default"">",35,nav,"['class=""navbar navbar-default""']",0,0,0,0,1,0,0,23,0,0,3,1,0,1,0,1,12,0,1,2,0,1,0,1,21,4,0,,,,,,,,navbar navbar-default,1,1,0,0,0,0,0,0,,0,0,0,,0,0,0,0,0,,0,0,0,0,0,0,0,0,,,0,,,,0,0,0,0,0,0,0,0,0,,0,0,,0,0,0,0,0,0,0,0,0,0,0,0,0,,0,0,0,0,0,0,0 0 0 0 0 0 0 0 0 0 0 0 0 0 0 0 0 0 0 0 0 0 0 0 0 0 0 0 0 0 0 0 0 0 0 0 0 0 1 0 0 0 0 0 0 0 1 0 0 0 0 0 0 0 0,65792.0
10,4,2033,"<div class=""container"">",23,div,"['class=""container""']",0,0,0,0,0,0,0,15,0,0,2,1,0,1,0,1,9,0,1,2,0,1,0,1,13,4,0,,,,,,,,container,0,0,1,0,0,0,0,0,,0,0,0,,0,0,0,0,0,,0,0,0,0,0,0,0,0,,,0,,,,0,0,0,0,0,0,0,0,0,,0,0,,0,0,0,0,0,0,0,0,0,0,0,0,0,,0,0,0,0,0,0,0 0 0 0 0 0 0 0 0 0 0 0 0 0 0 0 0 0 0 0 0 0 0 0 0 0 0 0 0 0 0 0 0 0 0 0 0 0 0 0 0 0 0 0 0 0 0 0 0 0 0 0 0 0 1,1.0
11,5,2000,"<div class=""primary-menu"">",26,div,"['class=""primary-menu""']",0,0,0,0,0,0,0,15,0,0,2,1,0,1,0,1,8,0,1,2,0,1,0,1,13,4,0,,,,,,,,primary-menu,0,0,0,1,0,0,0,0,,0,0,0,,0,0,0,0,0,,0,0,0,0,0,0,0,0,,,0,,,,0,0,0,0,0,0,0,0,0,,0,0,,0,0,0,0,0,0,0,0,0,0,0,0,0,,0,0,0,0,0,0,0 0 0 0 0 0 0 0 0 0 0 0 1 0 0 0 0 0 0 0 0 0 0 0 0 0 0 0 0 0 0 0 0 0 0 0 0 0 0 0 0 0 0 0 0 0 0 0 0 0 0 0 0 0 0,4398046511104.0
12,6,326,"<div class=""pull-left logo"">",28,div,"['class=""pull-left logo""']",0,0,0,0,0,0,0,3,0,0,0,0,0,0,0,0,2,0,1,0,0,1,0,1,0,0,0,,,,,,,,pull-left logo,0,0,0,0,1,1,0,0,,0,0,0,,0,0,0,0,0,,0,0,0,0,0,0,0,0,,,0,,,,0,0,0,0,0,0,0,0,0,,0,0,,0,0,0,0,0,0,0,0,0,0,0,0,0,,0,0,0,0,0,0,0 0 0 0 0 0 0 0 0 0 0 0 0 0 0 0 0 0 1 0 0 0 0 0 0 0 0 0 0 0 0 0 0 0 0 0 0 0 0 0 1 0 0 0 0 0 0 0 0 0 0 0 0 0 0,68719493120.0
13,7,87,"<a class=""block logo-image"" href=""/"">",37,a,"['class=""block logo-image""', 'href=""/""']",0,0,0,0,0,0,0,1,0,0,0,0,0,0,0,0,0,0,1,0,0,0,0,0,0,0,0,,,,,,/,,block logo-image,0,0,0,0,0,0,1,1,,0,0,0,,0,0,0,0,0,,0,0,0,0,0,0,0,0,,,0,,,,0,0,0,0,0,0,0,0,0,,0,0,,0,0,0,0,0,0,0,0,0,0,0,0,0,,0,0,0,0,0,0,0 0 0 0 0 0 0 0 0 0 0 0 0 0 0 0 0 0 0 0 1 0 0 0 0 0 0 0 0 0 0 0 0 0 0 0 0 0 0 0 0 0 0 0 0 0 0 0 0 0 1 0 0 0 0,17179869200.0
14,8,42,"<img src=""/images/unlimited_logo.png"" />",40,img,"['src=""/images/unlimited_logo.png""']",0,0,0,0,0,0,0,0,0,0,0,0,0,0,0,0,0,0,1,0,0,0,0,0,0,0,0,,,,,,,,,0,0,0,0,0,0,0,0,/images/unlimited_logo.png,0,0,0,,0,0,0,0,0,,0,0,0,0,0,0,0,0,,,0,,,,0,0,0,0,0,0,0,0,0,,0,0,,0,0,0,0,0,0,0,0,0,0,0,0,0,,0,0,0,0,0,0,0 0 0 0 0 0 0 0 0 0 0 0 0 0 0 0 0 0 0 0 0 0 0 0 0 0 0 0 0 0 0 0 0 0 0 0 0 0 0 0 0 0 0 0 0 0 0 0 0 0 0 0 0 0 0,0.0
15,7,92,"<a class=""block"" href=""/"">",26,a,"['class=""block""', 'href=""/""']",0,0,0,0,0,0,0,1,0,0,0,0,0,0,0,0,0,0,0,0,0,1,0,1,0,0,0,,,,,,/,,block,0,0,0,0,0,0,0,1,,0,0,0,,0,0,0,0,0,,0,0,0,0,0,0,0,0,,,0,,,,0,0,0,0,0,0,0,0,0,,0,0,,0,0,0,0,0,0,0,0,0,0,0,0,0,,0,0,0,0,0,0,0 0 0 0 0 0 0 0 0 0 0 0 0 0 0 0 0 0 0 0 1 0 0 0 0 0 0 0 0 0 0 0 0 0 0 0 0 0 0 0 0 0 0 0 0 0 0 0 0 0 0 0 0 0 0,17179869184.0
16,8,26,<h1>,4,h1,[],0,0,0,0,0,0,0,0,0,0,0,0,0,0,0,0,0,0,0,0,0,0,0,1,0,0,0,,,,,,,,,0,0,0,0,0,0,0,0,,0,0,0,,0,0,0,0,0,,0,0,0,0,0,0,0,0,,,0,,,,0,0,0,0,0,0,0,0,0,,0,0,,0,0,0,0,0,0,0,0,0,0,0,0,0,,0,0,0,0,0,0,0 0 0 0 0 0 0 0 0 0 0 0 0 0 0 0 0 0 0 0 0 0 0 0 0 0 0 0 0 0 0 0 0 0 0 0 0 0 0 0 0 0 0 0 0 0 0 0 0 0 0 0 0 0 0,0.0
17,8,32,<h2>,4,h2,[],0,0,0,0,0,0,0,0,0,0,0,0,0,0,0,0,0,0,0,0,0,1,0,0,0,0,0,,,,,,,,,0,0,0,0,0,0,0,0,,0,0,0,,0,0,0,0,0,,0,0,0,0,0,0,0,0,,,0,,,,0,0,0,0,0,0,0,0,0,,0,0,,0,0,0,0,0,0,0,0,0,0,0,0,0,,0,0,0,0,0,0,0 0 0 0 0 0 0 0 0 0 0 0 0 0 0 0 0 0 0 0 0 0 0 0 0 0 0 0 0 0 0 0 0 0 0 0 0 0 0 0 0 0 0 0 0 0 0 0 0 0 0 0 0 0 0,0.0
18,7,109,"<div class=""visible-xs cart"">",29,div,"['class=""visible-xs cart""']",0,0,0,0,0,0,0,1,0,0,0,0,0,0,0,0,1,0,0,0,0,0,0,0,0,0,0,,,,,,,,visible-xs cart,0,0,0,0,0,0,0,0,,1,1,0,,0,0,0,0,0,,0,0,0,0,0,0,0,0,,,0,,,,0,0,0,0,0,0,0,0,0,,0,0,,0,0,0,0,0,0,0,0,0,0,0,0,0,,0,0,0,0,0,0,0 0 0 0 0 0 0 0 0 0 0 0 0 0 0 0 0 1 0 0 0 0 0 0 0 0 0 0 0 0 0 0 0 0 0 0 0 0 0 1 0 0 0 0 0 0 0 0 0 0 0 0 0 0 0,137438986240.0
19,8,70,"<a class=""head-link"" href=""/ShoppingCart"" id=""shopping-cart-link"" />",68,a,"['class=""head-link""', 'href=""/ShoppingCart""', 'id=""shopping-cart-link""']",0,0,0,0,0,0,0,1,0,0,0,0,0,0,0,0,0,0,0,0,0,0,0,0,0,0,0,,,,,,/ShoppingCart,,head-link,0,0,0,0,0,0,0,0,,0,0,1,shopping-cart-link,0,0,0,0,0,,0,0,0,0,0,0,0,0,,,0,,,,0,0,0,0,0,0,0,0,0,,0,0,,0,0,0,0,0,0,0,0,0,0,0,0,0,,0,0,0,0,0,0,0 0 0 0 0 0 1 0 0 0 0 0 0 0 0 0 0 0 0 0 0 0 0 0 0 0 0 0 0 0 0 0 0 0 0 0 0 0 0 0 0 0 0 0 0 0 0 0 0 0 0 0 0 0 0,281474976710656.0
20,6,1638,"<div class=""pull-right navigation"">",35,div,"['class=""pull-right navigation""']",0,0,0,0,0,0,0,12,0,0,2,1,0,1,0,1,5,0,0,2,0,0,0,0,13,4,0,,,,,,,,pull-right navigation,0,0,0,0,0,0,0,0,,0,0,0,,1,1,0,0,0,,0,0,0,0,0,0,0,0,,,0,,,,0,0,0,0,0,0,0,0,0,,0,0,,0,0,0,0,0,0,0,0,0,0,0,0,0,,0,0,0,0,0,0,0 0 0 0 0 0 0 0 0 0 0 0 0 0 0 0 0 0 0 0 0 0 0 0 1 0 0 0 0 0 0 0 1 0 0 0 0 0 0 0 0 0 0 0 0 0 0 0 0 0 0 0 0 0 0,1077936128.0
21,7,291,"<div class=""navbar-header"">",27,div,"['class=""navbar-header""']",0,0,0,0,0,0,0,0,0,0,0,0,0,1,0,0,1,0,0,0,0,0,0,0,0,4,0,,,,,,,,navbar-header,0,0,0,0,0,0,0,0,,0,0,0,,0,0,1,0,0,,0,0,0,0,0,0,0,0,,,0,,,,0,0,0,0,0,0,0,0,0,,0,0,,0,0,0,0,0,0,0,0,0,0,0,0,0,,0,0,0,0,0,0,0 0 0 0 0 0 0 0 1 0 0 0 0 0 0 0 0 0 0 0 0 0 0 0 0 0 0 0 0 0 0 0 0 0 0 0 0 0 0 0 0 0 0 0 0 0 0 0 0 0 0 0 0 0 0,70368744177664.0
22,8,254,"<button class=""navbar-toggle collapsed"" data-target=""#collapse-header-nav"" data-toggle=""collapse"" type=""button"">",112,button,"['class=""navbar-toggle collapsed""', 'type=""button""']",0,0,0,0,0,0,0,0,0,0,0,0,0,1,0,0,0,0,0,0,0,0,0,0,0,4,0,,,,,,,,navbar-toggle collapsed,0,0,0,0,0,0,0,0,,0,0,0,,0,0,0,1,1,button,0,0,0,0,0,0,0,0,,,0,,,,0,0,0,0,0,0,0,0,0,,0,0,,0,0,0,0,0,0,0,0,0,0,0,0,0,,0,0,0,0,0,0,0 0 0 0 0 0 0 0 0 0 0 0 0 0 0 0 0 0 0 0 0 0 0 0 0 0 0 0 0 0 0 0 0 0 0 0 0 0 0 0 0 0 0 1 0 0 0 1 0 0 0 0 0 0 0,2176.0
23,9,48,"<span class=""sr-only"">",22,span,"['class=""sr-only""']",0,0,0,0,0,0,0,0,0,0,0,0,0,0,0,0,0,0,0,0,0,0,0,0,0,1,0,,,,,,,,sr-only,0,0,0,0,0,0,0,0,,0,0,0,,0,0,0,0,0,,1,0,0,0,0,0,0,0,,,0,,,,0,0,0,0,0,0,0,0,0,,0,0,,0,0,0,0,0,0,0,0,0,0,0,0,0,,0,0,0,0,0,0,0 0 0 0 0 0 0 0 0 0 0 0 0 0 0 0 0 0 0 0 0 0 0 0 0 0 0 0 0 0 0 0 0 0 0 0 0 0 0 0 0 0 0 0 0 0 0 0 0 0 0 0 0 1 0,2.0
24,9,27,"<span class=""icon-bar"" />",25,span,"['class=""icon-bar""']",0,0,0,0,0,0,0,0,0,0,0,0,0,0,0,0,0,0,0,0,0,0,0,0,0,1,0,,,,,,,,icon-bar,0,0,0,0,0,0,0,0,,0,0,0,,0,0,0,0,0,,0,1,0,0,0,0,0,0,,,0,,,,0,0,0,0,0,0,0,0,0,,0,0,,0,0,0,0,0,0,0,0,0,0,0,0,0,,0,0,0,0,0,0,0 0 0 0 0 0 0 0 0 0 0 0 0 0 0 1 0 0 0 0 0 0 0 0 0 0 0 0 0 0 0 0 0 0 0 0 0 0 0 0 0 0 0 0 0 0 0 0 0 0 0 0 0 0 0,549755813888.0
25,9,29,"<span class=""icon-bar"" />",25,span,"['class=""icon-bar""']",0,0,0,0,0,0,0,0,0,0,0,0,0,0,0,0,0,0,0,0,0,0,0,0,0,1,0,,,,,,,,icon-bar,0,0,0,0,0,0,0,0,,0,0,0,,0,0,0,0,0,,0,1,0,0,0,0,0,0,,,0,,,,0,0,0,0,0,0,0,0,0,,0,0,,0,0,0,0,0,0,0,0,0,0,0,0,0,,0,0,0,0,0,0,0 0 0 0 0 0 0 0 0 0 0 0 0 0 0 1 0 0 0 0 0 0 0 0 0 0 0 0 0 0 0 0 0 0 0 0 0 0 0 0 0 0 0 0 0 0 0 0 0 0 0 0 0 0 0,549755813888.0
26,9,29,"<span class=""icon-bar"" />",25,span,"['class=""icon-bar""']",0,0,0,0,0,0,0,0,0,0,0,0,0,0,0,0,0,0,0,0,0,0,0,0,0,1,0,,,,,,,,icon-bar,0,0,0,0,0,0,0,0,,0,0,0,,0,0,0,0,0,,0,1,0,0,0,0,0,0,,,0,,,,0,0,0,0,0,0,0,0,0,,0,0,,0,0,0,0,0,0,0,0,0,0,0,0,0,,0,0,0,0,0,0,0 0 0 0 0 0 0 0 0 0 0 0 0 0 0 1 0 0 0 0 0 0 0 0 0 0 0 0 0 0 0 0 0 0 0 0 0 0 0 0 0 0 0 0 0 0 0 0 0 0 0 0 0 0 0,549755813888.0
27,7,1302,"<div class=""collapse navbar-collapse"" id=""collapse-header-nav"">",63,div,"['class=""collapse navbar-collapse""', 'id=""collapse-header-nav""']",0,0,0,0,0,0,0,12,0,0,2,1,0,0,0,1,3,0,0,2,0,0,0,0,13,0,0,,,,,,,,collapse navbar-collapse,0,0,0,0,0,0,0,0,,0,0,0,collapse-header-nav,0,0,0,0,0,,0,0,1,1,0,0,0,0,,,0,,,,0,0,0,0,0,0,0,0,0,,0,0,,0,0,0,0,0,0,0,0,0,0,0,0,0,,0,0,0,0,0,0,0 0 0 0 0 0 0 0 0 0 1 0 0 0 0 0 0 0 0 0 0 0 0 0 0 0 0 0 0 0 0 0 0 0 0 0 0 0 0 0 0 0 0 0 1 0 0 0 0 0 0 0 0 0 0,17592186045440.0
28,8,1229,"<ul class=""nav navbar-nav navbar-right"">",40,ul,"['class=""nav navbar-nav navbar-right""']",0,0,0,0,0,0,0,12,0,0,2,1,0,0,0,1,2,0,0,2,0,0,0,0,13,0,0,,,,,,,,nav navbar-nav navbar-right,0,0,0,0,0,0,0,0,,0,0,0,,0,0,0,0,0,,0,0,0,0,1,1,1,0,,,0,,,,0,0,0,0,0,0,0,0,0,,0,0,,0,0,0,0,0,0,0,0,0,0,0,0,0,,0,0,0,0,0,0,0 0 1 0 0 0 0 0 0 0 0 0 0 0 0 0 0 0 0 0 0 0 0 0 0 0 0 1 1 0 0 0 0 0 0 0 0 0 0 0 0 0 0 0 0 0 0 0 0 0 0 0 0 0 0,4503599828697088.0
29,9,267,"<li class=""hidden-xs"">",22,li,"['class=""hidden-xs""']",0,0,0,0,0,0,0,0,0,0,0,1,0,0,0,0,1,0,0,2,0,0,0,0,1,0,0,,,,,,,,hidden-xs,0,0,0,0,0,0,0,0,,0,0,0,,0,0,0,0,0,,0,0,0,0,0,0,0,1,,,0,,,,0,0,0,0,0,0,0,0,0,,0,0,,0,0,0,0,0,0,0,0,0,0,0,0,0,,0,0,0,0,0,0,0 0 0 0 0 0 0 0 0 0 0 0 0 0 0 0 0 0 0 0 0 0 0 0 0 1 0 0 0 0 0 0 0 0 0 0 0 0 0 0 0 0 0 0 0 0 0 0 0 0 0 0 0 0 0,536870912.0
30,10,236,"<div id=""search-link-box"">",26,div,"['id=""search-link-box""']",0,0,0,0,0,0,0,0,0,0,0,1,0,0,0,0,1,0,0,2,0,0,0,0,0,0,0,,,,,,,,,0,0,0,0,0,0,0,0,,0,0,0,search-link-box,0,0,0,0,0,,0,0,0,0,0,0,0,0,,,0,,,,0,0,0,0,0,0,0,0,0,,0,0,,0,0,0,0,0,0,0,0,0,0,0,0,0,,0,0,0,0,0,0,0 0 0 0 0 0 0 0 0 0 0 0 0 0 0 0 0 0 0 0 0 0 0 0 0 0 0 0 0 0 0 0 0 0 0 0 0 0 0 0 0 0 0 0 0 0 0 0 0 0 0 0 0 0 0,0.0
31,11,199,"<form action=""/Search"" method=""get"">",36,form,"['action=""/Search""', 'method=""get""']",0,0,0,0,0,0,0,0,0,0,0,1,0,0,0,0,0,0,0,2,0,0,0,0,0,0,0,,,,,,,,,0,0,0,0,0,0,0,0,,0,0,0,,0,0,0,0,0,,0,0,0,0,0,0,0,0,/Search,get,0,,,,0,0,0,0,0,0,0,0,0,,0,0,,0,0,0,0,0,0,0,0,0,0,0,0,0,,0,0,0,0,0,0,0 0 0 0 0 0 0 0 0 0 0 0 0 0 0 0 0 0 0 0 0 0 0 0 0 0 0 0 0 0 0 0 0 0 0 0 0 0 0 0 0 0 0 0 0 0 0 0 0 0 0 0 0 0 0,0.0
32,12,98,"<input class=""form-control"" id=""search-box"" name=""q"" placeholder=""Keyword"" type=""text"" value="""" />",98,input,"['class=""form-control""', 'id=""search-box""', 'name=""q""', 'placeholder=""Keyword""', 'type=""text""', 'value=""""']",0,0,0,0,0,0,0,0,0,0,0,0,0,0,0,0,0,0,0,1,0,0,0,0,0,0,0,,,,,q,,,form-control,0,0,0,0,0,0,0,0,,0,0,0,search-box,0,0,0,0,0,text,0,0,0,0,0,0,0,0,,,1,Keyword,,,0,0,0,0,0,0,0,0,0,,0,0,,0,0,0,0,0,0,0,0,0,0,0,0,0,,0,0,0,0,0,0,0 0 0 0 0 0 0 0 0 0 0 0 0 0 0 0 0 0 0 0 0 0 0 0 0 0 0 0 0 0 1 0 0 0 0 0 0 0 0 0 0 0 0 0 0 0 0 0 0 0 0 0 0 0 0,16777216.0
33,12,57,"<input id=""search-link"" type=""submit"" value=""Search"" />",55,input,"['id=""search-link""', 'type=""submit""', 'value=""Search""']",0,0,0,0,0,0,0,0,0,0,0,0,0,0,0,0,0,0,0,1,0,0,0,0,0,0,0,,,,,,,,,0,0,0,0,0,0,0,0,,0,0,0,search-link,0,0,0,0,0,submit,0,0,0,0,0,0,0,0,,,0,,Search,,0,0,0,0,0,0,0,0,0,,0,0,,0,0,0,0,0,0,0,0,0,0,0,0,0,,0,0,0,0,0,0,0 0 0 0 0 0 0 0 0 0 0 0 0 0 0 0 0 0 0 0 0 0 0 0 0 0 0 0 0 0 0 0 0 0 0 0 0 0 0 0 0 0 0 0 0 0 0 0 0 0 0 0 0 0 0,0.0
34,9,64,<li>,4,li,[],0,0,0,0,0,0,0,1,0,0,0,0,0,0,0,0,0,0,0,0,0,0,0,0,1,0,0,,,,,,,,,0,0,0,0,0,0,0,0,,0,0,0,,0,0,0,0,0,,0,0,0,0,0,0,0,0,,,0,,,,0,0,0,0,0,0,0,0,0,,0,0,,0,0,0,0,0,0,0,0,0,0,0,0,0,,0,0,0,0,0,0,0 0 0 0 0 0 0 0 0 0 0 0 0 0 0 0 0 0 0 0 0 0 0 0 0 0 0 0 0 0 0 0 0 0 0 0 0 0 0 0 0 0 0 0 0 0 0 0 0 0 0 0 0 0 0,0.0
35,10,53,"<a class=""head-link"" href=""/"" id=""home-link"">",45,a,"['class=""head-link""', 'href=""/""', 'id=""home-link""']",0,0,0,0,0,0,0,1,0,0,0,0,0,0,0,0,0,0,0,0,0,0,0,0,0,0,0,,,,,,/,,head-link,0,0,0,0,0,0,0,0,,0,0,1,home-link,0,0,0,0,0,,0,0,0,0,0,0,0,0,,,0,,,,0,0,0,0,0,0,0,0,0,,0,0,,0,0,0,0,0,0,0,0,0,0,0,0,0,,0,0,0,0,0,0,0 0 0 0 0 0 1 0 0 0 0 0 0 0 0 0 0 0 0 0 0 0 0 0 0 0 0 0 0 0 0 0 0 0 0 0 0 0 0 0 0 0 0 0 0 0 0 0 0 0 0 0 0 0 0,281474976710656.0
36,9,113,<li>,4,li,[],0,0,0,0,0,0,0,1,0,0,0,0,0,0,0,0,1,0,0,0,0,0,0,0,1,0,0,,,,,,,,,0,0,0,0,0,0,0,0,,0,0,0,,0,0,0,0,0,,0,0,0,0,0,0,0,0,,,0,,,,0,0,0,0,0,0,0,0,0,,0,0,,0,0,0,0,0,0,0,0,0,0,0,0,0,,0,0,0,0,0,0,0 0 0 0 0 0 0 0 0 0 0 0 0 0 0 0 0 0 0 0 0 0 0 0 0 0 0 0 0 0 0 0 0 0 0 0 0 0 0 0 0 0 0 0 0 0 0 0 0 0 0 0 0 0 0,0.0
37,10,100,"<a class=""head-link"" href=""/ShoppingCart"" id=""shopping-cart-link"" title="""">",75,a,"['class=""head-link""', 'href=""/ShoppingCart""', 'id=""shopping-cart-link""', 'title=""""']",0,0,0,0,0,0,0,1,0,0,0,0,0,0,0,0,1,0,0,0,0,0,0,0,0,0,0,,,,,,/ShoppingCart,,head-link,0,0,0,0,0,0,0,0,,0,0,1,shopping-cart-link,0,0,0,0,0,,0,0,0,0,0,0,0,0,,,0,,,,0,0,0,0,0,0,0,0,0,,0,0,,0,0,0,0,0,0,0,0,0,0,0,0,0,,0,0,0,0,0,0,0 0 0 0 0 0 1 0 0 0 0 0 0 0 0 0 0 0 0 0 0 0 0 0 0 0 0 0 0 0 0 0 0 0 0 0 0 0 0 0 0 0 0 0 0 0 0 0 0 0 0 0 0 0 0,281474976710656.0
38,11,17,<div>,5,div,[],0,0,0,0,0,0,0,0,0,0,0,0,0,0,0,0,1,0,0,0,0,0,0,0,0,0,0,,,,,,,,,0,0,0,0,0,0,0,0,,0,0,0,,0,0,0,0,0,,0,0,0,0,0,0,0,0,,,0,,,,0,0,0,0,0,0,0,0,0,,0,0,,0,0,0,0,0,0,0,0,0,0,0,0,0,,0,0,0,0,0,0,0 0 0 0 0 0 0 0 0 0 0 0 0 0 0 0 0 0 0 0 0 0 0 0 0 0 0 0 0 0 0 0 0 0 0 0 0 0 0 0 0 0 0 0 0 0 0 0 0 0 0 0 0 0 0,0.0
39,9,80,<li>,4,li,[],0,0,0,0,0,0,0,1,0,0,0,0,0,0,0,0,0,0,0,0,0,0,0,0,1,0,0,,,,,,,,,0,0,0,0,0,0,0,0,,0,0,0,,0,0,0,0,0,,0,0,0,0,0,0,0,0,,,0,,,,0,0,0,0,0,0,0,0,0,,0,0,,0,0,0,0,0,0,0,0,0,0,0,0,0,,0,0,0,0,0,0,0 0 0 0 0 0 0 0 0 0 0 0 0 0 0 0 0 0 0 0 0 0 0 0 0 0 0 0 0 0 0 0 0 0 0 0 0 0 0 0 0 0 0 0 0 0 0 0 0 0 0 0 0 0 0,0.0
40,10,69,"<a class=""head-link"" href=""/Account/Login"" id=""login-link"">",59,a,"['class=""head-link""', 'href=""/Account/Login""', 'id=""login-link""']",0,0,0,0,0,0,0,1,0,0,0,0,0,0,0,0,0,0,0,0,0,0,0,0,0,0,0,,,,,,/Account/Login,,head-link,0,0,0,0,0,0,0,0,,0,0,1,login-link,0,0,0,0,0,,0,0,0,0,0,0,0,0,,,0,,,,0,0,0,0,0,0,0,0,0,,0,0,,0,0,0,0,0,0,0,0,0,0,0,0,0,,0,0,0,0,0,0,0 0 0 0 0 0 1 0 0 0 0 0 0 0 0 0 0 0 0 0 0 0 0 0 0 0 0 0 0 0 0 0 0 0 0 0 0 0 0 0 0 0 0 0 0 0 0 0 0 0 0 0 0 0 0,281474976710656.0
41,9,656,"<li class=""dropdown visible-xs"">",32,li,"['class=""dropdown visible-xs""']",0,0,0,0,0,0,0,9,0,0,1,0,0,0,0,1,0,0,0,0,0,0,0,0,9,0,0,,,,,,,,dropdown visible-xs,0,0,0,0,0,0,0,0,,0,1,0,,0,0,0,0,0,,0,0,0,0,0,0,0,0,,,0,,,,1,0,0,0,0,0,0,0,0,,0,0,,0,0,0,0,0,0,0,0,0,0,0,0,0,,0,0,0,0,0,0,0 0 0 0 0 0 0 0 0 0 0 0 0 0 0 0 0 0 0 0 0 0 0 0 0 0 0 0 0 0 0 0 0 0 0 0 0 0 0 1 0 0 0 0 0 0 0 0 0 1 0 0 0 0 0,32800.0
42,10,115,"<a class=""dropdown-toggle head-link"" data-toggle=""dropdown"" href=""/Store"">",74,a,"['class=""dropdown-toggle head-link""', 'href=""/Store""']",0,0,0,0,0,0,0,1,0,0,0,0,0,0,0,1,0,0,0,0,0,0,0,0,0,0,0,,,,,,/Store,,dropdown-toggle head-link,0,0,0,0,0,0,0,0,,0,0,1,,0,0,0,0,0,,0,0,0,0,0,0,0,0,,,0,,,,0,1,0,0,0,0,0,0,0,,0,0,,0,0,0,0,0,0,0,0,0,0,0,0,0,,0,0,0,0,0,0,0 0 0 0 0 0 1 0 0 0 0 0 0 0 0 0 0 0 0 1 0 0 0 0 0 0 0 0 0 0 0 0 0 0 0 0 0 0 0 0 0 0 0 0 0 0 0 0 0 0 0 0 0 0 0,281509336449024.0
43,11,19,"<b class=""caret"" />",19,b,"['class=""caret""']",0,0,0,0,0,0,0,0,0,0,0,0,0,0,0,1,0,0,0,0,0,0,0,0,0,0,0,,,,,,,,caret,0,0,0,0,0,0,0,0,,0,0,0,,0,0,0,0,0,,0,0,0,0,0,0,0,0,,,0,,,,0,0,1,0,0,0,0,0,0,,0,0,,0,0,0,0,0,0,0,0,0,0,0,0,0,,0,0,0,0,0,0,0 0 0 0 0 0 0 1 0 0 0 0 0 0 0 0 0 0 0 0 0 0 0 0 0 0 0 0 0 0 0 0 0 0 0 0 0 0 0 0 0 0 0 0 0 0 0 0 0 0 0 0 0 0 0,140737488355328.0
44,10,500,"<ul class=""dropdown-menu"">",26,ul,"['class=""dropdown-menu""']",0,0,0,0,0,0,0,8,0,0,1,0,0,0,0,0,0,0,0,0,0,0,0,0,8,0,0,,,,,,,,dropdown-menu,0,0,0,0,0,0,0,0,,0,0,0,,0,0,0,0,0,,0,0,0,0,0,0,0,0,,,0,,,,0,0,0,1,0,0,0,0,0,,0,0,,0,0,0,0,0,0,0,0,0,0,0,0,0,,0,0,0,0,0,0,0 1 0 0 0 0 0 0 0 0 0 0 0 0 0 0 0 0 0 0 0 0 0 0 0 0 0 0 0 0 0 0 0 0 0 0 0 0 0 0 0 0 0 0 0 0 0 0 0 0 0 0 0 0 0,9007199254740992.0
45,11,58,<li>,4,li,[],0,0,0,0,0,0,0,1,0,0,0,0,0,0,0,0,0,0,0,0,0,0,0,0,1,0,0,,,,,,,,,0,0,0,0,0,0,0,0,,0,0,0,,0,0,0,0,0,,0,0,0,0,0,0,0,0,,,0,,,,0,0,0,0,0,0,0,0,0,,0,0,,0,0,0,0,0,0,0,0,0,0,0,0,0,,0,0,0,0,0,0,0 0 0 0 0 0 0 0 0 0 0 0 0 0 0 0 0 0 0 0 0 0 0 0 0 0 0 0 0 0 0 0 0 0 0 0 0 0 0 0 0 0 0 0 0 0 0 0 0 0 0 0 0 0 0,0.0
46,12,47,"<a href=""/Store/Browse?CategoryId=1"">",37,a,"['href=""/Store/Browse?CategoryId=1""']",0,0,0,0,0,0,0,1,0,0,0,0,0,0,0,0,0,0,0,0,0,0,0,0,0,0,0,,,,,,/Store/Browse?CategoryId=1,,,0,0,0,0,0,0,0,0,,0,0,0,,0,0,0,0,0,,0,0,0,0,0,0,0,0,,,0,,,,0,0,0,0,0,0,0,0,0,,0,0,,0,0,0,0,0,0,0,0,0,0,0,0,0,,0,0,0,0,0,0,0 0 0 0 0 0 0 0 0 0 0 0 0 0 0 0 0 0 0 0 0 0 0 0 0 0 0 0 0 0 0 0 0 0 0 0 0 0 0 0 0 0 0 0 0 0 0 0 0 0 0 0 0 0 0,0.0
47,11,60,<li>,4,li,[],0,0,0,0,0,0,0,1,0,0,0,0,0,0,0,0,0,0,0,0,0,0,0,0,1,0,0,,,,,,,,,0,0,0,0,0,0,0,0,,0,0,0,,0,0,0,0,0,,0,0,0,0,0,0,0,0,,,0,,,,0,0,0,0,0,0,0,0,0,,0,0,,0,0,0,0,0,0,0,0,0,0,0,0,0,,0,0,0,0,0,0,0 0 0 0 0 0 0 0 0 0 0 0 0 0 0 0 0 0 0 0 0 0 0 0 0 0 0 0 0 0 0 0 0 0 0 0 0 0 0 0 0 0 0 0 0 0 0 0 0 0 0 0 0 0 0,0.0
48,12,49,"<a href=""/Store/Browse?CategoryId=2"">",37,a,"['href=""/Store/Browse?CategoryId=2""']",0,0,0,0,0,0,0,1,0,0,0,0,0,0,0,0,0,0,0,0,0,0,0,0,0,0,0,,,,,,/Store/Browse?CategoryId=2,,,0,0,0,0,0,0,0,0,,0,0,0,,0,0,0,0,0,,0,0,0,0,0,0,0,0,,,0,,,,0,0,0,0,0,0,0,0,0,,0,0,,0,0,0,0,0,0,0,0,0,0,0,0,0,,0,0,0,0,0,0,0 0 0 0 0 0 0 0 0 0 0 0 0 0 0 0 0 0 0 0 0 0 0 0 0 0 0 0 0 0 0 0 0 0 0 0 0 0 0 0 0 0 0 0 0 0 0 0 0 0 0 0 0 0 0,0.0
49,11,70,<li>,4,li,[],0,0,0,0,0,0,0,1,0,0,0,0,0,0,0,0,0,0,0,0,0,0,0,0,1,0,0,,,,,,,,,0,0,0,0,0,0,0,0,,0,0,0,,0,0,0,0,0,,0,0,0,0,0,0,0,0,,,0,,,,0,0,0,0,0,0,0,0,0,,0,0,,0,0,0,0,0,0,0,0,0,0,0,0,0,,0,0,0,0,0,0,0 0 0 0 0 0 0 0 0 0 0 0 0 0 0 0 0 0 0 0 0 0 0 0 0 0 0 0 0 0 0 0 0 0 0 0 0 0 0 0 0 0 0 0 0 0 0 0 0 0 0 0 0 0 0,0.0
50,12,59,"<a href=""/Store/Browse?CategoryId=3"">",37,a,"['href=""/Store/Browse?CategoryId=3""']",0,0,0,0,0,0,0,1,0,0,0,0,0,0,0,0,0,0,0,0,0,0,0,0,0,0,0,,,,,,/Store/Browse?CategoryId=3,,,0,0,0,0,0,0,0,0,,0,0,0,,0,0,0,0,0,,0,0,0,0,0,0,0,0,,,0,,,,0,0,0,0,0,0,0,0,0,,0,0,,0,0,0,0,0,0,0,0,0,0,0,0,0,,0,0,0,0,0,0,0 0 0 0 0 0 0 0 0 0 0 0 0 0 0 0 0 0 0 0 0 0 0 0 0 0 0 0 0 0 0 0 0 0 0 0 0 0 0 0 0 0 0 0 0 0 0 0 0 0 0 0 0 0 0,0.0
51,11,61,<li>,4,li,[],0,0,0,0,0,0,0,1,0,0,0,0,0,0,0,0,0,0,0,0,0,0,0,0,1,0,0,,,,,,,,,0,0,0,0,0,0,0,0,,0,0,0,,0,0,0,0,0,,0,0,0,0,0,0,0,0,,,0,,,,0,0,0,0,0,0,0,0,0,,0,0,,0,0,0,0,0,0,0,0,0,0,0,0,0,,0,0,0,0,0,0,0 0 0 0 0 0 0 0 0 0 0 0 0 0 0 0 0 0 0 0 0 0 0 0 0 0 0 0 0 0 0 0 0 0 0 0 0 0 0 0 0 0 0 0 0 0 0 0 0 0 0 0 0 0 0,0.0
52,12,50,"<a href=""/Store/Browse?CategoryId=4"">",37,a,"['href=""/Store/Browse?CategoryId=4""']",0,0,0,0,0,0,0,1,0,0,0,0,0,0,0,0,0,0,0,0,0,0,0,0,0,0,0,,,,,,/Store/Browse?CategoryId=4,,,0,0,0,0,0,0,0,0,,0,0,0,,0,0,0,0,0,,0,0,0,0,0,0,0,0,,,0,,,,0,0,0,0,0,0,0,0,0,,0,0,,0,0,0,0,0,0,0,0,0,0,0,0,0,,0,0,0,0,0,0,0 0 0 0 0 0 0 0 0 0 0 0 0 0 0 0 0 0 0 0 0 0 0 0 0 0 0 0 0 0 0 0 0 0 0 0 0 0 0 0 0 0 0 0 0 0 0 0 0 0 0 0 0 0 0,0.0
53,11,63,<li>,4,li,[],0,0,0,0,0,0,0,1,0,0,0,0,0,0,0,0,0,0,0,0,0,0,0,0,1,0,0,,,,,,,,,0,0,0,0,0,0,0,0,,0,0,0,,0,0,0,0,0,,0,0,0,0,0,0,0,0,,,0,,,,0,0,0,0,0,0,0,0,0,,0,0,,0,0,0,0,0,0,0,0,0,0,0,0,0,,0,0,0,0,0,0,0 0 0 0 0 0 0 0 0 0 0 0 0 0 0 0 0 0 0 0 0 0 0 0 0 0 0 0 0 0 0 0 0 0 0 0 0 0 0 0 0 0 0 0 0 0 0 0 0 0 0 0 0 0 0,0.0
54,12,52,"<a href=""/Store/Browse?CategoryId=5"">",37,a,"['href=""/Store/Browse?CategoryId=5""']",0,0,0,0,0,0,0,1,0,0,0,0,0,0,0,0,0,0,0,0,0,0,0,0,0,0,0,,,,,,/Store/Browse?CategoryId=5,,,0,0,0,0,0,0,0,0,,0,0,0,,0,0,0,0,0,,0,0,0,0,0,0,0,0,,,0,,,,0,0,0,0,0,0,0,0,0,,0,0,,0,0,0,0,0,0,0,0,0,0,0,0,0,,0,0,0,0,0,0,0 0 0 0 0 0 0 0 0 0 0 0 0 0 0 0 0 0 0 0 0 0 0 0 0 0 0 0 0 0 0 0 0 0 0 0 0 0 0 0 0 0 0 0 0 0 0 0 0 0 0 0 0 0 0,0.0
55,11,62,<li>,4,li,[],0,0,0,0,0,0,0,1,0,0,0,0,0,0,0,0,0,0,0,0,0,0,0,0,1,0,0,,,,,,,,,0,0,0,0,0,0,0,0,,0,0,0,,0,0,0,0,0,,0,0,0,0,0,0,0,0,,,0,,,,0,0,0,0,0,0,0,0,0,,0,0,,0,0,0,0,0,0,0,0,0,0,0,0,0,,0,0,0,0,0,0,0 0 0 0 0 0 0 0 0 0 0 0 0 0 0 0 0 0 0 0 0 0 0 0 0 0 0 0 0 0 0 0 0 0 0 0 0 0 0 0 0 0 0 0 0 0 0 0 0 0 0 0 0 0 0,0.0
56,12,51,"<a href=""/Store/Browse?CategoryId=6"">",37,a,"['href=""/Store/Browse?CategoryId=6""']",0,0,0,0,0,0,0,1,0,0,0,0,0,0,0,0,0,0,0,0,0,0,0,0,0,0,0,,,,,,/Store/Browse?CategoryId=6,,,0,0,0,0,0,0,0,0,,0,0,0,,0,0,0,0,0,,0,0,0,0,0,0,0,0,,,0,,,,0,0,0,0,0,0,0,0,0,,0,0,,0,0,0,0,0,0,0,0,0,0,0,0,0,,0,0,0,0,0,0,0 0 0 0 0 0 0 0 0 0 0 0 0 0 0 0 0 0 0 0 0 0 0 0 0 0 0 0 0 0 0 0 0 0 0 0 0 0 0 0 0 0 0 0 0 0 0 0 0 0 0 0 0 0 0,0.0
57,11,55,<li>,4,li,[],0,0,0,0,0,0,0,1,0,0,0,0,0,0,0,0,0,0,0,0,0,0,0,0,1,0,0,,,,,,,,,0,0,0,0,0,0,0,0,,0,0,0,,0,0,0,0,0,,0,0,0,0,0,0,0,0,,,0,,,,0,0,0,0,0,0,0,0,0,,0,0,,0,0,0,0,0,0,0,0,0,0,0,0,0,,0,0,0,0,0,0,0 0 0 0 0 0 0 0 0 0 0 0 0 0 0 0 0 0 0 0 0 0 0 0 0 0 0 0 0 0 0 0 0 0 0 0 0 0 0 0 0 0 0 0 0 0 0 0 0 0 0 0 0 0 0,0.0
58,12,44,"<a href=""/Store/Browse?CategoryId=7"">",37,a,"['href=""/Store/Browse?CategoryId=7""']",0,0,0,0,0,0,0,1,0,0,0,0,0,0,0,0,0,0,0,0,0,0,0,0,0,0,0,,,,,,/Store/Browse?CategoryId=7,,,0,0,0,0,0,0,0,0,,0,0,0,,0,0,0,0,0,,0,0,0,0,0,0,0,0,,,0,,,,0,0,0,0,0,0,0,0,0,,0,0,,0,0,0,0,0,0,0,0,0,0,0,0,0,,0,0,0,0,0,0,0 0 0 0 0 0 0 0 0 0 0 0 0 0 0 0 0 0 0 0 0 0 0 0 0 0 0 0 0 0 0 0 0 0 0 0 0 0 0 0 0 0 0 0 0 0 0 0 0 0 0 0 0 0 0,0.0
59,11,36,<li>,4,li,[],0,0,0,0,0,0,0,1,0,0,0,0,0,0,0,0,0,0,0,0,0,0,0,0,1,0,0,,,,,,,,,0,0,0,0,0,0,0,0,,0,0,0,,0,0,0,0,0,,0,0,0,0,0,0,0,0,,,0,,,,0,0,0,0,0,0,0,0,0,,0,0,,0,0,0,0,0,0,0,0,0,0,0,0,0,,0,0,0,0,0,0,0 0 0 0 0 0 0 0 0 0 0 0 0 0 0 0 0 0 0 0 0 0 0 0 0 0 0 0 0 0 0 0 0 0 0 0 0 0 0 0 0 0 0 0 0 0 0 0 0 0 0 0 0 0 0,0.0
60,12,25,"<a href=""/Store"">",17,a,"['href=""/Store""']",0,0,0,0,0,0,0,1,0,0,0,0,0,0,0,0,0,0,0,0,0,0,0,0,0,0,0,,,,,,/Store,,,0,0,0,0,0,0,0,0,,0,0,0,,0,0,0,0,0,,0,0,0,0,0,0,0,0,,,0,,,,0,0,0,0,0,0,0,0,0,,0,0,,0,0,0,0,0,0,0,0,0,0,0,0,0,,0,0,0,0,0,0,0 0 0 0 0 0 0 0 0 0 0 0 0 0 0 0 0 0 0 0 0 0 0 0 0 0 0 0 0 0 0 0 0 0 0 0 0 0 0 0 0 0 0 0 0 0 0 0 0 0 0 0 0 0 0,0.0
61,4,581,"<div class=""category-menu"">",27,div,"['class=""category-menu""']",0,0,0,0,0,0,0,8,0,0,1,0,0,0,0,0,3,0,0,0,0,0,0,0,8,0,0,,,,,,,,category-menu,0,0,0,0,0,0,0,0,,0,0,0,,0,0,0,0,0,,0,0,0,0,0,0,0,0,,,0,,,,0,0,0,0,1,0,0,0,0,,0,0,,0,0,0,0,0,0,0,0,0,0,0,0,0,,0,0,0,0,0,0,0 0 0 0 0 0 0 0 0 0 0 0 0 0 0 0 0 0 0 0 0 0 0 0 0 0 0 0 0 0 0 0 0 0 0 0 0 0 0 0 0 1 0 0 0 0 0 0 0 0 0 0 0 0 0,8192.0
62,5,544,"<div class=""container"">",23,div,"['class=""container""']",0,0,0,0,0,0,0,8,0,0,1,0,0,0,0,0,2,0,0,0,0,0,0,0,8,0,0,,,,,,,,container,0,0,1,0,0,0,0,0,,0,0,0,,0,0,0,0,0,,0,0,0,0,0,0,0,0,,,0,,,,0,0,0,0,0,0,0,0,0,,0,0,,0,0,0,0,0,0,0,0,0,0,0,0,0,,0,0,0,0,0,0,0 0 0 0 0 0 0 0 0 0 0 0 0 0 0 0 0 0 0 0 0 0 0 0 0 0 0 0 0 0 0 0 0 0 0 0 0 0 0 0 0 0 0 0 0 0 0 0 0 0 0 0 0 0 1,1.0
63,6,511,"<div class=""hidden-xs"">",23,div,"['class=""hidden-xs""']",0,0,0,0,0,0,0,8,0,0,1,0,0,0,0,0,1,0,0,0,0,0,0,0,8,0,0,,,,,,,,hidden-xs,0,0,0,0,0,0,0,0,,0,0,0,,0,0,0,0,0,,0,0,0,0,0,0,0,1,,,0,,,,0,0,0,0,0,0,0,0,0,,0,0,,0,0,0,0,0,0,0,0,0,0,0,0,0,,0,0,0,0,0,0,0 0 0 0 0 0 0 0 0 0 0 0 0 0 0 0 0 0 0 0 0 0 0 0 0 1 0 0 0 0 0 0 0 0 0 0 0 0 0 0 0 0 0 0 0 0 0 0 0 0 0 0 0 0 0,536870912.0
64,7,478,<ul>,4,ul,[],0,0,0,0,0,0,0,8,0,0,1,0,0,0,0,0,0,0,0,0,0,0,0,0,8,0,0,,,,,,,,,0,0,0,0,0,0,0,0,,0,0,0,,0,0,0,0,0,,0,0,0,0,0,0,0,0,,,0,,,,0,0,0,0,0,0,0,0,0,,0,0,,0,0,0,0,0,0,0,0,0,0,0,0,0,,0,0,0,0,0,0,0 0 0 0 0 0 0 0 0 0 0 0 0 0 0 0 0 0 0 0 0 0 0 0 0 0 0 0 0 0 0 0 0 0 0 0 0 0 0 0 0 0 0 0 0 0 0 0 0 0 0 0 0 0 0,0.0
65,8,58,<li>,4,li,[],0,0,0,0,0,0,0,1,0,0,0,0,0,0,0,0,0,0,0,0,0,0,0,0,1,0,0,,,,,,,,,0,0,0,0,0,0,0,0,,0,0,0,,0,0,0,0,0,,0,0,0,0,0,0,0,0,,,0,,,,0,0,0,0,0,0,0,0,0,,0,0,,0,0,0,0,0,0,0,0,0,0,0,0,0,,0,0,0,0,0,0,0 0 0 0 0 0 0 0 0 0 0 0 0 0 0 0 0 0 0 0 0 0 0 0 0 0 0 0 0 0 0 0 0 0 0 0 0 0 0 0 0 0 0 0 0 0 0 0 0 0 0 0 0 0 0,0.0
66,9,47,"<a href=""/Store/Browse?CategoryId=1"">",37,a,"['href=""/Store/Browse?CategoryId=1""']",0,0,0,0,0,0,0,1,0,0,0,0,0,0,0,0,0,0,0,0,0,0,0,0,0,0,0,,,,,,/Store/Browse?CategoryId=1,,,0,0,0,0,0,0,0,0,,0,0,0,,0,0,0,0,0,,0,0,0,0,0,0,0,0,,,0,,,,0,0,0,0,0,0,0,0,0,,0,0,,0,0,0,0,0,0,0,0,0,0,0,0,0,,0,0,0,0,0,0,0 0 0 0 0 0 0 0 0 0 0 0 0 0 0 0 0 0 0 0 0 0 0 0 0 0 0 0 0 0 0 0 0 0 0 0 0 0 0 0 0 0 0 0 0 0 0 0 0 0 0 0 0 0 0,0.0
67,8,60,<li>,4,li,[],0,0,0,0,0,0,0,1,0,0,0,0,0,0,0,0,0,0,0,0,0,0,0,0,1,0,0,,,,,,,,,0,0,0,0,0,0,0,0,,0,0,0,,0,0,0,0,0,,0,0,0,0,0,0,0,0,,,0,,,,0,0,0,0,0,0,0,0,0,,0,0,,0,0,0,0,0,0,0,0,0,0,0,0,0,,0,0,0,0,0,0,0 0 0 0 0 0 0 0 0 0 0 0 0 0 0 0 0 0 0 0 0 0 0 0 0 0 0 0 0 0 0 0 0 0 0 0 0 0 0 0 0 0 0 0 0 0 0 0 0 0 0 0 0 0 0,0.0
68,9,49,"<a href=""/Store/Browse?CategoryId=2"">",37,a,"['href=""/Store/Browse?CategoryId=2""']",0,0,0,0,0,0,0,1,0,0,0,0,0,0,0,0,0,0,0,0,0,0,0,0,0,0,0,,,,,,/Store/Browse?CategoryId=2,,,0,0,0,0,0,0,0,0,,0,0,0,,0,0,0,0,0,,0,0,0,0,0,0,0,0,,,0,,,,0,0,0,0,0,0,0,0,0,,0,0,,0,0,0,0,0,0,0,0,0,0,0,0,0,,0,0,0,0,0,0,0 0 0 0 0 0 0 0 0 0 0 0 0 0 0 0 0 0 0 0 0 0 0 0 0 0 0 0 0 0 0 0 0 0 0 0 0 0 0 0 0 0 0 0 0 0 0 0 0 0 0 0 0 0 0,0.0
69,8,70,<li>,4,li,[],0,0,0,0,0,0,0,1,0,0,0,0,0,0,0,0,0,0,0,0,0,0,0,0,1,0,0,,,,,,,,,0,0,0,0,0,0,0,0,,0,0,0,,0,0,0,0,0,,0,0,0,0,0,0,0,0,,,0,,,,0,0,0,0,0,0,0,0,0,,0,0,,0,0,0,0,0,0,0,0,0,0,0,0,0,,0,0,0,0,0,0,0 0 0 0 0 0 0 0 0 0 0 0 0 0 0 0 0 0 0 0 0 0 0 0 0 0 0 0 0 0 0 0 0 0 0 0 0 0 0 0 0 0 0 0 0 0 0 0 0 0 0 0 0 0 0,0.0
70,9,59,"<a href=""/Store/Browse?CategoryId=3"">",37,a,"['href=""/Store/Browse?CategoryId=3""']",0,0,0,0,0,0,0,1,0,0,0,0,0,0,0,0,0,0,0,0,0,0,0,0,0,0,0,,,,,,/Store/Browse?CategoryId=3,,,0,0,0,0,0,0,0,0,,0,0,0,,0,0,0,0,0,,0,0,0,0,0,0,0,0,,,0,,,,0,0,0,0,0,0,0,0,0,,0,0,,0,0,0,0,0,0,0,0,0,0,0,0,0,,0,0,0,0,0,0,0 0 0 0 0 0 0 0 0 0 0 0 0 0 0 0 0 0 0 0 0 0 0 0 0 0 0 0 0 0 0 0 0 0 0 0 0 0 0 0 0 0 0 0 0 0 0 0 0 0 0 0 0 0 0,0.0
71,8,61,<li>,4,li,[],0,0,0,0,0,0,0,1,0,0,0,0,0,0,0,0,0,0,0,0,0,0,0,0,1,0,0,,,,,,,,,0,0,0,0,0,0,0,0,,0,0,0,,0,0,0,0,0,,0,0,0,0,0,0,0,0,,,0,,,,0,0,0,0,0,0,0,0,0,,0,0,,0,0,0,0,0,0,0,0,0,0,0,0,0,,0,0,0,0,0,0,0 0 0 0 0 0 0 0 0 0 0 0 0 0 0 0 0 0 0 0 0 0 0 0 0 0 0 0 0 0 0 0 0 0 0 0 0 0 0 0 0 0 0 0 0 0 0 0 0 0 0 0 0 0 0,0.0
72,9,50,"<a href=""/Store/Browse?CategoryId=4"">",37,a,"['href=""/Store/Browse?CategoryId=4""']",0,0,0,0,0,0,0,1,0,0,0,0,0,0,0,0,0,0,0,0,0,0,0,0,0,0,0,,,,,,/Store/Browse?CategoryId=4,,,0,0,0,0,0,0,0,0,,0,0,0,,0,0,0,0,0,,0,0,0,0,0,0,0,0,,,0,,,,0,0,0,0,0,0,0,0,0,,0,0,,0,0,0,0,0,0,0,0,0,0,0,0,0,,0,0,0,0,0,0,0 0 0 0 0 0 0 0 0 0 0 0 0 0 0 0 0 0 0 0 0 0 0 0 0 0 0 0 0 0 0 0 0 0 0 0 0 0 0 0 0 0 0 0 0 0 0 0 0 0 0 0 0 0 0,0.0
73,8,63,<li>,4,li,[],0,0,0,0,0,0,0,1,0,0,0,0,0,0,0,0,0,0,0,0,0,0,0,0,1,0,0,,,,,,,,,0,0,0,0,0,0,0,0,,0,0,0,,0,0,0,0,0,,0,0,0,0,0,0,0,0,,,0,,,,0,0,0,0,0,0,0,0,0,,0,0,,0,0,0,0,0,0,0,0,0,0,0,0,0,,0,0,0,0,0,0,0 0 0 0 0 0 0 0 0 0 0 0 0 0 0 0 0 0 0 0 0 0 0 0 0 0 0 0 0 0 0 0 0 0 0 0 0 0 0 0 0 0 0 0 0 0 0 0 0 0 0 0 0 0 0,0.0
74,9,52,"<a href=""/Store/Browse?CategoryId=5"">",37,a,"['href=""/Store/Browse?CategoryId=5""']",0,0,0,0,0,0,0,1,0,0,0,0,0,0,0,0,0,0,0,0,0,0,0,0,0,0,0,,,,,,/Store/Browse?CategoryId=5,,,0,0,0,0,0,0,0,0,,0,0,0,,0,0,0,0,0,,0,0,0,0,0,0,0,0,,,0,,,,0,0,0,0,0,0,0,0,0,,0,0,,0,0,0,0,0,0,0,0,0,0,0,0,0,,0,0,0,0,0,0,0 0 0 0 0 0 0 0 0 0 0 0 0 0 0 0 0 0 0 0 0 0 0 0 0 0 0 0 0 0 0 0 0 0 0 0 0 0 0 0 0 0 0 0 0 0 0 0 0 0 0 0 0 0 0,0.0
75,8,62,<li>,4,li,[],0,0,0,0,0,0,0,1,0,0,0,0,0,0,0,0,0,0,0,0,0,0,0,0,1,0,0,,,,,,,,,0,0,0,0,0,0,0,0,,0,0,0,,0,0,0,0,0,,0,0,0,0,0,0,0,0,,,0,,,,0,0,0,0,0,0,0,0,0,,0,0,,0,0,0,0,0,0,0,0,0,0,0,0,0,,0,0,0,0,0,0,0 0 0 0 0 0 0 0 0 0 0 0 0 0 0 0 0 0 0 0 0 0 0 0 0 0 0 0 0 0 0 0 0 0 0 0 0 0 0 0 0 0 0 0 0 0 0 0 0 0 0 0 0 0 0,0.0
76,9,51,"<a href=""/Store/Browse?CategoryId=6"">",37,a,"['href=""/Store/Browse?CategoryId=6""']",0,0,0,0,0,0,0,1,0,0,0,0,0,0,0,0,0,0,0,0,0,0,0,0,0,0,0,,,,,,/Store/Browse?CategoryId=6,,,0,0,0,0,0,0,0,0,,0,0,0,,0,0,0,0,0,,0,0,0,0,0,0,0,0,,,0,,,,0,0,0,0,0,0,0,0,0,,0,0,,0,0,0,0,0,0,0,0,0,0,0,0,0,,0,0,0,0,0,0,0 0 0 0 0 0 0 0 0 0 0 0 0 0 0 0 0 0 0 0 0 0 0 0 0 0 0 0 0 0 0 0 0 0 0 0 0 0 0 0 0 0 0 0 0 0 0 0 0 0 0 0 0 0 0,0.0
77,8,55,<li>,4,li,[],0,0,0,0,0,0,0,1,0,0,0,0,0,0,0,0,0,0,0,0,0,0,0,0,1,0,0,,,,,,,,,0,0,0,0,0,0,0,0,,0,0,0,,0,0,0,0,0,,0,0,0,0,0,0,0,0,,,0,,,,0,0,0,0,0,0,0,0,0,,0,0,,0,0,0,0,0,0,0,0,0,0,0,0,0,,0,0,0,0,0,0,0 0 0 0 0 0 0 0 0 0 0 0 0 0 0 0 0 0 0 0 0 0 0 0 0 0 0 0 0 0 0 0 0 0 0 0 0 0 0 0 0 0 0 0 0 0 0 0 0 0 0 0 0 0 0,0.0
78,9,44,"<a href=""/Store/Browse?CategoryId=7"">",37,a,"['href=""/Store/Browse?CategoryId=7""']",0,0,0,0,0,0,0,1,0,0,0,0,0,0,0,0,0,0,0,0,0,0,0,0,0,0,0,,,,,,/Store/Browse?CategoryId=7,,,0,0,0,0,0,0,0,0,,0,0,0,,0,0,0,0,0,,0,0,0,0,0,0,0,0,,,0,,,,0,0,0,0,0,0,0,0,0,,0,0,,0,0,0,0,0,0,0,0,0,0,0,0,0,,0,0,0,0,0,0,0 0 0 0 0 0 0 0 0 0 0 0 0 0 0 0 0 0 0 0 0 0 0 0 0 0 0 0 0 0 0 0 0 0 0 0 0 0 0 0 0 0 0 0 0 0 0 0 0 0 0 0 0 0 0,0.0
79,8,36,<li>,4,li,[],0,0,0,0,0,0,0,1,0,0,0,0,0,0,0,0,0,0,0,0,0,0,0,0,1,0,0,,,,,,,,,0,0,0,0,0,0,0,0,,0,0,0,,0,0,0,0,0,,0,0,0,0,0,0,0,0,,,0,,,,0,0,0,0,0,0,0,0,0,,0,0,,0,0,0,0,0,0,0,0,0,0,0,0,0,,0,0,0,0,0,0,0 0 0 0 0 0 0 0 0 0 0 0 0 0 0 0 0 0 0 0 0 0 0 0 0 0 0 0 0 0 0 0 0 0 0 0 0 0 0 0 0 0 0 0 0 0 0 0 0 0 0 0 0 0 0,0.0
80,9,25,"<a href=""/Store"">",17,a,"['href=""/Store""']",0,0,0,0,0,0,0,1,0,0,0,0,0,0,0,0,0,0,0,0,0,0,0,0,0,0,0,,,,,,/Store,,,0,0,0,0,0,0,0,0,,0,0,0,,0,0,0,0,0,,0,0,0,0,0,0,0,0,,,0,,,,0,0,0,0,0,0,0,0,0,,0,0,,0,0,0,0,0,0,0,0,0,0,0,0,0,,0,0,0,0,0,0,0 0 0 0 0 0 0 0 0 0 0 0 0 0 0 0 0 0 0 0 0 0 0 0 0 0 0 0 0 0 0 0 0 0 0 0 0 0 0 0 0 0 0 0 0 0 0 0 0 0 0 0 0 0 0,0.0
81,3,212,"<div class=""visible-xs search-box"">",35,div,"['class=""visible-xs search-box""']",0,0,0,0,0,0,0,0,0,0,0,1,0,0,0,0,1,0,0,2,0,0,0,0,0,0,0,,,,,,,,visible-xs search-box,0,0,0,0,0,0,0,0,,0,1,0,,0,0,0,0,0,,0,0,0,0,0,0,0,0,,,0,,,,0,0,0,0,0,1,0,0,0,,0,0,,0,0,0,0,0,0,0,0,0,0,0,0,0,,0,0,0,0,0,0,0 0 0 0 0 0 0 0 0 1 0 0 0 0 0 0 0 0 0 0 0 0 0 0 0 0 0 0 0 0 0 0 0 0 0 0 0 0 0 1 0 0 0 0 0 0 0 0 0 0 0 0 0 0 0,35184372121600.0
82,4,166,"<form action=""/Search"" method=""get"">",36,form,"['action=""/Search""', 'method=""get""']",0,0,0,0,0,0,0,0,0,0,0,1,0,0,0,0,0,0,0,2,0,0,0,0,0,0,0,,,,,,,,,0,0,0,0,0,0,0,0,,0,0,0,,0,0,0,0,0,,0,0,0,0,0,0,0,0,/Search,get,0,,,,0,0,0,0,0,0,0,0,0,,0,0,,0,0,0,0,0,0,0,0,0,0,0,0,0,,0,0,0,0,0,0,0 0 0 0 0 0 0 0 0 0 0 0 0 0 0 0 0 0 0 0 0 0 0 0 0 0 0 0 0 0 0 0 0 0 0 0 0 0 0 0 0 0 0 0 0 0 0 0 0 0 0 0 0 0 0,0.0
83,5,88,"<input class=""form-control"" id=""q"" name=""q"" placeholder=""Search"" type=""text"" value="""" />",88,input,"['class=""form-control""', 'id=""q""', 'name=""q""', 'placeholder=""Search""', 'type=""text""', 'value=""""']",0,0,0,0,0,0,0,0,0,0,0,0,0,0,0,0,0,0,0,1,0,0,0,0,0,0,0,,,,,q,,,form-control,0,0,0,0,0,0,0,0,,0,0,0,q,0,0,0,0,0,text,0,0,0,0,0,0,0,0,,,1,Search,,,0,0,0,0,0,0,0,0,0,,0,0,,0,0,0,0,0,0,0,0,0,0,0,0,0,,0,0,0,0,0,0,0 0 0 0 0 0 0 0 0 0 0 0 0 0 0 0 0 0 0 0 0 0 0 0 0 0 0 0 0 0 1 0 0 0 0 0 0 0 0 0 0 0 0 0 0 0 0 0 0 0 0 0 0 0 0,16777216.0
84,5,34,"<input type=""submit"" value="""" />",32,input,"['type=""submit""', 'value=""""']",0,0,0,0,0,0,0,0,0,0,0,0,0,0,0,0,0,0,0,1,0,0,0,0,0,0,0,,,,,,,,,0,0,0,0,0,0,0,0,,0,0,0,,0,0,0,0,0,submit,0,0,0,0,0,0,0,0,,,0,,,,0,0,0,0,0,0,0,0,0,,0,0,,0,0,0,0,0,0,0,0,0,0,0,0,0,,0,0,0,0,0,0,0 0 0 0 0 0 0 0 0 0 0 0 0 0 0 0 0 0 0 0 0 0 0 0 0 0 0 0 0 0 0 0 0 0 0 0 0 0 0 0 0 0 0 0 0 0 0 0 0 0 0 0 0 0 0,0.0
85,2,2560,"<div class=""container"">",23,div,"['class=""container""']",0,3,2,0,0,2,0,3,0,1,1,1,0,0,0,0,15,0,0,6,0,1,0,0,1,2,3,,,,,,,,container,0,0,1,0,0,0,0,0,,0,0,0,,0,0,0,0,0,,0,0,0,0,0,0,0,0,,,0,,,,0,0,0,0,0,0,0,0,0,,0,0,,0,0,0,0,0,0,0,0,0,0,0,0,0,,0,0,0,0,0,0,0 0 0 0 0 0 0 0 0 0 0 0 0 0 0 0 0 0 0 0 0 0 0 0 0 0 0 0 0 0 0 0 0 0 0 0 0 0 0 0 0 0 0 0 0 0 0 0 0 0 0 0 0 0 1,1.0
86,3,18,<h2>,4,h2,[],0,0,0,0,0,0,0,0,0,0,0,0,0,0,0,0,0,0,0,0,0,1,0,0,0,0,0,,,,,,,,,0,0,0,0,0,0,0,0,,0,0,0,,0,0,0,0,0,,0,0,0,0,0,0,0,0,,,0,,,,0,0,0,0,0,0,0,0,0,,0,0,,0,0,0,0,0,0,0,0,0,0,0,0,0,,0,0,0,0,0,0,0 0 0 0 0 0 0 0 0 0 0 0 0 0 0 0 0 0 0 0 0 0 0 0 0 0 0 0 0 0 0 0 0 0 0 0 0 0 0 0 0 0 0 0 0 0 0 0 0 0 0 0 0 0 0,0.0
87,3,2509,"<div class=""row"">",17,div,"['class=""row""']",0,3,2,0,0,2,0,3,0,1,1,1,0,0,0,0,14,0,0,6,0,0,0,0,1,2,3,,,,,,,,row,0,0,0,0,0,0,0,0,,0,0,0,,0,0,0,0,0,,0,0,0,0,0,0,0,0,,,0,,,,0,0,0,0,0,0,1,0,0,,0,0,,0,0,0,0,0,0,0,0,0,0,0,0,0,,0,0,0,0,0,0,0 0 0 0 0 0 0 0 0 0 0 0 0 0 0 0 0 0 0 0 0 0 0 0 0 0 0 0 0 0 0 1 0 0 0 0 0 0 0 0 0 0 0 0 0 0 0 0 0 0 0 0 0 0 0,8388608.0
88,4,2057,"<div class=""col-md-8"">",22,div,"['class=""col-md-8""']",0,2,1,0,0,1,0,2,0,1,1,1,0,0,0,0,11,0,0,6,0,0,0,0,1,2,3,,,,,,,,col-md-8,0,0,0,0,0,0,0,0,,0,0,0,,0,0,0,0,0,,0,0,0,0,0,0,0,0,,,0,,,,0,0,0,0,0,0,0,1,0,,0,0,,0,0,0,0,0,0,0,0,0,0,0,0,0,,0,0,0,0,0,0,0 0 0 0 0 0 0 0 0 0 0 0 0 0 0 0 0 0 0 0 0 0 0 0 0 0 0 0 0 0 0 0 0 0 0 0 0 1 0 0 0 0 0 0 0 0 0 0 0 0 0 0 0 0 0,131072.0
89,5,2025,"<section id=""loginForm"">",24,section,"['id=""loginForm""']",0,2,1,0,0,1,0,2,0,1,1,1,0,0,0,0,10,0,0,6,0,0,0,0,1,2,3,,,,,,,,,0,0,0,0,0,0,0,0,,0,0,0,loginForm,0,0,0,0,0,,0,0,0,0,0,0,0,0,,,0,,,,0,0,0,0,0,0,0,0,0,,0,0,,0,0,0,0,0,0,0,0,0,0,0,0,0,,0,0,0,0,0,0,0 0 0 0 0 0 0 0 0 0 0 0 0 0 0 0 0 0 0 0 0 0 0 0 0 0 0 0 0 0 0 0 0 0 0 0 0 0 0 0 0 0 0 0 0 0 0 0 0 0 0 0 0 0 0,0.0
90,6,1987,"<form action=""/Account/Login?returnurl=%2FManage"" class=""form-horizontal"" method=""post"" role=""form"">",100,form,"['action=""/Account/Login?returnurl=%2FManage""', 'class=""form-horizontal""', 'method=""post""', 'role=""form""']",0,2,1,0,0,0,0,2,0,1,1,1,0,0,0,0,10,0,0,6,0,0,0,0,1,2,3,,,,,,,,form-horizontal,0,0,0,0,0,0,0,0,,0,0,0,,0,0,0,0,0,,0,0,0,0,0,0,0,0,/Account/Login?returnurl=%2FManage,post,0,,,,0,0,0,0,0,0,0,0,1,form,0,0,,0,0,0,0,0,0,0,0,0,0,0,0,0,,0,0,0,0,0,0,0 0 0 0 0 0 0 0 0 0 0 0 0 0 0 0 0 0 0 0 0 0 0 1 0 0 0 0 0 0 0 0 0 0 0 0 0 0 0 0 0 0 0 0 0 0 0 0 0 0 0 0 0 0 0,2147483648.0
91,7,41,<h4>,4,h4,[],0,0,1,0,0,0,0,0,0,0,0,0,0,0,0,0,0,0,0,0,0,0,0,0,0,0,0,,,,,,,,,0,0,0,0,0,0,0,0,,0,0,0,,0,0,0,0,0,,0,0,0,0,0,0,0,0,,,0,,,,0,0,0,0,0,0,0,0,0,,0,0,,0,0,0,0,0,0,0,0,0,0,0,0,0,,0,0,0,0,0,0,0 0 0 0 0 0 0 0 0 0 0 0 0 0 0 0 0 0 0 0 0 0 0 0 0 0 0 0 0 0 0 0 0 0 0 0 0 0 0 0 0 0 0 0 0 0 0 0 0 0 0 0 0 0 0,0.0
92,7,8,<hr />,6,hr,[],0,0,0,0,0,0,0,0,0,1,0,0,0,0,0,0,0,0,0,0,0,0,0,0,0,0,0,,,,,,,,,0,0,0,0,0,0,0,0,,0,0,0,,0,0,0,0,0,,0,0,0,0,0,0,0,0,,,0,,,,0,0,0,0,0,0,0,0,0,,0,0,,0,0,0,0,0,0,0,0,0,0,0,0,0,,0,0,0,0,0,0,0 0 0 0 0 0 0 0 0 0 0 0 0 0 0 0 0 0 0 0 0 0 0 0 0 0 0 0 0 0 0 0 0 0 0 0 0 0 0 0 0 0 0 0 0 0 0 0 0 0 0 0 0 0 0,0.0
93,7,123,"<div class=""text-danger validation-summary-valid"" data-valmsg-summary=""true"">",77,div,"['class=""text-danger validation-summary-valid""']",0,0,0,0,0,0,0,0,0,0,1,0,0,0,0,0,1,0,0,0,0,0,0,0,1,0,0,,,,,,,,text-danger validation-summary-valid,0,0,0,0,0,0,0,0,,0,0,0,,0,0,0,0,0,,0,0,0,0,0,0,0,0,,,0,,,,0,0,0,0,0,0,0,0,0,,1,1,,0,0,0,0,0,0,0,0,0,0,0,0,0,,0,0,0,0,0,0,1 0 0 0 0 0 0 0 0 0 0 0 0 0 0 0 0 0 0 0 0 1 0 0 0 0 0 0 0 0 0 0 0 0 0 0 0 0 0 0 0 0 0 0 0 0 0 0 0 0 0 0 0 0 0,1.8014407099416576e+16
94,8,38,<ul>,4,ul,[],0,0,0,0,0,0,0,0,0,0,1,0,0,0,0,0,0,0,0,0,0,0,0,0,1,0,0,,,,,,,,,0,0,0,0,0,0,0,0,,0,0,0,,0,0,0,0,0,,0,0,0,0,0,0,0,0,,,0,,,,0,0,0,0,0,0,0,0,0,,0,0,,0,0,0,0,0,0,0,0,0,0,0,0,0,,0,0,0,0,0,0,0 0 0 0 0 0 0 0 0 0 0 0 0 0 0 0 0 0 0 0 0 0 0 0 0 0 0 0 0 0 0 0 0 0 0 0 0 0 0 0 0 0 0 0 0 0 0 0 0 0 0 0 0 0 0,0.0
95,9,29,"<li style=""display:none"" />",27,li,"['style=""display:none""']",0,0,0,0,0,0,0,0,0,0,0,0,0,0,0,0,0,0,0,0,0,0,0,0,1,0,0,,,,,,,,,0,0,0,0,0,0,0,0,,0,0,0,,0,0,0,0,0,,0,0,0,0,0,0,0,0,,,0,,,,0,0,0,0,0,0,0,0,0,,0,0,display:none,0,0,0,0,0,0,0,0,0,0,0,0,0,,0,0,0,0,0,0,0 0 0 0 0 0 0 0 0 0 0 0 0 0 0 0 0 0 0 0 0 0 0 0 0 0 0 0 0 0 0 0 0 0 0 0 0 0 0 0 0 0 0 0 0 0 0 0 0 0 0 0 0 0 0,0.0
96,7,443,"<div class=""form-group"">",24,div,"['class=""form-group""']",0,0,0,0,0,0,0,0,0,0,0,0,0,0,0,0,2,0,0,1,0,0,0,0,0,1,1,,,,,,,,form-group,0,0,0,0,0,0,0,0,,0,0,0,,0,0,0,0,0,,0,0,0,0,0,0,0,0,,,0,,,,0,0,0,0,0,0,0,0,0,,0,0,,1,0,0,0,0,0,0,0,0,0,0,0,0,,0,0,0,0,0,0,0 0 0 0 0 0 0 0 0 0 0 0 0 0 0 0 0 0 0 0 0 0 0 0 0 0 0 0 0 0 0 0 0 1 0 0 0 0 0 0 0 0 0 0 0 0 0 0 0 0 0 0 0 0 0,2097152.0
97,8,65,"<label class=""col-md-2 control-label"" for=""Email"">",50,label,"['class=""col-md-2 control-label""', 'for=""Email""']",0,0,0,0,0,0,0,0,0,0,0,0,0,0,0,0,0,0,0,0,0,0,0,0,0,0,1,Email,,,,,,,col-md-2 control-label,0,0,0,0,0,0,0,0,,0,0,0,,0,0,0,0,0,,0,0,0,0,0,0,0,0,,,0,,,,0,0,0,0,0,0,0,0,0,,0,0,,0,1,1,0,0,0,0,0,0,0,0,0,0,,0,0,0,0,0,0,0 0 0 0 0 0 0 0 0 0 0 1 0 0 0 0 0 0 0 0 0 0 0 0 0 0 0 0 0 0 0 0 0 0 0 0 0 0 0 0 0 0 0 0 0 1 0 0 0 0 0 0 0 0 0,8796093022720.0
98,8,344,"<div class=""col-md-10"">",23,div,"['class=""col-md-10""']",0,0,0,0,0,0,0,0,0,0,0,0,0,0,0,0,1,0,0,1,0,0,0,0,0,1,0,,,,,,,,col-md-10,0,0,0,0,0,0,0,0,,0,0,0,,0,0,0,0,0,,0,0,0,0,0,0,0,0,,,0,,,,0,0,0,0,0,0,0,0,0,,0,0,,0,0,0,1,0,0,0,0,0,0,0,0,0,,0,0,0,0,0,0,0 0 0 0 0 0 0 0 0 0 0 0 0 0 0 0 0 0 0 0 0 0 0 0 0 0 0 0 0 0 0 0 0 0 0 0 0 0 0 0 0 0 0 0 0 0 0 0 1 0 0 0 0 0 0,64.0
99,9,207,"<input class=""form-control"" data-val=""true"" data-val-email=""The Email field is not a valid e-mail address."" data-val-required=""The Email field is required."" id=""Email"" name=""Email"" type=""email"" value="""" />",205,input,"['class=""form-control""', 'id=""Email""', 'name=""Email""', 'type=""email""', 'value=""""']",0,0,0,0,0,0,0,0,0,0,0,0,0,0,0,0,0,0,0,1,0,0,0,0,0,0,0,,,,,Email,,,form-control,0,0,0,0,0,0,0,0,,0,0,0,Email,0,0,0,0,0,email,0,0,0,0,0,0,0,0,,,1,,,,0,0,0,0,0,0,0,0,0,,0,0,,0,0,0,0,0,0,0,0,0,0,0,0,0,,0,0,0,0,0,0,0 0 0 0 0 0 0 0 0 0 0 0 0 0 0 0 0 0 0 0 0 0 0 0 0 0 0 0 0 0 1 0 0 0 0 0 0 0 0 0 0 0 0 0 0 0 0 0 0 0 0 0 0 0 0,16777216.0
100,9,104,"<span class=""text-danger field-validation-valid"" data-valmsg-for=""Email"" data-valmsg-replace=""true"" />",102,span,"['class=""text-danger field-validation-valid""']",0,0,0,0,0,0,0,0,0,0,0,0,0,0,0,0,0,0,0,0,0,0,0,0,0,1,0,,,,,,,,text-danger field-validation-valid,0,0,0,0,0,0,0,0,,0,0,0,,0,0,0,0,0,,0,0,0,0,0,0,0,0,,,0,,,,0,0,0,0,0,0,0,0,0,,1,0,,0,0,0,0,1,0,0,0,0,0,0,0,0,,0,0,0,0,0,0,0 0 0 0 0 0 0 0 0 0 0 0 0 0 0 0 0 0 0 0 0 1 0 0 0 0 0 0 0 0 0 0 0 0 0 0 1 0 0 0 0 0 0 0 0 0 0 0 0 0 0 0 0 0 0,8590196736.0
101,7,391,"<div class=""form-group"">",24,div,"['class=""form-group""']",0,0,0,0,0,0,0,0,0,0,0,0,0,0,0,0,2,0,0,1,0,0,0,0,0,1,1,,,,,,,,form-group,0,0,0,0,0,0,0,0,,0,0,0,,0,0,0,0,0,,0,0,0,0,0,0,0,0,,,0,,,,0,0,0,0,0,0,0,0,0,,0,0,,1,0,0,0,0,0,0,0,0,0,0,0,0,,0,0,0,0,0,0,0 0 0 0 0 0 0 0 0 0 0 0 0 0 0 0 0 0 0 0 0 0 0 0 0 0 0 0 0 0 0 0 0 1 0 0 0 0 0 0 0 0 0 0 0 0 0 0 0 0 0 0 0 0 0,2097152.0
102,8,71,"<label class=""col-md-2 control-label"" for=""Password"">",53,label,"['class=""col-md-2 control-label""', 'for=""Password""']",0,0,0,0,0,0,0,0,0,0,0,0,0,0,0,0,0,0,0,0,0,0,0,0,0,0,1,Password,,,,,,,col-md-2 control-label,0,0,0,0,0,0,0,0,,0,0,0,,0,0,0,0,0,,0,0,0,0,0,0,0,0,,,0,,,,0,0,0,0,0,0,0,0,0,,0,0,,0,1,1,0,0,0,0,0,0,0,0,0,0,,0,0,0,0,0,0,0 0 0 0 0 0 0 0 0 0 0 1 0 0 0 0 0 0 0 0 0 0 0 0 0 0 0 0 0 0 0 0 0 0 0 0 0 0 0 0 0 0 0 0 0 1 0 0 0 0 0 0 0 0 0,8796093022720.0
103,8,286,"<div class=""col-md-10"">",23,div,"['class=""col-md-10""']",0,0,0,0,0,0,0,0,0,0,0,0,0,0,0,0,1,0,0,1,0,0,0,0,0,1,0,,,,,,,,col-md-10,0,0,0,0,0,0,0,0,,0,0,0,,0,0,0,0,0,,0,0,0,0,0,0,0,0,,,0,,,,0,0,0,0,0,0,0,0,0,,0,0,,0,0,0,1,0,0,0,0,0,0,0,0,0,,0,0,0,0,0,0,0 0 0 0 0 0 0 0 0 0 0 0 0 0 0 0 0 0 0 0 0 0 0 0 0 0 0 0 0 0 0 0 0 0 0 0 0 0 0 0 0 0 0 0 0 0 0 0 1 0 0 0 0 0 0,64.0
104,9,146,"<input class=""form-control"" data-val=""true"" data-val-required=""The Password field is required."" id=""Password"" name=""Password"" type=""password"" />",144,input,"['class=""form-control""', 'id=""Password""', 'name=""Password""', 'type=""password""']",0,0,0,0,0,0,0,0,0,0,0,0,0,0,0,0,0,0,0,1,0,0,0,0,0,0,0,,,,,Password,,,form-control,0,0,0,0,0,0,0,0,,0,0,0,Password,0,0,0,0,0,password,0,0,0,0,0,0,0,0,,,1,,,,0,0,0,0,0,0,0,0,0,,0,0,,0,0,0,0,0,0,0,0,0,0,0,0,0,,0,0,0,0,0,0,0 0 0 0 0 0 0 0 0 0 0 0 0 0 0 0 0 0 0 0 0 0 0 0 0 0 0 0 0 0 1 0 0 0 0 0 0 0 0 0 0 0 0 0 0 0 0 0 0 0 0 0 0 0 0,16777216.0
105,9,107,"<span class=""text-danger field-validation-valid"" data-valmsg-for=""Password"" data-valmsg-replace=""true"" />",105,span,"['class=""text-danger field-validation-valid""']",0,0,0,0,0,0,0,0,0,0,0,0,0,0,0,0,0,0,0,0,0,0,0,0,0,1,0,,,,,,,,text-danger field-validation-valid,0,0,0,0,0,0,0,0,,0,0,0,,0,0,0,0,0,,0,0,0,0,0,0,0,0,,,0,,,,0,0,0,0,0,0,0,0,0,,1,0,,0,0,0,0,1,0,0,0,0,0,0,0,0,,0,0,0,0,0,0,0 0 0 0 0 0 0 0 0 0 0 0 0 0 0 0 0 0 0 0 0 1 0 0 0 0 0 0 0 0 0 0 0 0 0 0 1 0 0 0 0 0 0 0 0 0 0 0 0 0 0 0 0 0 0,8590196736.0
106,7,307,"<div class=""form-group"">",24,div,"['class=""form-group""']",0,0,0,0,0,0,0,0,0,0,0,0,0,0,0,0,3,0,0,1,0,0,0,0,0,0,1,,,,,,,,form-group,0,0,0,0,0,0,0,0,,0,0,0,,0,0,0,0,0,,0,0,0,0,0,0,0,0,,,0,,,,0,0,0,0,0,0,0,0,0,,0,0,,1,0,0,0,0,0,0,0,0,0,0,0,0,,0,0,0,0,0,0,0 0 0 0 0 0 0 0 0 0 0 0 0 0 0 0 0 0 0 0 0 0 0 0 0 0 0 0 0 0 0 0 0 1 0 0 0 0 0 0 0 0 0 0 0 0 0 0 0 0 0 0 0 0 0,2097152.0
107,8,273,"<div class=""col-md-offset-2 col-md-10"">",39,div,"['class=""col-md-offset-2 col-md-10""']",0,0,0,0,0,0,0,0,0,0,0,0,0,0,0,0,2,0,0,1,0,0,0,0,0,0,1,,,,,,,,col-md-offset-2 col-md-10,0,0,0,0,0,0,0,0,,0,0,0,,0,0,0,0,0,,0,0,0,0,0,0,0,0,,,0,,,,0,0,0,0,0,0,0,0,0,,0,0,,0,0,0,1,0,1,0,0,0,0,0,0,0,,0,0,0,0,0,0,0 0 0 0 0 1 0 0 0 0 0 0 0 0 0 0 0 0 0 0 0 0 0 0 0 0 0 0 0 0 0 0 0 0 0 0 0 0 0 0 0 0 0 0 0 0 0 0 1 0 0 0 0 0 0,562949953421376.0
108,9,224,"<div class=""checkbox"">",22,div,"['class=""checkbox""']",0,0,0,0,0,0,0,0,0,0,0,0,0,0,0,0,1,0,0,1,0,0,0,0,0,0,1,,,,,,,,checkbox,0,0,0,0,0,0,0,0,,0,0,0,,0,0,0,0,0,,0,0,0,0,0,0,0,0,,,0,,,,0,0,0,0,0,0,0,0,0,,0,0,,0,0,0,0,0,0,1,0,0,0,0,0,0,,0,0,0,0,0,0,0 0 0 0 0 0 0 0 0 0 0 0 0 0 0 0 0 0 0 0 0 0 0 0 0 0 0 0 0 1 0 0 0 0 0 0 0 0 0 0 0 0 0 0 0 0 0 0 0 0 0 0 0 0 0,33554432.0
109,10,146,"<input data-val=""true"" data-val-required=""The Remember me? field is required."" id=""RememberMe"" name=""RememberMe"" type=""checkbox"" value=""true"" />",144,input,"['id=""RememberMe""', 'name=""RememberMe""', 'type=""checkbox""', 'value=""true""']",0,0,0,0,0,0,0,0,0,0,0,0,0,0,0,0,0,0,0,1,0,0,0,0,0,0,0,,,,,RememberMe,,,,0,0,0,0,0,0,0,0,,0,0,0,RememberMe,0,0,0,0,0,checkbox,0,0,0,0,0,0,0,0,,,0,,true,,0,0,0,0,0,0,0,0,0,,0,0,,0,0,0,0,0,0,0,0,0,0,0,0,0,,0,0,0,0,0,0,0 0 0 0 0 0 0 0 0 0 0 0 0 0 0 0 0 0 0 0 0 0 0 0 0 0 0 0 0 0 0 0 0 0 0 0 0 0 0 0 0 0 0 0 0 0 0 0 0 0 0 0 0 0 0,0.0
110,10,46,"<label for=""RememberMe"">",24,label,"['for=""RememberMe""']",0,0,0,0,0,0,0,0,0,0,0,0,0,0,0,0,0,0,0,0,0,0,0,0,0,0,1,RememberMe,,,,,,,,0,0,0,0,0,0,0,0,,0,0,0,,0,0,0,0,0,,0,0,0,0,0,0,0,0,,,0,,,,0,0,0,0,0,0,0,0,0,,0,0,,0,0,0,0,0,0,0,0,0,0,0,0,0,,0,0,0,0,0,0,0 0 0 0 0 0 0 0 0 0 0 0 0 0 0 0 0 0 0 0 0 0 0 0 0 0 0 0 0 0 0 0 0 0 0 0 0 0 0 0 0 0 0 0 0 0 0 0 0 0 0 0 0 0 0,0.0
111,7,147,"<div class=""form-group"">",24,div,"['class=""form-group""']",0,0,0,0,0,0,0,0,0,0,0,0,0,0,0,0,2,0,0,1,0,0,0,0,0,0,0,,,,,,,,form-group,0,0,0,0,0,0,0,0,,0,0,0,,0,0,0,0,0,,0,0,0,0,0,0,0,0,,,0,,,,0,0,0,0,0,0,0,0,0,,0,0,,1,0,0,0,0,0,0,0,0,0,0,0,0,,0,0,0,0,0,0,0 0 0 0 0 0 0 0 0 0 0 0 0 0 0 0 0 0 0 0 0 0 0 0 0 0 0 0 0 0 0 0 0 1 0 0 0 0 0 0 0 0 0 0 0 0 0 0 0 0 0 0 0 0 0,2097152.0
112,8,113,"<div class=""col-md-offset-2 col-md-10"">",39,div,"['class=""col-md-offset-2 col-md-10""']",0,0,0,0,0,0,0,0,0,0,0,0,0,0,0,0,1,0,0,1,0,0,0,0,0,0,0,,,,,,,,col-md-offset-2 col-md-10,0,0,0,0,0,0,0,0,,0,0,0,,0,0,0,0,0,,0,0,0,0,0,0,0,0,,,0,,,,0,0,0,0,0,0,0,0,0,,0,0,,0,0,0,1,0,1,0,0,0,0,0,0,0,,0,0,0,0,0,0,0 0 0 0 0 1 0 0 0 0 0 0 0 0 0 0 0 0 0 0 0 0 0 0 0 0 0 0 0 0 0 0 0 0 0 0 0 0 0 0 0 0 0 0 0 0 0 0 1 0 0 0 0 0 0,562949953421376.0
113,9,64,"<input class=""btn btn-default"" type=""submit"" value=""Log in"" />",62,input,"['class=""btn btn-default""', 'type=""submit""', 'value=""Log in""']",0,0,0,0,0,0,0,0,0,0,0,0,0,0,0,0,0,0,0,1,0,0,0,0,0,0,0,,,,,,,,btn btn-default,0,0,0,0,0,0,0,0,,0,0,0,,0,0,0,0,0,submit,0,0,0,0,0,0,0,0,,,0,,Log in,,0,0,0,0,0,0,0,0,0,,0,0,,0,0,0,0,0,0,0,1,1,0,0,0,0,,0,0,0,0,0,0,0 0 0 0 0 0 0 0 0 0 0 0 0 0 0 0 0 0 0 0 0 0 0 0 0 0 0 0 0 0 0 0 0 0 1 0 0 0 0 0 0 0 1 0 0 0 0 0 0 0 0 0 0 0 0,1052672.0
114,7,68,<p>,3,p,[],0,1,0,0,0,0,0,1,0,0,0,0,0,0,0,0,0,0,0,0,0,0,0,0,0,0,0,,,,,,,,,0,0,0,0,0,0,0,0,,0,0,0,,0,0,0,0,0,,0,0,0,0,0,0,0,0,,,0,,,,0,0,0,0,0,0,0,0,0,,0,0,,0,0,0,0,0,0,0,0,0,0,0,0,0,,0,0,0,0,0,0,0 0 0 0 0 0 0 0 0 0 0 0 0 0 0 0 0 0 0 0 0 0 0 0 0 0 0 0 0 0 0 0 0 0 0 0 0 0 0 0 0 0 0 0 0 0 0 0 0 0 0 0 0 0 0,0.0
115,8,57,"<a href=""/Account/Register"">",28,a,"['href=""/Account/Register""']",0,0,0,0,0,0,0,1,0,0,0,0,0,0,0,0,0,0,0,0,0,0,0,0,0,0,0,,,,,,/Account/Register,,,0,0,0,0,0,0,0,0,,0,0,0,,0,0,0,0,0,,0,0,0,0,0,0,0,0,,,0,,,,0,0,0,0,0,0,0,0,0,,0,0,,0,0,0,0,0,0,0,0,0,0,0,0,0,,0,0,0,0,0,0,0 0 0 0 0 0 0 0 0 0 0 0 0 0 0 0 0 0 0 0 0 0 0 0 0 0 0 0 0 0 0 0 0 0 0 0 0 0 0 0 0 0 0 0 0 0 0 0 0 0 0 0 0 0 0,0.0
116,7,72,<p>,3,p,[],0,1,0,0,0,0,0,1,0,0,0,0,0,0,0,0,0,0,0,0,0,0,0,0,0,0,0,,,,,,,,,0,0,0,0,0,0,0,0,,0,0,0,,0,0,0,0,0,,0,0,0,0,0,0,0,0,,,0,,,,0,0,0,0,0,0,0,0,0,,0,0,,0,0,0,0,0,0,0,0,0,0,0,0,0,,0,0,0,0,0,0,0 0 0 0 0 0 0 0 0 0 0 0 0 0 0 0 0 0 0 0 0 0 0 0 0 0 0 0 0 0 0 0 0 0 0 0 0 0 0 0 0 0 0 0 0 0 0 0 0 0 0 0 0 0 0,0.0
117,8,61,"<a href=""/Account/ForgotPassword"">",34,a,"['href=""/Account/ForgotPassword""']",0,0,0,0,0,0,0,1,0,0,0,0,0,0,0,0,0,0,0,0,0,0,0,0,0,0,0,,,,,,/Account/ForgotPassword,,,0,0,0,0,0,0,0,0,,0,0,0,,0,0,0,0,0,,0,0,0,0,0,0,0,0,,,0,,,,0,0,0,0,0,0,0,0,0,,0,0,,0,0,0,0,0,0,0,0,0,0,0,0,0,,0,0,0,0,0,0,0 0 0 0 0 0 0 0 0 0 0 0 0 0 0 0 0 0 0 0 0 0 0 0 0 0 0 0 0 0 0 0 0 0 0 0 0 0 0 0 0 0 0 0 0 0 0 0 0 0 0 0 0 0 0,0.0
118,7,221,"<input name=""__RequestVerificationToken"" type=""hidden"" value=""CfDJ8PtRUvtsVOJAm6WKSKgWhfzCXWMqgeYxY5V_lOxG6DSFrCDrUirT2_l6Ke3TJCc7DZ16Y4rrIZ5aur7H4_4Ji7Ms39e0FmaavhjYFMghmnszMmnVDv8ftjSRQRjOWQLjNjkBsELJHzRf_MJ7JHLPy3g"" />",221,input,"['name=""__RequestVerificationToken""', 'type=""hidden""', 'value=""CfDJ8PtRUvtsVOJAm6WKSKgWhfzCXWMqgeYxY5V_lOxG6DSFrCDrUirT2_l6Ke3TJCc7DZ16Y4rrIZ5aur7H4_4Ji7Ms39e0FmaavhjYFMghmnszMmnVDv8ftjSRQRjOWQLjNjkBsELJHzRf_MJ7JHLPy3g""']",0,0,0,0,0,0,0,0,0,0,0,0,0,0,0,0,0,0,0,1,0,0,0,0,0,0,0,,,,,__RequestVerificationToken,,,,0,0,0,0,0,0,0,0,,0,0,0,,0,0,0,0,0,hidden,0,0,0,0,0,0,0,0,,,0,,CfDJ8PtRUvtsVOJAm6WKSKgWhfzCXWMqgeYxY5V_lOxG6DSFrCDrUirT2_l6Ke3TJCc7DZ16Y4rrIZ5aur7H4_4Ji7Ms39e0FmaavhjYFMghmnszMmnVDv8ftjSRQRjOWQLjNjkBsELJHzRf_MJ7JHLPy3g,,0,0,0,0,0,0,0,0,0,,0,0,,0,0,0,0,0,0,0,0,0,0,0,0,0,,0,0,0,0,0,0,0 0 0 0 0 0 0 0 0 0 0 0 0 0 0 0 0 0 0 0 0 0 0 0 0 0 0 0 0 0 0 0 0 0 0 0 0 0 0 0 0 0 0 0 0 0 0 0 0 0 0 0 0 0 0,0.0
119,7,55,"<input name=""RememberMe"" type=""hidden"" value=""false"" />",55,input,"['name=""RememberMe""', 'type=""hidden""', 'value=""false""']",0,0,0,0,0,0,0,0,0,0,0,0,0,0,0,0,0,0,0,1,0,0,0,0,0,0,0,,,,,RememberMe,,,,0,0,0,0,0,0,0,0,,0,0,0,,0,0,0,0,0,hidden,0,0,0,0,0,0,0,0,,,0,,false,,0,0,0,0,0,0,0,0,0,,0,0,,0,0,0,0,0,0,0,0,0,0,0,0,0,,0,0,0,0,0,0,0 0 0 0 0 0 0 0 0 0 0 0 0 0 0 0 0 0 0 0 0 0 0 0 0 0 0 0 0 0 0 0 0 0 0 0 0 0 0 0 0 0 0 0 0 0 0 0 0 0 0 0 0 0 0,0.0
120,4,425,"<div class=""col-md-4"">",22,div,"['class=""col-md-4""']",0,1,1,0,0,1,0,1,0,0,0,0,0,0,0,0,2,0,0,0,0,0,0,0,0,0,0,,,,,,,,col-md-4,0,0,0,0,0,0,0,0,,0,0,0,,0,0,0,0,0,,0,0,0,0,0,0,0,0,,,0,,,,0,0,0,0,0,0,0,0,0,,0,0,,0,0,0,0,0,0,0,0,0,1,0,0,0,,0,0,0,0,0,0,0 0 0 0 0 0 0 0 0 0 0 0 0 1 0 0 0 0 0 0 0 0 0 0 0 0 0 0 0 0 0 0 0 0 0 0 0 0 0 0 0 0 0 0 0 0 0 0 0 0 0 0 0 0 0,2199023255552.0
121,5,393,"<section id=""socialLoginForm"">",30,section,"['id=""socialLoginForm""']",0,1,1,0,0,1,0,1,0,0,0,0,0,0,0,0,1,0,0,0,0,0,0,0,0,0,0,,,,,,,,,0,0,0,0,0,0,0,0,,0,0,0,socialLoginForm,0,0,0,0,0,,0,0,0,0,0,0,0,0,,,0,,,,0,0,0,0,0,0,0,0,0,,0,0,,0,0,0,0,0,0,0,0,0,0,0,0,0,,0,0,0,0,0,0,0 0 0 0 0 0 0 0 0 0 0 0 0 0 0 0 0 0 0 0 0 0 0 0 0 0 0 0 0 0 0 0 0 0 0 0 0 0 0 0 0 0 0 0 0 0 0 0 0 0 0 0 0 0 0,0.0
122,6,40,<h4>,4,h4,[],0,0,1,0,0,0,0,0,0,0,0,0,0,0,0,0,0,0,0,0,0,0,0,0,0,0,0,,,,,,,,,0,0,0,0,0,0,0,0,,0,0,0,,0,0,0,0,0,,0,0,0,0,0,0,0,0,,,0,,,,0,0,0,0,0,0,0,0,0,,0,0,,0,0,0,0,0,0,0,0,0,0,0,0,0,,0,0,0,0,0,0,0 0 0 0 0 0 0 0 0 0 0 0 0 0 0 0 0 0 0 0 0 0 0 0 0 0 0 0 0 0 0 0 0 0 0 0 0 0 0 0 0 0 0 0 0 0 0 0 0 0 0 0 0 0 0,0.0
123,6,309,<div>,5,div,[],0,1,0,0,0,0,0,1,0,0,0,0,0,0,0,0,1,0,0,0,0,0,0,0,0,0,0,,,,,,,,,0,0,0,0,0,0,0,0,,0,0,0,,0,0,0,0,0,,0,0,0,0,0,0,0,0,,,0,,,,0,0,0,0,0,0,0,0,0,,0,0,,0,0,0,0,0,0,0,0,0,0,0,0,0,,0,0,0,0,0,0,0 0 0 0 0 0 0 0 0 0 0 0 0 0 0 0 0 0 0 0 0 0 0 0 0 0 0 0 0 0 0 0 0 0 0 0 0 0 0 0 0 0 0 0 0 0 0 0 0 0 0 0 0 0 0,0.0
124,7,294,<p>,3,p,[],0,1,0,0,0,0,0,1,0,0,0,0,0,0,0,0,0,0,0,0,0,0,0,0,0,0,0,,,,,,,,,0,0,0,0,0,0,0,0,,0,0,0,,0,0,0,0,0,,0,0,0,0,0,0,0,0,,,0,,,,0,0,0,0,0,0,0,0,0,,0,0,,0,0,0,0,0,0,0,0,0,0,0,0,0,,0,0,0,0,0,0,0 0 0 0 0 0 0 0 0 0 0 0 0 0 0 0 0 0 0 0 0 0 0 0 0 0 0 0 0 0 0 0 0 0 0 0 0 0 0 0 0 0 0 0 0 0 0 0 0 0 0 0 0 0 0,0.0
125,8,191,"<a href=""http://go.microsoft.com/fwlink/?LinkId=313242"">",56,a,"['href=""http://go.microsoft.com/fwlink/?LinkId=313242""']",0,0,0,0,0,0,0,1,0,0,0,0,0,0,0,0,0,0,0,0,0,0,0,0,0,0,0,,,,,,http://go.microsoft.com/fwlink/?LinkId=313242,,,0,0,0,0,0,0,0,0,,0,0,0,,0,0,0,0,0,,0,0,0,0,0,0,0,0,,,0,,,,0,0,0,0,0,0,0,0,0,,0,0,,0,0,0,0,0,0,0,0,0,0,0,0,0,,0,0,0,0,0,0,0 0 0 0 0 0 0 0 0 0 0 0 0 0 0 0 0 0 0 0 0 0 0 0 0 0 0 0 0 0 0 0 0 0 0 0 0 0 0 0 0 0 0 0 0 0 0 0 0 0 0 0 0 0 0,0.0
126,2,26,"<div class=""clearfix"" />",24,div,"['class=""clearfix""']",0,0,0,0,0,0,0,0,0,0,0,0,0,0,0,0,1,0,0,0,0,0,0,0,0,0,0,,,,,,,,clearfix,0,0,0,0,0,0,0,0,,0,0,0,,0,0,0,0,0,,0,0,0,0,0,0,0,0,,,0,,,,0,0,0,0,0,0,0,0,0,,0,0,,0,0,0,0,0,0,0,0,0,0,1,0,0,,0,0,0,0,0,0,0 0 0 0 0 0 0 0 0 0 0 0 0 0 0 0 0 0 0 0 0 0 1 0 0 0 0 0 0 0 0 0 0 0 0 0 0 0 0 0 0 0 0 0 0 0 0 0 0 0 0 0 0 0 0,4294967296.0
127,2,1555,<footer>,8,footer,[],0,1,4,0,0,0,1,12,0,1,4,0,0,0,0,0,14,0,1,0,0,0,0,0,10,0,0,,,,,,,,,0,0,0,0,0,0,0,0,,0,0,0,,0,0,0,0,0,,0,0,0,0,0,0,0,0,,,0,,,,0,0,0,0,0,0,0,0,0,,0,0,,0,0,0,0,0,0,0,0,0,0,0,0,0,,0,0,0,0,0,0,0 0 0 0 0 0 0 0 0 0 0 0 0 0 0 0 0 0 0 0 0 0 0 0 0 0 0 0 0 0 0 0 0 0 0 0 0 0 0 0 0 0 0 0 0 0 0 0 0 0 0 0 0 0 0,0.0
128,3,1534,"<div class=""container"">",23,div,"['class=""container""']",0,1,4,0,0,0,0,12,0,1,4,0,0,0,0,0,14,0,1,0,0,0,0,0,10,0,0,,,,,,,,container,0,0,1,0,0,0,0,0,,0,0,0,,0,0,0,0,0,,0,0,0,0,0,0,0,0,,,0,,,,0,0,0,0,0,0,0,0,0,,0,0,,0,0,0,0,0,0,0,0,0,0,0,0,0,,0,0,0,0,0,0,0 0 0 0 0 0 0 0 0 0 0 0 0 0 0 0 0 0 0 0 0 0 0 0 0 0 0 0 0 0 0 0 0 0 0 0 0 0 0 0 0 0 0 0 0 0 0 0 0 0 0 0 0 0 1,1.0
129,4,1501,"<div class=""footer-content"">",28,div,"['class=""footer-content""']",0,1,4,0,0,0,0,12,0,1,4,0,0,0,0,0,13,0,1,0,0,0,0,0,10,0,0,,,,,,,,footer-content,0,0,0,0,0,0,0,0,,0,0,0,,0,0,0,0,0,,0,0,0,0,0,0,0,0,,,0,,,,0,0,0,0,0,0,0,0,0,,0,0,,0,0,0,0,0,0,0,0,0,0,0,1,0,,0,0,0,0,0,0,0 0 0 0 0 0 0 0 0 0 0 0 0 0 0 0 1 0 0 0 0 0 0 0 0 0 0 0 0 0 0 0 0 0 0 0 0 0 0 0 0 0 0 0 0 0 0 0 0 0 0 0 0 0 0,274877906944.0
130,5,831,"<div class=""row"">",17,div,"['class=""row""']",0,1,4,0,0,0,0,11,0,0,4,0,0,0,0,0,5,0,1,0,0,0,0,0,10,0,0,,,,,,,,row,0,0,0,0,0,0,0,0,,0,0,0,,0,0,0,0,0,,0,0,0,0,0,0,0,0,,,0,,,,0,0,0,0,0,0,1,0,0,,0,0,,0,0,0,0,0,0,0,0,0,0,0,0,0,,0,0,0,0,0,0,0 0 0 0 0 0 0 0 0 0 0 0 0 0 0 0 0 0 0 0 0 0 0 0 0 0 0 0 0 0 0 1 0 0 0 0 0 0 0 0 0 0 0 0 0 0 0 0 0 0 0 0 0 0 0,8388608.0
131,6,134,"<div class=""col-md-3"">",22,div,"['class=""col-md-3""']",0,0,1,0,0,0,0,2,0,0,1,0,0,0,0,0,1,0,0,0,0,0,0,0,2,0,0,,,,,,,,col-md-3,0,0,0,0,0,0,0,0,,0,0,0,,0,0,0,0,0,,0,0,0,0,0,0,0,0,,,0,,,,0,0,0,0,0,0,0,0,0,,0,0,,0,0,0,0,0,0,0,0,0,0,0,0,1,,0,0,0,0,0,0,0 0 0 0 0 0 0 0 0 0 0 0 0 0 0 0 0 0 0 0 0 0 0 0 0 0 0 0 0 0 0 0 0 0 0 1 0 0 0 0 0 0 0 0 0 0 0 0 0 0 0 0 0 0 0,524288.0
132,7,20,<h4>,4,h4,[],0,0,1,0,0,0,0,0,0,0,0,0,0,0,0,0,0,0,0,0,0,0,0,0,0,0,0,,,,,,,,,0,0,0,0,0,0,0,0,,0,0,0,,0,0,0,0,0,,0,0,0,0,0,0,0,0,,,0,,,,0,0,0,0,0,0,0,0,0,,0,0,,0,0,0,0,0,0,0,0,0,0,0,0,0,,0,0,0,0,0,0,0 0 0 0 0 0 0 0 0 0 0 0 0 0 0 0 0 0 0 0 0 0 0 0 0 0 0 0 0 0 0 0 0 0 0 0 0 0 0 0 0 0 0 0 0 0 0 0 0 0 0 0 0 0 0,0.0
133,7,82,<ul>,4,ul,[],0,0,0,0,0,0,0,2,0,0,1,0,0,0,0,0,0,0,0,0,0,0,0,0,2,0,0,,,,,,,,,0,0,0,0,0,0,0,0,,0,0,0,,0,0,0,0,0,,0,0,0,0,0,0,0,0,,,0,,,,0,0,0,0,0,0,0,0,0,,0,0,,0,0,0,0,0,0,0,0,0,0,0,0,0,,0,0,0,0,0,0,0 0 0 0 0 0 0 0 0 0 0 0 0 0 0 0 0 0 0 0 0 0 0 0 0 0 0 0 0 0 0 0 0 0 0 0 0 0 0 0 0 0 0 0 0 0 0 0 0 0 0 0 0 0 0,0.0
134,8,31,<li>,4,li,[],0,0,0,0,0,0,0,1,0,0,0,0,0,0,0,0,0,0,0,0,0,0,0,0,1,0,0,,,,,,,,,0,0,0,0,0,0,0,0,,0,0,0,,0,0,0,0,0,,0,0,0,0,0,0,0,0,,,0,,,,0,0,0,0,0,0,0,0,0,,0,0,,0,0,0,0,0,0,0,0,0,0,0,0,0,,0,0,0,0,0,0,0 0 0 0 0 0 0 0 0 0 0 0 0 0 0 0 0 0 0 0 0 0 0 0 0 0 0 0 0 0 0 0 0 0 0 0 0 0 0 0 0 0 0 0 0 0 0 0 0 0 0 0 0 0 0,0.0
135,9,20,"<a href=""/"">",12,a,"['href=""/""']",0,0,0,0,0,0,0,1,0,0,0,0,0,0,0,0,0,0,0,0,0,0,0,0,0,0,0,,,,,,/,,,0,0,0,0,0,0,0,0,,0,0,0,,0,0,0,0,0,,0,0,0,0,0,0,0,0,,,0,,,,0,0,0,0,0,0,0,0,0,,0,0,,0,0,0,0,0,0,0,0,0,0,0,0,0,,0,0,0,0,0,0,0 0 0 0 0 0 0 0 0 0 0 0 0 0 0 0 0 0 0 0 0 0 0 0 0 0 0 0 0 0 0 0 0 0 0 0 0 0 0 0 0 0 0 0 0 0 0 0 0 0 0 0 0 0 0,0.0
136,8,38,<li>,4,li,[],0,0,0,0,0,0,0,1,0,0,0,0,0,0,0,0,0,0,0,0,0,0,0,0,1,0,0,,,,,,,,,0,0,0,0,0,0,0,0,,0,0,0,,0,0,0,0,0,,0,0,0,0,0,0,0,0,,,0,,,,0,0,0,0,0,0,0,0,0,,0,0,,0,0,0,0,0,0,0,0,0,0,0,0,0,,0,0,0,0,0,0,0 0 0 0 0 0 0 0 0 0 0 0 0 0 0 0 0 0 0 0 0 0 0 0 0 0 0 0 0 0 0 0 0 0 0 0 0 0 0 0 0 0 0 0 0 0 0 0 0 0 0 0 0 0 0,0.0
137,9,27,"<a href=""/Store"">",17,a,"['href=""/Store""']",0,0,0,0,0,0,0,1,0,0,0,0,0,0,0,0,0,0,0,0,0,0,0,0,0,0,0,,,,,,/Store,,,0,0,0,0,0,0,0,0,,0,0,0,,0,0,0,0,0,,0,0,0,0,0,0,0,0,,,0,,,,0,0,0,0,0,0,0,0,0,,0,0,,0,0,0,0,0,0,0,0,0,0,0,0,0,,0,0,0,0,0,0,0 0 0 0 0 0 0 0 0 0 0 0 0 0 0 0 0 0 0 0 0 0 0 0 0 0 0 0 0 0 0 0 0 0 0 0 0 0 0 0 0 0 0 0 0 0 0 0 0 0 0 0 0 0 0,0.0
138,6,221,"<div class=""col-md-3"">",22,div,"['class=""col-md-3""']",0,0,1,0,0,0,0,3,0,0,1,0,0,0,0,0,1,0,0,0,0,0,0,0,3,0,0,,,,,,,,col-md-3,0,0,0,0,0,0,0,0,,0,0,0,,0,0,0,0,0,,0,0,0,0,0,0,0,0,,,0,,,,0,0,0,0,0,0,0,0,0,,0,0,,0,0,0,0,0,0,0,0,0,0,0,0,1,,0,0,0,0,0,0,0 0 0 0 0 0 0 0 0 0 0 0 0 0 0 0 0 0 0 0 0 0 0 0 0 0 0 0 0 0 0 0 0 0 0 1 0 0 0 0 0 0 0 0 0 0 0 0 0 0 0 0 0 0 0,524288.0
139,7,18,<h4>,4,h4,[],0,0,1,0,0,0,0,0,0,0,0,0,0,0,0,0,0,0,0,0,0,0,0,0,0,0,0,,,,,,,,,0,0,0,0,0,0,0,0,,0,0,0,,0,0,0,0,0,,0,0,0,0,0,0,0,0,,,0,,,,0,0,0,0,0,0,0,0,0,,0,0,,0,0,0,0,0,0,0,0,0,0,0,0,0,,0,0,0,0,0,0,0 0 0 0 0 0 0 0 0 0 0 0 0 0 0 0 0 0 0 0 0 0 0 0 0 0 0 0 0 0 0 0 0 0 0 0 0 0 0 0 0 0 0 0 0 0 0 0 0 0 0 0 0 0 0,0.0
140,7,171,<ul>,4,ul,[],0,0,0,0,0,0,0,3,0,0,1,0,0,0,0,0,0,0,0,0,0,0,0,0,3,0,0,,,,,,,,,0,0,0,0,0,0,0,0,,0,0,0,,0,0,0,0,0,,0,0,0,0,0,0,0,0,,,0,,,,0,0,0,0,0,0,0,0,0,,0,0,,0,0,0,0,0,0,0,0,0,0,0,0,0,,0,0,0,0,0,0,0 0 0 0 0 0 0 0 0 0 0 0 0 0 0 0 0 0 0 0 0 0 0 0 0 0 0 0 0 0 0 0 0 0 0 0 0 0 0 0 0 0 0 0 0 0 0 0 0 0 0 0 0 0 0,0.0
141,8,62,<li>,4,li,[],0,0,0,0,0,0,0,1,0,0,0,0,0,0,0,0,0,0,0,0,0,0,0,0,1,0,0,,,,,,,,,0,0,0,0,0,0,0,0,,0,0,0,,0,0,0,0,0,,0,0,0,0,0,0,0,0,,,0,,,,0,0,0,0,0,0,0,0,0,,0,0,,0,0,0,0,0,0,0,0,0,0,0,0,0,,0,0,0,0,0,0,0 0 0 0 0 0 0 0 0 0 0 0 0 0 0 0 0 0 0 0 0 0 0 0 0 0 0 0 0 0 0 0 0 0 0 0 0 0 0 0 0 0 0 0 0 0 0 0 0 0 0 0 0 0 0,0.0
142,9,51,"<a href=""/Manage"" title=""Manage"">",33,a,"['href=""/Manage""', 'title=""Manage""']",0,0,0,0,0,0,0,1,0,0,0,0,0,0,0,0,0,0,0,0,0,0,0,0,0,0,0,,,,,,/Manage,,,0,0,0,0,0,0,0,0,,0,0,0,,0,0,0,0,0,,0,0,0,0,0,0,0,0,,,0,,,Manage,0,0,0,0,0,0,0,0,0,,0,0,,0,0,0,0,0,0,0,0,0,0,0,0,0,,0,0,0,0,0,0,0 0 0 0 0 0 0 0 0 0 0 0 0 0 0 0 0 0 0 0 0 0 0 0 0 0 0 0 0 0 0 0 0 0 0 0 0 0 0 0 0 0 0 0 0 0 0 0 0 0 0 0 0 0 0,0.0
143,8,52,<li>,4,li,[],0,0,0,0,0,0,0,1,0,0,0,0,0,0,0,0,0,0,0,0,0,0,0,0,1,0,0,,,,,,,,,0,0,0,0,0,0,0,0,,0,0,0,,0,0,0,0,0,,0,0,0,0,0,0,0,0,,,0,,,,0,0,0,0,0,0,0,0,0,,0,0,,0,0,0,0,0,0,0,0,0,0,0,0,0,,0,0,0,0,0,0,0 0 0 0 0 0 0 0 0 0 0 0 0 0 0 0 0 0 0 0 0 0 0 0 0 0 0 0 0 0 0 0 0 0 0 0 0 0 0 0 0 0 0 0 0 0 0 0 0 0 0 0 0 0 0,0.0
144,9,41,"<a href=""/ShoppingCart"">",24,a,"['href=""/ShoppingCart""']",0,0,0,0,0,0,0,1,0,0,0,0,0,0,0,0,0,0,0,0,0,0,0,0,0,0,0,,,,,,/ShoppingCart,,,0,0,0,0,0,0,0,0,,0,0,0,,0,0,0,0,0,,0,0,0,0,0,0,0,0,,,0,,,,0,0,0,0,0,0,0,0,0,,0,0,,0,0,0,0,0,0,0,0,0,0,0,0,0,,0,0,0,0,0,0,0 0 0 0 0 0 0 0 0 0 0 0 0 0 0 0 0 0 0 0 0 0 0 0 0 0 0 0 0 0 0 0 0 0 0 0 0 0 0 0 0 0 0 0 0 0 0 0 0 0 0 0 0 0 0,0.0
145,8,44,<li>,4,li,[],0,0,0,0,0,0,0,1,0,0,0,0,0,0,0,0,0,0,0,0,0,0,0,0,1,0,0,,,,,,,,,0,0,0,0,0,0,0,0,,0,0,0,,0,0,0,0,0,,0,0,0,0,0,0,0,0,,,0,,,,0,0,0,0,0,0,0,0,0,,0,0,,0,0,0,0,0,0,0,0,0,0,0,0,0,,0,0,0,0,0,0,0 0 0 0 0 0 0 0 0 0 0 0 0 0 0 0 0 0 0 0 0 0 0 0 0 0 0 0 0 0 0 0 0 0 0 0 0 0 0 0 0 0 0 0 0 0 0 0 0 0 0 0 0 0 0,0.0
146,9,33,"<a href=""/Orders"">",18,a,"['href=""/Orders""']",0,0,0,0,0,0,0,1,0,0,0,0,0,0,0,0,0,0,0,0,0,0,0,0,0,0,0,,,,,,/Orders,,,0,0,0,0,0,0,0,0,,0,0,0,,0,0,0,0,0,,0,0,0,0,0,0,0,0,,,0,,,,0,0,0,0,0,0,0,0,0,,0,0,,0,0,0,0,0,0,0,0,0,0,0,0,0,,0,0,0,0,0,0,0 0 0 0 0 0 0 0 0 0 0 0 0 0 0 0 0 0 0 0 0 0 0 0 0 0 0 0 0 0 0 0 0 0 0 0 0 0 0 0 0 0 0 0 0 0 0 0 0 0 0 0 0 0 0,0.0
147,6,159,"<div class=""col-md-3"">",22,div,"['class=""col-md-3""']",0,0,1,0,0,0,0,2,0,0,1,0,0,0,0,0,1,0,0,0,0,0,0,0,2,0,0,,,,,,,,col-md-3,0,0,0,0,0,0,0,0,,0,0,0,,0,0,0,0,0,,0,0,0,0,0,0,0,0,,,0,,,,0,0,0,0,0,0,0,0,0,,0,0,,0,0,0,0,0,0,0,0,0,0,0,0,1,,0,0,0,0,0,0,0 0 0 0 0 0 0 0 0 0 0 0 0 0 0 0 0 0 0 0 0 0 0 0 0 0 0 0 0 0 0 0 0 0 0 1 0 0 0 0 0 0 0 0 0 0 0 0 0 0 0 0 0 0 0,524288.0
148,7,26,<h4>,4,h4,[],0,0,1,0,0,0,0,0,0,0,0,0,0,0,0,0,0,0,0,0,0,0,0,0,0,0,0,,,,,,,,,0,0,0,0,0,0,0,0,,0,0,0,,0,0,0,0,0,,0,0,0,0,0,0,0,0,,,0,,,,0,0,0,0,0,0,0,0,0,,0,0,,0,0,0,0,0,0,0,0,0,0,0,0,0,,0,0,0,0,0,0,0 0 0 0 0 0 0 0 0 0 0 0 0 0 0 0 0 0 0 0 0 0 0 0 0 0 0 0 0 0 0 0 0 0 0 0 0 0 0 0 0 0 0 0 0 0 0 0 0 0 0 0 0 0 0,0.0
149,7,101,<ul>,4,ul,[],0,0,0,0,0,0,0,2,0,0,1,0,0,0,0,0,0,0,0,0,0,0,0,0,2,0,0,,,,,,,,,0,0,0,0,0,0,0,0,,0,0,0,,0,0,0,0,0,,0,0,0,0,0,0,0,0,,,0,,,,0,0,0,0,0,0,0,0,0,,0,0,,0,0,0,0,0,0,0,0,0,0,0,0,0,,0,0,0,0,0,0,0 0 0 0 0 0 0 0 0 0 0 0 0 0 0 0 0 0 0 0 0 0 0 0 0 0 0 0 0 0 0 0 0 0 0 0 0 0 0 0 0 0 0 0 0 0 0 0 0 0 0 0 0 0 0,0.0
150,8,41,<li>,4,li,[],0,0,0,0,0,0,0,1,0,0,0,0,0,0,0,0,0,0,0,0,0,0,0,0,1,0,0,,,,,,,,,0,0,0,0,0,0,0,0,,0,0,0,,0,0,0,0,0,,0,0,0,0,0,0,0,0,,,0,,,,0,0,0,0,0,0,0,0,0,,0,0,,0,0,0,0,0,0,0,0,0,0,0,0,0,,0,0,0,0,0,0,0 0 0 0 0 0 0 0 0 0 0 0 0 0 0 0 0 0 0 0 0 0 0 0 0 0 0 0 0 0 0 0 0 0 0 0 0 0 0 0 0 0 0 0 0 0 0 0 0 0 0 0 0 0 0,0.0
151,9,30,"<a href=""#"">",12,a,"['href=""#""']",0,0,0,0,0,0,0,1,0,0,0,0,0,0,0,0,0,0,0,0,0,0,0,0,0,0,0,,,,,,#,,,0,0,0,0,0,0,0,0,,0,0,0,,0,0,0,0,0,,0,0,0,0,0,0,0,0,,,0,,,,0,0,0,0,0,0,0,0,0,,0,0,,0,0,0,0,0,0,0,0,0,0,0,0,0,,0,0,0,0,0,0,0 0 0 0 0 0 0 0 0 0 0 0 0 0 0 0 0 0 0 0 0 0 0 0 0 0 0 0 0 0 0 0 0 0 0 0 0 0 0 0 0 0 0 0 0 0 0 0 0 0 0 0 0 0 0,0.0
152,8,47,<li>,4,li,[],0,0,0,0,0,0,0,1,0,0,0,0,0,0,0,0,0,0,0,0,0,0,0,0,1,0,0,,,,,,,,,0,0,0,0,0,0,0,0,,0,0,0,,0,0,0,0,0,,0,0,0,0,0,0,0,0,,,0,,,,0,0,0,0,0,0,0,0,0,,0,0,,0,0,0,0,0,0,0,0,0,0,0,0,0,,0,0,0,0,0,0,0 0 0 0 0 0 0 0 0 0 0 0 0 0 0 0 0 0 0 0 0 0 0 0 0 0 0 0 0 0 0 0 0 0 0 0 0 0 0 0 0 0 0 0 0 0 0 0 0 0 0 0 0 0 0,0.0
153,9,36,"<a href=""#"">",12,a,"['href=""#""']",0,0,0,0,0,0,0,1,0,0,0,0,0,0,0,0,0,0,0,0,0,0,0,0,0,0,0,,,,,,#,,,0,0,0,0,0,0,0,0,,0,0,0,,0,0,0,0,0,,0,0,0,0,0,0,0,0,,,0,,,,0,0,0,0,0,0,0,0,0,,0,0,,0,0,0,0,0,0,0,0,0,0,0,0,0,,0,0,0,0,0,0,0 0 0 0 0 0 0 0 0 0 0 0 0 0 0 0 0 0 0 0 0 0 0 0 0 0 0 0 0 0 0 0 0 0 0 0 0 0 0 0 0 0 0 0 0 0 0 0 0 0 0 0 0 0 0,0.0
154,6,290,"<div class=""col-md-3"">",22,div,"['class=""col-md-3""']",0,1,1,0,0,0,0,4,0,0,1,0,0,0,0,0,1,0,1,0,0,0,0,0,3,0,0,,,,,,,,col-md-3,0,0,0,0,0,0,0,0,,0,0,0,,0,0,0,0,0,,0,0,0,0,0,0,0,0,,,0,,,,0,0,0,0,0,0,0,0,0,,0,0,,0,0,0,0,0,0,0,0,0,0,0,0,1,,0,0,0,0,0,0,0 0 0 0 0 0 0 0 0 0 0 0 0 0 0 0 0 0 0 0 0 0 0 0 0 0 0 0 0 0 0 0 0 0 0 1 0 0 0 0 0 0 0 0 0 0 0 0 0 0 0 0 0 0 0,524288.0
155,7,18,<h4>,4,h4,[],0,0,1,0,0,0,0,0,0,0,0,0,0,0,0,0,0,0,0,0,0,0,0,0,0,0,0,,,,,,,,,0,0,0,0,0,0,0,0,,0,0,0,,0,0,0,0,0,,0,0,0,0,0,0,0,0,,,0,,,,0,0,0,0,0,0,0,0,0,,0,0,,0,0,0,0,0,0,0,0,0,0,0,0,0,,0,0,0,0,0,0,0 0 0 0 0 0 0 0 0 0 0 0 0 0 0 0 0 0 0 0 0 0 0 0 0 0 0 0 0 0 0 0 0 0 0 0 0 0 0 0 0 0 0 0 0 0 0 0 0 0 0 0 0 0 0,0.0
156,7,143,<ul>,4,ul,[],0,0,0,0,0,0,0,3,0,0,1,0,0,0,0,0,0,0,0,0,0,0,0,0,3,0,0,,,,,,,,,0,0,0,0,0,0,0,0,,0,0,0,,0,0,0,0,0,,0,0,0,0,0,0,0,0,,,0,,,,0,0,0,0,0,0,0,0,0,,0,0,,0,0,0,0,0,0,0,0,0,0,0,0,0,,0,0,0,0,0,0,0 0 0 0 0 0 0 0 0 0 0 0 0 0 0 0 0 0 0 0 0 0 0 0 0 0 0 0 0 0 0 0 0 0 0 0 0 0 0 0 0 0 0 0 0 0 0 0 0 0 0 0 0 0 0,0.0
157,8,31,<li>,4,li,[],0,0,0,0,0,0,0,1,0,0,0,0,0,0,0,0,0,0,0,0,0,0,0,0,1,0,0,,,,,,,,,0,0,0,0,0,0,0,0,,0,0,0,,0,0,0,0,0,,0,0,0,0,0,0,0,0,,,0,,,,0,0,0,0,0,0,0,0,0,,0,0,,0,0,0,0,0,0,0,0,0,0,0,0,0,,0,0,0,0,0,0,0 0 0 0 0 0 0 0 0 0 0 0 0 0 0 0 0 0 0 0 0 0 0 0 0 0 0 0 0 0 0 0 0 0 0 0 0 0 0 0 0 0 0 0 0 0 0 0 0 0 0 0 0 0 0,0.0
158,9,20,<a>,3,a,[],0,0,0,0,0,0,0,1,0,0,0,0,0,0,0,0,0,0,0,0,0,0,0,0,0,0,0,,,,,,,,,0,0,0,0,0,0,0,0,,0,0,0,,0,0,0,0,0,,0,0,0,0,0,0,0,0,,,0,,,,0,0,0,0,0,0,0,0,0,,0,0,,0,0,0,0,0,0,0,0,0,0,0,0,0,,0,0,0,0,0,0,0 0 0 0 0 0 0 0 0 0 0 0 0 0 0 0 0 0 0 0 0 0 0 0 0 0 0 0 0 0 0 0 0 0 0 0 0 0 0 0 0 0 0 0 0 0 0 0 0 0 0 0 0 0 0,0.0
159,8,35,<li>,4,li,[],0,0,0,0,0,0,0,1,0,0,0,0,0,0,0,0,0,0,0,0,0,0,0,0,1,0,0,,,,,,,,,0,0,0,0,0,0,0,0,,0,0,0,,0,0,0,0,0,,0,0,0,0,0,0,0,0,,,0,,,,0,0,0,0,0,0,0,0,0,,0,0,,0,0,0,0,0,0,0,0,0,0,0,0,0,,0,0,0,0,0,0,0 0 0 0 0 0 0 0 0 0 0 0 0 0 0 0 0 0 0 0 0 0 0 0 0 0 0 0 0 0 0 0 0 0 0 0 0 0 0 0 0 0 0 0 0 0 0 0 0 0 0 0 0 0 0,0.0
160,9,24,<a>,3,a,[],0,0,0,0,0,0,0,1,0,0,0,0,0,0,0,0,0,0,0,0,0,0,0,0,0,0,0,,,,,,,,,0,0,0,0,0,0,0,0,,0,0,0,,0,0,0,0,0,,0,0,0,0,0,0,0,0,,,0,,,,0,0,0,0,0,0,0,0,0,,0,0,,0,0,0,0,0,0,0,0,0,0,0,0,0,,0,0,0,0,0,0,0 0 0 0 0 0 0 0 0 0 0 0 0 0 0 0 0 0 0 0 0 0 0 0 0 0 0 0 0 0 0 0 0 0 0 0 0 0 0 0 0 0 0 0 0 0 0 0 0 0 0 0 0 0 0,0.0
161,8,64,<li>,4,li,[],0,0,0,0,0,0,0,1,0,0,0,0,0,0,0,0,0,0,0,0,0,0,0,0,1,0,0,,,,,,,,,0,0,0,0,0,0,0,0,,0,0,0,,0,0,0,0,0,,0,0,0,0,0,0,0,0,,,0,,,,0,0,0,0,0,0,0,0,0,,0,0,,0,0,0,0,0,0,0,0,0,0,0,0,0,,0,0,0,0,0,0,0 0 0 0 0 0 0 0 0 0 0 0 0 0 0 0 0 0 0 0 0 0 0 0 0 0 0 0 0 0 0 0 0 0 0 0 0 0 0 0 0 0 0 0 0 0 0 0 0 0 0 0 0 0 0,0.0
162,9,53,"<a href=""http://asp.net/"" target=""_blank"">",42,a,"['href=""http://asp.net/""', 'target=""_blank""']",0,0,0,0,0,0,0,1,0,0,0,0,0,0,0,0,0,0,0,0,0,0,0,0,0,0,0,,,,,,http://asp.net/,,,0,0,0,0,0,0,0,0,,0,0,0,,0,0,0,0,0,,0,0,0,0,0,0,0,0,,,0,,,,0,0,0,0,0,0,0,0,0,,0,0,,0,0,0,0,0,0,0,0,0,0,0,0,0,_blank,0,0,0,0,0,0,0 0 0 0 0 0 0 0 0 0 0 0 0 0 0 0 0 0 0 0 0 0 0 0 0 0 0 0 0 0 0 0 0 0 0 0 0 0 0 0 0 0 0 0 0 0 0 0 0 0 0 0 0 0 0,0.0
163,7,24,<p>,3,p,[],0,1,0,0,0,0,0,0,0,0,0,0,0,0,0,0,0,0,0,0,0,0,0,0,0,0,0,,,,,,,,,0,0,0,0,0,0,0,0,,0,0,0,,0,0,0,0,0,,0,0,0,0,0,0,0,0,,,0,,,,0,0,0,0,0,0,0,0,0,,0,0,,0,0,0,0,0,0,0,0,0,0,0,0,0,,0,0,0,0,0,0,0 0 0 0 0 0 0 0 0 0 0 0 0 0 0 0 0 0 0 0 0 0 0 0 0 0 0 0 0 0 0 0 0 0 0 0 0 0 0 0 0 0 0 0 0 0 0 0 0 0 0 0 0 0 0,0.0
164,7,73,"<a class=""deploy-azure"">",24,a,"['class=""deploy-azure""']",0,0,0,0,0,0,0,1,0,0,0,0,0,0,0,0,0,0,1,0,0,0,0,0,0,0,0,,,,,,,,deploy-azure,0,0,0,0,0,0,0,0,,0,0,0,,0,0,0,0,0,,0,0,0,0,0,0,0,0,,,0,,,,0,0,0,0,0,0,0,0,0,,0,0,,0,0,0,0,0,0,0,0,0,0,0,0,0,,1,0,0,0,0,0,0 0 0 0 0 0 0 0 0 0 0 0 0 0 1 0 0 0 0 0 0 0 0 0 0 0 0 0 0 0 0 0 0 0 0 0 0 0 0 0 0 0 0 0 0 0 0 0 0 0 0 0 0 0 0,1099511627776.0
165,8,41,"<img src=""/images/deploy_button.png"" />",39,img,"['src=""/images/deploy_button.png""']",0,0,0,0,0,0,0,0,0,0,0,0,0,0,0,0,0,0,1,0,0,0,0,0,0,0,0,,,,,,,,,0,0,0,0,0,0,0,0,/images/deploy_button.png,0,0,0,,0,0,0,0,0,,0,0,0,0,0,0,0,0,,,0,,,,0,0,0,0,0,0,0,0,0,,0,0,,0,0,0,0,0,0,0,0,0,0,0,0,0,,0,0,0,0,0,0,0 0 0 0 0 0 0 0 0 0 0 0 0 0 0 0 0 0 0 0 0 0 0 0 0 0 0 0 0 0 0 0 0 0 0 0 0 0 0 0 0 0 0 0 0 0 0 0 0 0 0 0 0 0 0,0.0
166,5,8,<hr />,6,hr,[],0,0,0,0,0,0,0,0,0,1,0,0,0,0,0,0,0,0,0,0,0,0,0,0,0,0,0,,,,,,,,,0,0,0,0,0,0,0,0,,0,0,0,,0,0,0,0,0,,0,0,0,0,0,0,0,0,,,0,,,,0,0,0,0,0,0,0,0,0,,0,0,,0,0,0,0,0,0,0,0,0,0,0,0,0,,0,0,0,0,0,0,0 0 0 0 0 0 0 0 0 0 0 0 0 0 0 0 0 0 0 0 0 0 0 0 0 0 0 0 0 0 0 0 0 0 0 0 0 0 0 0 0 0 0 0 0 0 0 0 0 0 0 0 0 0 0,0.0
167,5,478,"<div class=""row"">",17,div,"['class=""row""']",0,0,0,0,0,0,0,1,0,0,0,0,0,0,0,0,5,0,0,0,0,0,0,0,0,0,0,,,,,,,,row,0,0,0,0,0,0,0,0,,0,0,0,,0,0,0,0,0,,0,0,0,0,0,0,0,0,,,0,,,,0,0,0,0,0,0,1,0,0,,0,0,,0,0,0,0,0,0,0,0,0,0,0,0,0,,0,0,0,0,0,0,0 0 0 0 0 0 0 0 0 0 0 0 0 0 0 0 0 0 0 0 0 0 0 0 0 0 0 0 0 0 0 1 0 0 0 0 0 0 0 0 0 0 0 0 0 0 0 0 0 0 0 0 0 0 0,8388608.0
168,6,251,"<div class=""col-md-6"">",22,div,"['class=""col-md-6""']",0,0,0,0,0,0,0,1,0,0,0,0,0,0,0,0,2,0,0,0,0,0,0,0,0,0,0,,,,,,,,col-md-6,0,0,0,0,0,0,0,0,,0,0,0,,0,0,0,0,0,,0,0,0,0,0,0,0,0,,,0,,,,0,0,0,0,0,0,0,0,0,,0,0,,0,0,0,0,0,0,0,0,0,0,0,0,0,,0,1,0,0,0,0,0 0 0 0 0 0 0 0 0 0 0 0 0 0 0 0 0 0 0 0 0 0 0 0 0 0 1 0 0 0 0 0 0 0 0 0 0 0 0 0 0 0 0 0 0 0 0 0 0 0 0 0 0 0 0,268435456.0
169,7,219,"<div class=""pull-left-sm"">",26,div,"['class=""pull-left-sm""']",0,0,0,0,0,0,0,1,0,0,0,0,0,0,0,0,1,0,0,0,0,0,0,0,0,0,0,,,,,,,,pull-left-sm,0,0,0,0,0,0,0,0,,0,0,0,,0,0,0,0,0,,0,0,0,0,0,0,0,0,,,0,,,,0,0,0,0,0,0,0,0,0,,0,0,,0,0,0,0,0,0,0,0,0,0,0,0,0,,0,0,1,0,0,0,0 0 0 0 1 0 0 0 0 0 0 0 0 0 0 0 0 0 0 0 0 0 0 0 0 0 0 0 0 0 0 0 0 0 0 0 0 0 0 0 0 0 0 0 0 0 0 0 0 0 0 0 0 0 0,1125899906842624.0
170,8,74,"<a class=""footer-link"" href=""http://www.realgenekim.me/"">",57,a,"['class=""footer-link""', 'href=""http://www.realgenekim.me/""']",0,0,0,0,0,0,0,1,0,0,0,0,0,0,0,0,0,0,0,0,0,0,0,0,0,0,0,,,,,,http://www.realgenekim.me/,,footer-link,0,0,0,0,0,0,0,0,,0,0,0,,0,0,0,0,0,,0,0,0,0,0,0,0,0,,,0,,,,0,0,0,0,0,0,0,0,0,,0,0,,0,0,0,0,0,0,0,0,0,0,0,0,0,,0,0,0,1,0,0,0 0 0 1 0 0 0 0 0 0 0 0 0 0 0 0 0 0 0 0 0 0 0 0 0 0 0 0 0 0 0 0 0 0 0 0 0 0 0 0 0 0 0 0 0 0 0 0 0 0 0 0 0 0 0,2251799813685248.0
171,6,200,"<div class=""col-md-6"">",22,div,"['class=""col-md-6""']",0,0,0,0,0,0,0,0,0,0,0,0,0,0,0,0,2,0,0,0,0,0,0,0,0,0,0,,,,,,,,col-md-6,0,0,0,0,0,0,0,0,,0,0,0,,0,0,0,0,0,,0,0,0,0,0,0,0,0,,,0,,,,0,0,0,0,0,0,0,0,0,,0,0,,0,0,0,0,0,0,0,0,0,0,0,0,0,,0,1,0,0,0,0,0 0 0 0 0 0 0 0 0 0 0 0 0 0 0 0 0 0 0 0 0 0 0 0 0 0 1 0 0 0 0 0 0 0 0 0 0 0 0 0 0 0 0 0 0 0 0 0 0 0 0 0 0 0 0,268435456.0
172,7,168,"<div class=""pull-left-sm pull-right-md"">",40,div,"['class=""pull-left-sm pull-right-md""']",0,0,0,0,0,0,0,0,0,0,0,0,0,0,0,0,1,0,0,0,0,0,0,0,0,0,0,,,,,,,,pull-left-sm pull-right-md,0,0,0,0,0,0,0,0,,0,0,0,,0,0,0,0,0,,0,0,0,0,0,0,0,0,,,0,,,,0,0,0,0,0,0,0,0,0,,0,0,,0,0,0,0,0,0,0,0,0,0,0,0,0,,0,0,1,0,1,0,0 0 0 0 1 0 0 0 0 0 0 0 0 0 0 0 0 0 0 0 0 0 0 0 0 0 0 0 0 0 0 0 0 0 0 0 0 0 0 0 0 0 0 0 0 0 0 0 0 0 0 1 0 0 0,1125899906842632.0
173,5,146,"<div class=""row"">",17,div,"['class=""row""']",0,0,0,0,0,0,0,0,0,0,0,0,0,0,0,0,2,0,0,0,0,0,0,0,0,0,0,,,,,,,,row,0,0,0,0,0,0,0,0,,0,0,0,,0,0,0,0,0,,0,0,0,0,0,0,0,0,,,0,,,,0,0,0,0,0,0,1,0,0,,0,0,,0,0,0,0,0,0,0,0,0,0,0,0,0,,0,0,0,0,0,0,0 0 0 0 0 0 0 0 0 0 0 0 0 0 0 0 0 0 0 0 0 0 0 0 0 0 0 0 0 0 0 1 0 0 0 0 0 0 0 0 0 0 0 0 0 0 0 0 0 0 0 0 0 0 0,8388608.0
174,6,119,"<div class=""text-center"">",25,div,"['class=""text-center""']",0,0,0,0,0,0,0,0,0,0,0,0,0,0,0,0,1,0,0,0,0,0,0,0,0,0,0,,,,,,,,text-center,0,0,0,0,0,0,0,0,,0,0,0,,0,0,0,0,0,,0,0,0,0,0,0,0,0,,,0,,,,0,0,0,0,0,0,0,0,0,,0,0,,0,0,0,0,0,0,0,0,0,0,0,0,0,,0,0,0,0,0,1,0 0 0 0 0 0 0 0 0 0 0 0 0 0 0 0 0 0 0 0 0 0 0 0 0 0 0 0 0 0 0 0 0 0 0 0 0 0 0 0 0 0 0 0 0 0 0 0 0 0 0 0 1 0 0,4.0
175,2,68,"<link href=""/Content/Site.css"" rel=""stylesheet"" type=""text/css"" />",66,link,"['href=""/Content/Site.css""', 'rel=""stylesheet""', 'type=""text/css""']",0,0,0,0,0,0,0,0,1,0,0,0,0,0,0,0,0,0,0,0,0,0,0,0,0,0,0,,,,,,/Content/Site.css,stylesheet,,0,0,0,0,0,0,0,0,,0,0,0,,0,0,0,0,0,text/css,0,0,0,0,0,0,0,0,,,0,,,,0,0,0,0,0,0,0,0,0,,0,0,,0,0,0,0,0,0,0,0,0,0,0,0,0,,0,0,0,0,0,0,0 0 0 0 0 0 0 0 0 0 0 0 0 0 0 0 0 0 0 0 0 0 0 0 0 0 0 0 0 0 0 0 0 0 0 0 0 0 0 0 0 0 0 0 0 0 0 0 0 0 0 0 0 0 0,0.0
176,2,68,"<link href=""/Content/Home.css"" rel=""stylesheet"" type=""text/css"" />",66,link,"['href=""/Content/Home.css""', 'rel=""stylesheet""', 'type=""text/css""']",0,0,0,0,0,0,0,0,1,0,0,0,0,0,0,0,0,0,0,0,0,0,0,0,0,0,0,,,,,,/Content/Home.css,stylesheet,,0,0,0,0,0,0,0,0,,0,0,0,,0,0,0,0,0,text/css,0,0,0,0,0,0,0,0,,,0,,,,0,0,0,0,0,0,0,0,0,,0,0,,0,0,0,0,0,0,0,0,0,0,0,0,0,,0,0,0,0,0,0,0 0 0 0 0 0 0 0 0 0 0 0 0 0 0 0 0 0 0 0 0 0 0 0 0 0 0 0 0 0 0 0 0 0 0 0 0 0 0 0 0 0 0 0 0 0 0 0 0 0 0 0 0 0 0,0.0
177,2,71,"<link href=""/Content/Account.css"" rel=""stylesheet"" type=""text/css"" />",69,link,"['href=""/Content/Account.css""', 'rel=""stylesheet""', 'type=""text/css""']",0,0,0,0,0,0,0,0,1,0,0,0,0,0,0,0,0,0,0,0,0,0,0,0,0,0,0,,,,,,/Content/Account.css,stylesheet,,0,0,0,0,0,0,0,0,,0,0,0,,0,0,0,0,0,text/css,0,0,0,0,0,0,0,0,,,0,,,,0,0,0,0,0,0,0,0,0,,0,0,,0,0,0,0,0,0,0,0,0,0,0,0,0,,0,0,0,0,0,0,0 0 0 0 0 0 0 0 0 0 0 0 0 0 0 0 0 0 0 0 0 0 0 0 0 0 0 0 0 0 0 0 0 0 0 0 0 0 0 0 0 0 0 0 0 0 0 0 0 0 0 0 0 0 0,0.0
178,2,76,"<link href=""/Content/ShoppingCart.css"" rel=""stylesheet"" type=""text/css"" />",74,link,"['href=""/Content/ShoppingCart.css""', 'rel=""stylesheet""', 'type=""text/css""']",0,0,0,0,0,0,0,0,1,0,0,0,0,0,0,0,0,0,0,0,0,0,0,0,0,0,0,,,,,,/Content/ShoppingCart.css,stylesheet,,0,0,0,0,0,0,0,0,,0,0,0,,0,0,0,0,0,text/css,0,0,0,0,0,0,0,0,,,0,,,,0,0,0,0,0,0,0,0,0,,0,0,,0,0,0,0,0,0,0,0,0,0,0,0,0,,0,0,0,0,0,0,0 0 0 0 0 0 0 0 0 0 0 0 0 0 0 0 0 0 0 0 0 0 0 0 0 0 0 0 0 0 0 0 0 0 0 0 0 0 0 0 0 0 0 0 0 0 0 0 0 0 0 0 0 0 0,0.0
179,2,69,"<link href=""/Content/Store.css"" rel=""stylesheet"" type=""text/css"" />",67,link,"['href=""/Content/Store.css""', 'rel=""stylesheet""', 'type=""text/css""']",0,0,0,0,0,0,0,0,1,0,0,0,0,0,0,0,0,0,0,0,0,0,0,0,0,0,0,,,,,,/Content/Store.css,stylesheet,,0,0,0,0,0,0,0,0,,0,0,0,,0,0,0,0,0,text/css,0,0,0,0,0,0,0,0,,,0,,,,0,0,0,0,0,0,0,0,0,,0,0,,0,0,0,0,0,0,0,0,0,0,0,0,0,,0,0,0,0,0,0,0 0 0 0 0 0 0 0 0 0 0 0 0 0 0 0 0 0 0 0 0 0 0 0 0 0 0 0 0 0 0 0 0 0 0 0 0 0 0 0 0 0 0 0 0 0 0 0 0 0 0 0 0 0 0,0.0
180,2,83,"<link href=""/lib/bootstrap/css/bootstrap.css"" rel=""stylesheet"" type=""text/css"" />",81,link,"['href=""/lib/bootstrap/css/bootstrap.css""', 'rel=""stylesheet""', 'type=""text/css""']",0,0,0,0,0,0,0,0,1,0,0,0,0,0,0,0,0,0,0,0,0,0,0,0,0,0,0,,,,,,/lib/bootstrap/css/bootstrap.css,stylesheet,,0,0,0,0,0,0,0,0,,0,0,0,,0,0,0,0,0,text/css,0,0,0,0,0,0,0,0,,,0,,,,0,0,0,0,0,0,0,0,0,,0,0,,0,0,0,0,0,0,0,0,0,0,0,0,0,,0,0,0,0,0,0,0 0 0 0 0 0 0 0 0 0 0 0 0 0 0 0 0 0 0 0 0 0 0 0 0 0 0 0 0 0 0 0 0 0 0 0 0 0 0 0 0 0 0 0 0 0 0 0 0 0 0 0 0 0 0,0.0
181,2,40,"<script src=""/lib/jquery/jquery.js"" />",38,script,"['src=""/lib/jquery/jquery.js""']",0,0,0,0,0,0,0,0,0,0,0,0,0,0,1,0,0,0,0,0,0,0,0,0,0,0,0,,,,,,,,,0,0,0,0,0,0,0,0,/lib/jquery/jquery.js,0,0,0,,0,0,0,0,0,,0,0,0,0,0,0,0,0,,,0,,,,0,0,0,0,0,0,0,0,0,,0,0,,0,0,0,0,0,0,0,0,0,0,0,0,0,,0,0,0,0,0,0,0 0 0 0 0 0 0 0 0 0 0 0 0 0 0 0 0 0 0 0 0 0 0 0 0 0 0 0 0 0 0 0 0 0 0 0 0 0 0 0 0 0 0 0 0 0 0 0 0 0 0 0 0 0 0,0.0
182,2,50,"<script src=""/lib/jquery-zoom/jquery.zoom.js"" />",48,script,"['src=""/lib/jquery-zoom/jquery.zoom.js""']",0,0,0,0,0,0,0,0,0,0,0,0,0,0,1,0,0,0,0,0,0,0,0,0,0,0,0,,,,,,,,,0,0,0,0,0,0,0,0,/lib/jquery-zoom/jquery.zoom.js,0,0,0,,0,0,0,0,0,,0,0,0,0,0,0,0,0,,,0,,,,0,0,0,0,0,0,0,0,0,,0,0,,0,0,0,0,0,0,0,0,0,0,0,0,0,,0,0,0,0,0,0,0 0 0 0 0 0 0 0 0 0 0 0 0 0 0 0 0 0 0 0 0 0 0 0 0 0 0 0 0 0 0 0 0 0 0 0 0 0 0 0 0 0 0 0 0 0 0 0 0 0 0 0 0 0 0,0.0
183,2,53,"<script src=""/lib/bootstrap/js/bootstrap.min.js"" />",51,script,"['src=""/lib/bootstrap/js/bootstrap.min.js""']",0,0,0,0,0,0,0,0,0,0,0,0,0,0,1,0,0,0,0,0,0,0,0,0,0,0,0,,,,,,,,,0,0,0,0,0,0,0,0,/lib/bootstrap/js/bootstrap.min.js,0,0,0,,0,0,0,0,0,,0,0,0,0,0,0,0,0,,,0,,,,0,0,0,0,0,0,0,0,0,,0,0,,0,0,0,0,0,0,0,0,0,0,0,0,0,,0,0,0,0,0,0,0 0 0 0 0 0 0 0 0 0 0 0 0 0 0 0 0 0 0 0 0 0 0 0 0 0 0 0 0 0 0 0 0 0 0 0 0 0 0 0 0 0 0 0 0 0 0 0 0 0 0 0 0 0 0,0.0
184,2,46,"<script src=""/lib/respond/respond.src.js"" />",44,script,"['src=""/lib/respond/respond.src.js""']",0,0,0,0,0,0,0,0,0,0,0,0,0,0,1,0,0,0,0,0,0,0,0,0,0,0,0,,,,,,,,,0,0,0,0,0,0,0,0,/lib/respond/respond.src.js,0,0,0,,0,0,0,0,0,,0,0,0,0,0,0,0,0,,,0,,,,0,0,0,0,0,0,0,0,0,,0,0,,0,0,0,0,0,0,0,0,0,0,0,0,0,,0,0,0,0,0,0,0 0 0 0 0 0 0 0 0 0 0 0 0 0 0 0 0 0 0 0 0 0 0 0 0 0 0 0 0 0 0 0 0 0 0 0 0 0 0 0 0 0 0 0 0 0 0 0 0 0 0 0 0 0 0,0.0
