,Parent_Count,Char_Count,Main_Tag,Main_Tag_Char_Count,Main_Tag_Name,Main_Tag_Attributes,Tag_Count_html:label,Tag_Count_html:body,Tag_Count_html:link,Tag_Count_path,Tag_Count_html:ol,Tag_Count_html:a,Tag_Count_html:p,Tag_Count_html:b,Tag_Count_html:td,Tag_Count_html:li,Tag_Count_html:input,Tag_Count_html:table,Tag_Count_animatetransform,Tag_Count_html:head,Tag_Count_html:meta,Tag_Count_html:html,Tag_Count_html:div,Tag_Count_html:em,Tag_Count_html:tr,Tag_Count_html:br,Tag_Count_html:ul,Tag_Count_html:form,Tag_Count_html:tbody,Tag_Count_html:title,Tag_Count_html:script,Tag_Count_html:img,Tag_Count_html:style,Tag_Count_svg,Tag_Count_html:fieldset,Tag_Count_html:th,Tag_Count_html:h1,Tag_Count_html:thead,Tag_Count_html:h3,Attr_lang,Attr_content,Attr_href,Attr_rel,Attr_type,Attr_src,Attr_media,Attr_id,Attr_target,Attr_alt,Attr_height,Attr_width,Attr_class,Attr_value,Attr_action,Attr_enctype,Attr_method,Attr_name,Attr_language,Attr_title,Attr_style,Attr_version,Attr_viewbox,Attr_x,Attr_y,Attr_d,Attr_fill,Attr_attributename,Attr_attributetype,Attr_dur,Attr_from,Attr_repeatcount,Attr_to,Attr_onclick,Attr_for,Attr_maxlength
0,0,29553,"<html:html xmlns:html=""http://www.w3.org/1999/xhtml"" xmlns:ns1=""http://www.w3.org/2000/svg"" lang=""en"" xml:lang=""en"">",116,html:html,"['lang=""en""']",1,1,7,1,1,66,7,9,4,69,14,1,1,1,1,1,24,2,3,1,21,3,1,1,19,1,1,1,2,2,2,1,2,en,,,,,,,,,,,,,,,,,,,,,,,,,,,,,,,,,,,
1,1,3183,"<html:head xmlns:html=""http://www.w3.org/1999/xhtml"">",53,html:head,[],0,0,7,0,0,0,0,0,0,0,0,0,0,1,1,0,0,0,0,0,0,0,0,1,14,0,0,0,0,0,0,0,0,,,,,,,,,,,,,,,,,,,,,,,,,,,,,,,,,,,,
2,2,78,"<html:title xmlns:html=""http://www.w3.org/1999/xhtml"">",54,html:title,[],0,0,0,0,0,0,0,0,0,0,0,0,0,0,0,0,0,0,0,0,0,0,0,1,0,0,0,0,0,0,0,0,0,,,,,,,,,,,,,,,,,,,,,,,,,,,,,,,,,,,,
3,2,118,"<html:meta xmlns:html=""http://www.w3.org/1999/xhtml"" content=""text/html; charset=utf-8"" http-equiv=""Content-Type"" />",116,html:meta,"['content=""text/html; charset=utf-8""']",0,0,0,0,0,0,0,0,0,0,0,0,0,0,1,0,0,0,0,0,0,0,0,0,0,0,0,0,0,0,0,0,0,,text/html; charset=utf-8,,,,,,,,,,,,,,,,,,,,,,,,,,,,,,,,,,
4,2,180,"<html:link xmlns:html=""http://www.w3.org/1999/xhtml"" href=""/orangehrm-4.3.1/symfony/web/webres_5cc83b08d42f86.60948938/themes/default/images/favicon.ico"" rel=""shortcut icon"" />",176,html:link,"['href=""/orangehrm-4.3.1/symfony/web/webres_5cc83b08d42f86.60948938/themes/default/images/favicon.ico""', 'rel=""shortcut icon""']",0,0,1,0,0,0,0,0,0,0,0,0,0,0,0,0,0,0,0,0,0,0,0,0,0,0,0,0,0,0,0,0,0,,,/orangehrm-4.3.1/symfony/web/webres_5cc83b08d42f86.60948938/themes/default/images/favicon.ico,shortcut icon,,,,,,,,,,,,,,,,,,,,,,,,,,,,,,,,
5,2,186,"<html:link xmlns:html=""http://www.w3.org/1999/xhtml"" href=""/orangehrm-4.3.1/symfony/web/webres_5cc83b08d42f86.60948938/themes/default/css/reset.css"" rel=""stylesheet"" type=""text/css"" />",184,html:link,"['href=""/orangehrm-4.3.1/symfony/web/webres_5cc83b08d42f86.60948938/themes/default/css/reset.css""', 'rel=""stylesheet""', 'type=""text/css""']",0,0,1,0,0,0,0,0,0,0,0,0,0,0,0,0,0,0,0,0,0,0,0,0,0,0,0,0,0,0,0,0,0,,,/orangehrm-4.3.1/symfony/web/webres_5cc83b08d42f86.60948938/themes/default/css/reset.css,stylesheet,text/css,,,,,,,,,,,,,,,,,,,,,,,,,,,,,,,
6,2,187,"<html:link xmlns:html=""http://www.w3.org/1999/xhtml"" href=""/orangehrm-4.3.1/symfony/web/webres_5cc83b08d42f86.60948938/themes/default/css/tipTip.css"" rel=""stylesheet"" type=""text/css"" />",185,html:link,"['href=""/orangehrm-4.3.1/symfony/web/webres_5cc83b08d42f86.60948938/themes/default/css/tipTip.css""', 'rel=""stylesheet""', 'type=""text/css""']",0,0,1,0,0,0,0,0,0,0,0,0,0,0,0,0,0,0,0,0,0,0,0,0,0,0,0,0,0,0,0,0,0,,,/orangehrm-4.3.1/symfony/web/webres_5cc83b08d42f86.60948938/themes/default/css/tipTip.css,stylesheet,text/css,,,,,,,,,,,,,,,,,,,,,,,,,,,,,,,
7,2,211,"<html:link xmlns:html=""http://www.w3.org/1999/xhtml"" href=""/orangehrm-4.3.1/symfony/web/webres_5cc83b08d42f86.60948938/themes/default/css/jquery/jquery-ui-1.8.21.custom.css"" rel=""stylesheet"" type=""text/css"" />",209,html:link,"['href=""/orangehrm-4.3.1/symfony/web/webres_5cc83b08d42f86.60948938/themes/default/css/jquery/jquery-ui-1.8.21.custom.css""', 'rel=""stylesheet""', 'type=""text/css""']",0,0,1,0,0,0,0,0,0,0,0,0,0,0,0,0,0,0,0,0,0,0,0,0,0,0,0,0,0,0,0,0,0,,,/orangehrm-4.3.1/symfony/web/webres_5cc83b08d42f86.60948938/themes/default/css/jquery/jquery-ui-1.8.21.custom.css,stylesheet,text/css,,,,,,,,,,,,,,,,,,,,,,,,,,,,,,,
8,2,209,"<html:link xmlns:html=""http://www.w3.org/1999/xhtml"" href=""/orangehrm-4.3.1/symfony/web/webres_5cc83b08d42f86.60948938/themes/default/css/jquery/jquery.autocomplete.css"" rel=""stylesheet"" type=""text/css"" />",205,html:link,"['href=""/orangehrm-4.3.1/symfony/web/webres_5cc83b08d42f86.60948938/themes/default/css/jquery/jquery.autocomplete.css""', 'rel=""stylesheet""', 'type=""text/css""']",0,0,1,0,0,0,0,0,0,0,0,0,0,0,0,0,0,0,0,0,0,0,0,0,0,0,0,0,0,0,0,0,0,,,/orangehrm-4.3.1/symfony/web/webres_5cc83b08d42f86.60948938/themes/default/css/jquery/jquery.autocomplete.css,stylesheet,text/css,,,,,,,,,,,,,,,,,,,,,,,,,,,,,,,
9,2,185,"<html:link xmlns:html=""http://www.w3.org/1999/xhtml"" href=""/orangehrm-4.3.1/symfony/web/webres_5cc83b08d42f86.60948938/themes/default/css/main.css"" rel=""stylesheet"" type=""text/css"" />",183,html:link,"['href=""/orangehrm-4.3.1/symfony/web/webres_5cc83b08d42f86.60948938/themes/default/css/main.css""', 'rel=""stylesheet""', 'type=""text/css""']",0,0,1,0,0,0,0,0,0,0,0,0,0,0,0,0,0,0,0,0,0,0,0,0,0,0,0,0,0,0,0,0,0,,,/orangehrm-4.3.1/symfony/web/webres_5cc83b08d42f86.60948938/themes/default/css/main.css,stylesheet,text/css,,,,,,,,,,,,,,,,,,,,,,,,,,,,,,,
10,2,178,"<html:script xmlns:html=""http://www.w3.org/1999/xhtml"" src=""/orangehrm-4.3.1/symfony/web/webres_5cc83b08d42f86.60948938/js/jquery/jquery-1.7.2.min.js"" type=""text/javascript"" />",176,html:script,"['src=""/orangehrm-4.3.1/symfony/web/webres_5cc83b08d42f86.60948938/js/jquery/jquery-1.7.2.min.js""', 'type=""text/javascript""']",0,0,0,0,0,0,0,0,0,0,0,0,0,0,0,0,0,0,0,0,0,0,0,0,1,0,0,0,0,0,0,0,0,,,,,text/javascript,/orangehrm-4.3.1/symfony/web/webres_5cc83b08d42f86.60948938/js/jquery/jquery-1.7.2.min.js,,,,,,,,,,,,,,,,,,,,,,,,,,,,,,
11,2,186,"<html:script xmlns:html=""http://www.w3.org/1999/xhtml"" src=""/orangehrm-4.3.1/symfony/web/webres_5cc83b08d42f86.60948938/js/jquery/validate/jquery.validate.js"" type=""text/javascript"" />",184,html:script,"['src=""/orangehrm-4.3.1/symfony/web/webres_5cc83b08d42f86.60948938/js/jquery/validate/jquery.validate.js""', 'type=""text/javascript""']",0,0,0,0,0,0,0,0,0,0,0,0,0,0,0,0,0,0,0,0,0,0,0,0,1,0,0,0,0,0,0,0,0,,,,,text/javascript,/orangehrm-4.3.1/symfony/web/webres_5cc83b08d42f86.60948938/js/jquery/validate/jquery.validate.js,,,,,,,,,,,,,,,,,,,,,,,,,,,,,,
12,2,176,"<html:script xmlns:html=""http://www.w3.org/1999/xhtml"" src=""/orangehrm-4.3.1/symfony/web/webres_5cc83b08d42f86.60948938/js/jquery/jquery.ui.core.js"" type=""text/javascript"" />",174,html:script,"['src=""/orangehrm-4.3.1/symfony/web/webres_5cc83b08d42f86.60948938/js/jquery/jquery.ui.core.js""', 'type=""text/javascript""']",0,0,0,0,0,0,0,0,0,0,0,0,0,0,0,0,0,0,0,0,0,0,0,0,1,0,0,0,0,0,0,0,0,,,,,text/javascript,/orangehrm-4.3.1/symfony/web/webres_5cc83b08d42f86.60948938/js/jquery/jquery.ui.core.js,,,,,,,,,,,,,,,,,,,,,,,,,,,,,,
13,2,181,"<html:script xmlns:html=""http://www.w3.org/1999/xhtml"" src=""/orangehrm-4.3.1/symfony/web/webres_5cc83b08d42f86.60948938/js/jquery/jquery.autocomplete.js"" type=""text/javascript"" />",179,html:script,"['src=""/orangehrm-4.3.1/symfony/web/webres_5cc83b08d42f86.60948938/js/jquery/jquery.autocomplete.js""', 'type=""text/javascript""']",0,0,0,0,0,0,0,0,0,0,0,0,0,0,0,0,0,0,0,0,0,0,0,0,1,0,0,0,0,0,0,0,0,,,,,text/javascript,/orangehrm-4.3.1/symfony/web/webres_5cc83b08d42f86.60948938/js/jquery/jquery.autocomplete.js,,,,,,,,,,,,,,,,,,,,,,,,,,,,,,
14,2,177,"<html:script xmlns:html=""http://www.w3.org/1999/xhtml"" src=""/orangehrm-4.3.1/symfony/web/webres_5cc83b08d42f86.60948938/js/orangehrm.autocomplete.js"" type=""text/javascript"" />",175,html:script,"['src=""/orangehrm-4.3.1/symfony/web/webres_5cc83b08d42f86.60948938/js/orangehrm.autocomplete.js""', 'type=""text/javascript""']",0,0,0,0,0,0,0,0,0,0,0,0,0,0,0,0,0,0,0,0,0,0,0,0,1,0,0,0,0,0,0,0,0,,,,,text/javascript,/orangehrm-4.3.1/symfony/web/webres_5cc83b08d42f86.60948938/js/orangehrm.autocomplete.js,,,,,,,,,,,,,,,,,,,,,,,,,,,,,,
15,2,182,"<html:script xmlns:html=""http://www.w3.org/1999/xhtml"" src=""/orangehrm-4.3.1/symfony/web/webres_5cc83b08d42f86.60948938/js/jquery/jquery.ui.datepicker.js"" type=""text/javascript"" />",180,html:script,"['src=""/orangehrm-4.3.1/symfony/web/webres_5cc83b08d42f86.60948938/js/jquery/jquery.ui.datepicker.js""', 'type=""text/javascript""']",0,0,0,0,0,0,0,0,0,0,0,0,0,0,0,0,0,0,0,0,0,0,0,0,1,0,0,0,0,0,0,0,0,,,,,text/javascript,/orangehrm-4.3.1/symfony/web/webres_5cc83b08d42f86.60948938/js/jquery/jquery.ui.datepicker.js,,,,,,,,,,,,,,,,,,,,,,,,,,,,,,
16,2,173,"<html:script xmlns:html=""http://www.w3.org/1999/xhtml"" src=""/orangehrm-4.3.1/symfony/web/webres_5cc83b08d42f86.60948938/js/jquery/jquery.form.js"" type=""text/javascript"" />",171,html:script,"['src=""/orangehrm-4.3.1/symfony/web/webres_5cc83b08d42f86.60948938/js/jquery/jquery.form.js""', 'type=""text/javascript""']",0,0,0,0,0,0,0,0,0,0,0,0,0,0,0,0,0,0,0,0,0,0,0,0,1,0,0,0,0,0,0,0,0,,,,,text/javascript,/orangehrm-4.3.1/symfony/web/webres_5cc83b08d42f86.60948938/js/jquery/jquery.form.js,,,,,,,,,,,,,,,,,,,,,,,,,,,,,,
17,2,184,"<html:script xmlns:html=""http://www.w3.org/1999/xhtml"" src=""/orangehrm-4.3.1/symfony/web/webres_5cc83b08d42f86.60948938/js/jquery/jquery.tipTip.minified.js"" type=""text/javascript"" />",182,html:script,"['src=""/orangehrm-4.3.1/symfony/web/webres_5cc83b08d42f86.60948938/js/jquery/jquery.tipTip.minified.js""', 'type=""text/javascript""']",0,0,0,0,0,0,0,0,0,0,0,0,0,0,0,0,0,0,0,0,0,0,0,0,1,0,0,0,0,0,0,0,0,,,,,text/javascript,/orangehrm-4.3.1/symfony/web/webres_5cc83b08d42f86.60948938/js/jquery/jquery.tipTip.minified.js,,,,,,,,,,,,,,,,,,,,,,,,,,,,,,
18,2,177,"<html:script xmlns:html=""http://www.w3.org/1999/xhtml"" src=""/orangehrm-4.3.1/symfony/web/webres_5cc83b08d42f86.60948938/js/jquery/bootstrap-modal.js"" type=""text/javascript"" />",175,html:script,"['src=""/orangehrm-4.3.1/symfony/web/webres_5cc83b08d42f86.60948938/js/jquery/bootstrap-modal.js""', 'type=""text/javascript""']",0,0,0,0,0,0,0,0,0,0,0,0,0,0,0,0,0,0,0,0,0,0,0,0,1,0,0,0,0,0,0,0,0,,,,,text/javascript,/orangehrm-4.3.1/symfony/web/webres_5cc83b08d42f86.60948938/js/jquery/bootstrap-modal.js,,,,,,,,,,,,,,,,,,,,,,,,,,,,,,
19,2,181,"<html:script xmlns:html=""http://www.w3.org/1999/xhtml"" src=""/orangehrm-4.3.1/symfony/web/webres_5cc83b08d42f86.60948938/js/jquery/jquery.clickoutside.js"" type=""text/javascript"" />",179,html:script,"['src=""/orangehrm-4.3.1/symfony/web/webres_5cc83b08d42f86.60948938/js/jquery/jquery.clickoutside.js""', 'type=""text/javascript""']",0,0,0,0,0,0,0,0,0,0,0,0,0,0,0,0,0,0,0,0,0,0,0,0,1,0,0,0,0,0,0,0,0,,,,,text/javascript,/orangehrm-4.3.1/symfony/web/webres_5cc83b08d42f86.60948938/js/jquery/jquery.clickoutside.js,,,,,,,,,,,,,,,,,,,,,,,,,,,,,,
20,2,173,"<html:script xmlns:html=""http://www.w3.org/1999/xhtml"" src=""/orangehrm-4.3.1/symfony/web/webres_5cc83b08d42f86.60948938/js/orangehrm.validate.js"" type=""text/javascript"" />",171,html:script,"['src=""/orangehrm-4.3.1/symfony/web/webres_5cc83b08d42f86.60948938/js/orangehrm.validate.js""', 'type=""text/javascript""']",0,0,0,0,0,0,0,0,0,0,0,0,0,0,0,0,0,0,0,0,0,0,0,0,1,0,0,0,0,0,0,0,0,,,,,text/javascript,/orangehrm-4.3.1/symfony/web/webres_5cc83b08d42f86.60948938/js/orangehrm.validate.js,,,,,,,,,,,,,,,,,,,,,,,,,,,,,,
21,2,162,"<html:script xmlns:html=""http://www.w3.org/1999/xhtml"" src=""/orangehrm-4.3.1/symfony/web/webres_5cc83b08d42f86.60948938/js/archive.js"" type=""text/javascript"" />",160,html:script,"['src=""/orangehrm-4.3.1/symfony/web/webres_5cc83b08d42f86.60948938/js/archive.js""', 'type=""text/javascript""']",0,0,0,0,0,0,0,0,0,0,0,0,0,0,0,0,0,0,0,0,0,0,0,0,1,0,0,0,0,0,0,0,0,,,,,text/javascript,/orangehrm-4.3.1/symfony/web/webres_5cc83b08d42f86.60948938/js/archive.js,,,,,,,,,,,,,,,,,,,,,,,,,,,,,,
22,2,180,"<html:script xmlns:html=""http://www.w3.org/1999/xhtml"" src=""/orangehrm-4.3.1/symfony/web/webres_5cc83b08d42f86.60948938/js/orangehrm.marketplace.js"" type=""text/javascript"" />",174,html:script,"['src=""/orangehrm-4.3.1/symfony/web/webres_5cc83b08d42f86.60948938/js/orangehrm.marketplace.js""', 'type=""text/javascript""']",0,0,0,0,0,0,0,0,0,0,0,0,0,0,0,0,0,0,0,0,0,0,0,0,1,0,0,0,0,0,0,0,0,,,,,text/javascript,/orangehrm-4.3.1/symfony/web/webres_5cc83b08d42f86.60948938/js/orangehrm.marketplace.js,,,,,,,,,,,,,,,,,,,,,,,,,,,,,,
23,2,201,"<html:script xmlns:html=""http://www.w3.org/1999/xhtml"" src=""/orangehrm-4.3.1/symfony/web/webres_5cc83b08d42f86.60948938/orangehrmPimPlugin/js/viewReportingMethodsSuccess.js"" type=""text/javascript"" />",199,html:script,"['src=""/orangehrm-4.3.1/symfony/web/webres_5cc83b08d42f86.60948938/orangehrmPimPlugin/js/viewReportingMethodsSuccess.js""', 'type=""text/javascript""']",0,0,0,0,0,0,0,0,0,0,0,0,0,0,0,0,0,0,0,0,0,0,0,0,1,0,0,0,0,0,0,0,0,,,,,text/javascript,/orangehrm-4.3.1/symfony/web/webres_5cc83b08d42f86.60948938/orangehrmPimPlugin/js/viewReportingMethodsSuccess.js,,,,,,,,,,,,,,,,,,,,,,,,,,,,,,
24,2,215,"<html:link xmlns:html=""http://www.w3.org/1999/xhtml"" href=""/orangehrm-4.3.1/symfony/web/webres_5cc83b08d42f86.60948938/orangehrmBeaconPlugin/css/_beaconAbout.css"" media=""screen"" rel=""stylesheet"" type=""text/css"" />",213,html:link,"['href=""/orangehrm-4.3.1/symfony/web/webres_5cc83b08d42f86.60948938/orangehrmBeaconPlugin/css/_beaconAbout.css""', 'media=""screen""', 'rel=""stylesheet""', 'type=""text/css""']",0,0,1,0,0,0,0,0,0,0,0,0,0,0,0,0,0,0,0,0,0,0,0,0,0,0,0,0,0,0,0,0,0,,,/orangehrm-4.3.1/symfony/web/webres_5cc83b08d42f86.60948938/orangehrmBeaconPlugin/css/_beaconAbout.css,stylesheet,text/css,,screen,,,,,,,,,,,,,,,,,,,,,,,,,,,,,
25,1,26363,"<html:body xmlns:html=""http://www.w3.org/1999/xhtml"" xmlns:ns1=""http://www.w3.org/2000/svg"">",92,html:body,[],1,1,0,1,1,66,7,9,4,69,14,1,1,0,0,0,24,2,3,1,21,3,1,0,5,1,1,1,2,2,2,1,2,,,,,,,,,,,,,,,,,,,,,,,,,,,,,,,,,,,,
26,2,22517,"<html:div xmlns:html=""http://www.w3.org/1999/xhtml"" xmlns:ns1=""http://www.w3.org/2000/svg"" id=""wrapper"">",104,html:div,"['id=""wrapper""']",1,0,0,1,1,65,7,9,4,69,14,1,1,0,0,0,23,2,3,0,21,3,1,0,4,1,1,1,2,2,2,1,2,,,,,,,,wrapper,,,,,,,,,,,,,,,,,,,,,,,,,,,,
27,3,10172,"<html:div xmlns:html=""http://www.w3.org/1999/xhtml"" xmlns:ns1=""http://www.w3.org/2000/svg"" id=""branding"">",105,html:div,"['id=""branding""']",0,0,0,1,0,7,5,0,0,7,3,0,1,0,0,0,14,0,0,0,2,1,0,0,3,1,1,1,0,0,0,0,2,,,,,,,,branding,,,,,,,,,,,,,,,,,,,,,,,,,,,,
28,4,261,"<html:a xmlns:html=""http://www.w3.org/1999/xhtml"" href=""http://www.orangehrm.com/"" target=""_blank"">",99,html:a,"['href=""http://www.orangehrm.com/""', 'target=""_blank""']",0,0,0,0,0,1,0,0,0,0,0,0,0,0,0,0,0,0,0,0,0,0,0,0,0,1,0,0,0,0,0,0,0,,,http://www.orangehrm.com/,,,,,,_blank,,,,,,,,,,,,,,,,,,,,,,,,,,,
29,5,191,"<html:img xmlns:html=""http://www.w3.org/1999/xhtml"" alt=""OrangeHRM"" height=""56"" src=""/orangehrm-4.3.1/symfony/web/webres_5cc83b08d42f86.60948938/themes/default/images/logo.png"" width=""283"" />",191,html:img,"['alt=""OrangeHRM""', 'height=""56""', 'src=""/orangehrm-4.3.1/symfony/web/webres_5cc83b08d42f86.60948938/themes/default/images/logo.png""', 'width=""283""']",0,0,0,0,0,0,0,0,0,0,0,0,0,0,0,0,0,0,0,0,0,0,0,0,0,1,0,0,0,0,0,0,0,,,,,,/orangehrm-4.3.1/symfony/web/webres_5cc83b08d42f86.60948938/themes/default/images/logo.png,,,,OrangeHRM,56,283,,,,,,,,,,,,,,,,,,,,,,,,
30,4,117,"<html:a xmlns:html=""http://www.w3.org/1999/xhtml"" class=""panelTrigger"" href=""#"" id=""welcome"">",93,html:a,"['class=""panelTrigger""', 'href=""#""', 'id=""welcome""']",0,0,0,0,0,1,0,0,0,0,0,0,0,0,0,0,0,0,0,0,0,0,0,0,0,0,0,0,0,0,0,0,0,,,#,,,,,welcome,,,,,panelTrigger,,,,,,,,,,,,,,,,,,,,,,,
31,4,157,"<html:div xmlns:html=""http://www.w3.org/1999/xhtml"" id=""MP_btn"">",64,html:div,"['id=""MP_btn""']",0,0,0,0,0,0,0,0,0,0,1,0,0,0,0,0,1,0,0,0,0,0,0,0,0,0,0,0,0,0,0,0,0,,,,,,,,MP_btn,,,,,,,,,,,,,,,,,,,,,,,,,,,,
32,5,120,"<html:input xmlns:html=""http://www.w3.org/1999/xhtml"" class=""button"" id=""MP_link"" type=""button"" value=""Marketplace"" />",118,html:input,"['class=""button""', 'id=""MP_link""', 'type=""button""', 'value=""Marketplace""']",0,0,0,0,0,0,0,0,0,0,1,0,0,0,0,0,0,0,0,0,0,0,0,0,0,0,0,0,0,0,0,0,0,,,,,button,,,MP_link,,,,,button,Marketplace,,,,,,,,,,,,,,,,,,,,,,
33,4,192,"<html:script xmlns:html=""http://www.w3.org/1999/xhtml"">",55,html:script,[],0,0,0,0,0,0,0,0,0,0,0,0,0,0,0,0,0,0,0,0,0,0,0,0,1,0,0,0,0,0,0,0,0,,,,,,,,,,,,,,,,,,,,,,,,,,,,,,,,,,,,
34,4,2991,"<html:div xmlns:html=""http://www.w3.org/1999/xhtml"" class=""panelContainer"" id=""welcome-menu"">",93,html:div,"['class=""panelContainer""', 'id=""welcome-menu""']",0,0,0,0,0,4,4,0,0,7,0,0,0,0,0,0,5,0,0,0,2,1,0,0,1,0,0,0,0,0,0,0,1,,,,,,,,welcome-menu,,,,,panelContainer,,,,,,,,,,,,,,,,,,,,,,,
35,5,2925,"<html:ul xmlns:html=""http://www.w3.org/1999/xhtml"">",51,html:ul,[],0,0,0,0,0,4,4,0,0,7,0,0,0,0,0,0,4,0,0,0,2,1,0,0,1,0,0,0,0,0,0,0,1,,,,,,,,,,,,,,,,,,,,,,,,,,,,,,,,,,,,
36,6,2676,"<html:li xmlns:html=""http://www.w3.org/1999/xhtml"">",51,html:li,[],0,0,0,0,0,2,4,0,0,5,0,0,0,0,0,0,4,0,0,0,1,1,0,0,1,0,0,0,0,0,0,0,1,,,,,,,,,,,,,,,,,,,,,,,,,,,,,,,,,,,,
37,7,118,"<html:a xmlns:html=""http://www.w3.org/1999/xhtml"" data-dismiss=""modal"" href=""#"" id=""aboutDisplayLink"">",102,html:a,"['href=""#""', 'id=""aboutDisplayLink""']",0,0,0,0,0,1,0,0,0,0,0,0,0,0,0,0,0,0,0,0,0,0,0,0,0,0,0,0,0,0,0,0,0,,,#,,,,,aboutDisplayLink,,,,,,,,,,,,,,,,,,,,,,,,,,,,
38,7,793,"<html:div xmlns:html=""http://www.w3.org/1999/xhtml"" class=""modal hide"" id=""displayAbout"">",89,html:div,"['class=""modal hide""', 'id=""displayAbout""']",0,0,0,0,0,1,4,0,0,4,0,0,0,0,0,0,4,0,0,0,1,1,0,0,0,0,0,0,0,0,0,0,1,,,,,,,,displayAbout,,,,,modal hide,,,,,,,,,,,,,,,,,,,,,,,
39,8,174,"<html:div xmlns:html=""http://www.w3.org/1999/xhtml"" class=""modal-header"">",73,html:div,"['class=""modal-header""']",0,0,0,0,0,1,0,0,0,0,0,0,0,0,0,0,1,0,0,0,0,0,0,0,0,0,0,0,0,0,0,0,1,,,,,,,,,,,,,modal-header,,,,,,,,,,,,,,,,,,,,,,,
40,9,102,"<html:a xmlns:html=""http://www.w3.org/1999/xhtml"" class=""close"" data-dismiss=""modal"">",85,html:a,"['class=""close""']",0,0,0,0,0,1,0,0,0,0,0,0,0,0,0,0,0,0,0,0,0,0,0,0,0,0,0,0,0,0,0,0,0,,,,,,,,,,,,,close,,,,,,,,,,,,,,,,,,,,,,,
41,9,68,"<html:h3 xmlns:html=""http://www.w3.org/1999/xhtml"">",51,html:h3,[],0,0,0,0,0,0,0,0,0,0,0,0,0,0,0,0,0,0,0,0,0,0,0,0,0,0,0,0,0,0,0,0,1,,,,,,,,,,,,,,,,,,,,,,,,,,,,,,,,,,,,
42,8,599,"<html:form xmlns:html=""http://www.w3.org/1999/xhtml"" action=""/orangehrm-4.3.1/symfony/web/index.php/communication/beaconAboutAjax"" enctype=""multipart/form-data"" id=""frmSelectEmployees"" method=""post"" name=""frmSelectEmployees"">",225,html:form,"['action=""/orangehrm-4.3.1/symfony/web/index.php/communication/beaconAboutAjax""', 'enctype=""multipart/form-data""', 'id=""frmSelectEmployees""', 'method=""post""', 'name=""frmSelectEmployees""']",0,0,0,0,0,0,4,0,0,4,0,0,0,0,0,0,2,0,0,0,1,1,0,0,0,0,0,0,0,0,0,0,0,,,,,,,,frmSelectEmployees,,,,,,,/orangehrm-4.3.1/symfony/web/index.php/communication/beaconAboutAjax,multipart/form-data,post,frmSelectEmployees,,,,,,,,,,,,,,,,,,
43,9,400,"<html:div xmlns:html=""http://www.w3.org/1999/xhtml"" class=""modal-body"">",71,html:div,"['class=""modal-body""']",0,0,0,0,0,0,4,0,0,4,0,0,0,0,0,0,2,0,0,0,1,0,0,0,0,0,0,0,0,0,0,0,0,,,,,,,,,,,,,modal-body,,,,,,,,,,,,,,,,,,,,,,,
44,10,358,"<html:div xmlns:html=""http://www.w3.org/1999/xhtml"" id=""companyInfo"">",69,html:div,"['id=""companyInfo""']",0,0,0,0,0,0,4,0,0,4,0,0,0,0,0,0,1,0,0,0,1,0,0,0,0,0,0,0,0,0,0,0,0,,,,,,,,companyInfo,,,,,,,,,,,,,,,,,,,,,,,,,,,,
45,11,316,"<html:ul xmlns:html=""http://www.w3.org/1999/xhtml"">",51,html:ul,[],0,0,0,0,0,0,4,0,0,4,0,0,0,0,0,0,0,0,0,0,1,0,0,0,0,0,0,0,0,0,0,0,0,,,,,,,,,,,,,,,,,,,,,,,,,,,,,,,,,,,,
46,12,98,"<html:li xmlns:html=""http://www.w3.org/1999/xhtml"">",51,html:li,[],0,0,0,0,0,0,1,0,0,1,0,0,0,0,0,0,0,0,0,0,0,0,0,0,0,0,0,0,0,0,0,0,0,,,,,,,,,,,,,,,,,,,,,,,,,,,,,,,,,,,,
47,13,75,"<html:p xmlns:html=""http://www.w3.org/1999/xhtml"">",50,html:p,[],0,0,0,0,0,0,1,0,0,0,0,0,0,0,0,0,0,0,0,0,0,0,0,0,0,0,0,0,0,0,0,0,0,,,,,,,,,,,,,,,,,,,,,,,,,,,,,,,,,,,,
48,12,111,"<html:li xmlns:html=""http://www.w3.org/1999/xhtml"">",51,html:li,[],0,0,0,0,0,0,1,0,0,1,0,0,0,0,0,0,0,0,0,0,0,0,0,0,0,0,0,0,0,0,0,0,0,,,,,,,,,,,,,,,,,,,,,,,,,,,,,,,,,,,,
49,13,88,"<html:p xmlns:html=""http://www.w3.org/1999/xhtml"">",50,html:p,[],0,0,0,0,0,0,1,0,0,0,0,0,0,0,0,0,0,0,0,0,0,0,0,0,0,0,0,0,0,0,0,0,0,,,,,,,,,,,,,,,,,,,,,,,,,,,,,,,,,,,,
50,12,103,"<html:li xmlns:html=""http://www.w3.org/1999/xhtml"">",51,html:li,[],0,0,0,0,0,0,1,0,0,1,0,0,0,0,0,0,0,0,0,0,0,0,0,0,0,0,0,0,0,0,0,0,0,,,,,,,,,,,,,,,,,,,,,,,,,,,,,,,,,,,,
51,13,80,"<html:p xmlns:html=""http://www.w3.org/1999/xhtml"">",50,html:p,[],0,0,0,0,0,0,1,0,0,0,0,0,0,0,0,0,0,0,0,0,0,0,0,0,0,0,0,0,0,0,0,0,0,,,,,,,,,,,,,,,,,,,,,,,,,,,,,,,,,,,,
52,12,107,"<html:li xmlns:html=""http://www.w3.org/1999/xhtml"">",51,html:li,[],0,0,0,0,0,0,1,0,0,1,0,0,0,0,0,0,0,0,0,0,0,0,0,0,0,0,0,0,0,0,0,0,0,,,,,,,,,,,,,,,,,,,,,,,,,,,,,,,,,,,,
53,13,84,"<html:p xmlns:html=""http://www.w3.org/1999/xhtml"">",50,html:p,[],0,0,0,0,0,0,1,0,0,0,0,0,0,0,0,0,0,0,0,0,0,0,0,0,0,0,0,0,0,0,0,0,0,,,,,,,,,,,,,,,,,,,,,,,,,,,,,,,,,,,,
54,7,1826,"<html:script xmlns:html=""http://www.w3.org/1999/xhtml"" type=""text/javascript"">",78,html:script,"['type=""text/javascript""']",0,0,0,0,0,0,0,0,0,0,0,0,0,0,0,0,0,0,0,0,0,0,0,0,1,0,0,0,0,0,0,0,0,,,,,text/javascript,,,,,,,,,,,,,,,,,,,,,,,,,,,,,,,
55,6,166,"<html:li xmlns:html=""http://www.w3.org/1999/xhtml"">",51,html:li,[],0,0,0,0,0,1,0,0,0,1,0,0,0,0,0,0,0,0,0,0,0,0,0,0,0,0,0,0,0,0,0,0,0,,,,,,,,,,,,,,,,,,,,,,,,,,,,,,,,,,,,
56,7,145,"<html:a xmlns:html=""http://www.w3.org/1999/xhtml"" href=""/orangehrm-4.3.1/symfony/web/index.php/admin/changeUserPassword"">",121,html:a,"['href=""/orangehrm-4.3.1/symfony/web/index.php/admin/changeUserPassword""']",0,0,0,0,0,1,0,0,0,0,0,0,0,0,0,0,0,0,0,0,0,0,0,0,0,0,0,0,0,0,0,0,0,,,/orangehrm-4.3.1/symfony/web/index.php/admin/changeUserPassword,,,,,,,,,,,,,,,,,,,,,,,,,,,,,,,,,
57,6,144,"<html:li xmlns:html=""http://www.w3.org/1999/xhtml"">",51,html:li,[],0,0,0,0,0,1,0,0,0,1,0,0,0,0,0,0,0,0,0,0,0,0,0,0,0,0,0,0,0,0,0,0,0,,,,,,,,,,,,,,,,,,,,,,,,,,,,,,,,,,,,
58,7,123,"<html:a xmlns:html=""http://www.w3.org/1999/xhtml"" href=""/orangehrm-4.3.1/symfony/web/index.php/auth/logout"">",108,html:a,"['href=""/orangehrm-4.3.1/symfony/web/index.php/auth/logout""']",0,0,0,0,0,1,0,0,0,0,0,0,0,0,0,0,0,0,0,0,0,0,0,0,0,0,0,0,0,0,0,0,0,,,/orangehrm-4.3.1/symfony/web/index.php/auth/logout,,,,,,,,,,,,,,,,,,,,,,,,,,,,,,,,,
59,4,228,"<html:style xmlns:html=""http://www.w3.org/1999/xhtml"">",54,html:style,[],0,0,0,0,0,0,0,0,0,0,0,0,0,0,0,0,0,0,0,0,0,0,0,0,0,0,1,0,0,0,0,0,0,,,,,,,,,,,,,,,,,,,,,,,,,,,,,,,,,,,,
60,4,5169,"<html:script xmlns:html=""http://www.w3.org/1999/xhtml"" language=""javascript"">",77,html:script,"['language=""javascript""']",0,0,0,0,0,0,0,0,0,0,0,0,0,0,0,0,0,0,0,0,0,0,0,0,1,0,0,0,0,0,0,0,0,,,,,,,,,,,,,,,,,,,javascript,,,,,,,,,,,,,,,,,
61,4,1311,"<html:div xmlns:html=""http://www.w3.org/1999/xhtml"" xmlns:ns1=""http://www.w3.org/2000/svg"">",91,html:div,[],0,0,0,1,0,1,1,0,0,0,2,0,1,0,0,0,7,0,0,0,0,0,0,0,0,0,0,1,0,0,0,0,1,,,,,,,,,,,,,,,,,,,,,,,,,,,,,,,,,,,,
62,5,647,"<html:div xmlns:html=""http://www.w3.org/1999/xhtml"" xmlns:ns1=""http://www.w3.org/2000/svg"" class=""toggl"">",105,html:div,"['class=""toggl""']",0,0,0,1,0,0,0,0,0,0,0,0,1,0,0,0,2,0,0,0,0,0,0,0,0,0,0,1,0,0,0,0,0,,,,,,,,,,,,,toggl,,,,,,,,,,,,,,,,,,,,,,,
63,6,608,"<html:div xmlns:html=""http://www.w3.org/1999/xhtml"" xmlns:ns1=""http://www.w3.org/2000/svg"" class=""loader loader--style2"" title=""1"">",131,html:div,"['class=""loader loader--style2""', 'title=""1""']",0,0,0,1,0,0,0,0,0,0,0,0,1,0,0,0,1,0,0,0,0,0,0,0,0,0,0,1,0,0,0,0,0,,,,,,,,,,,,,loader loader--style2,,,,,,,1,,,,,,,,,,,,,,,,
64,7,501,"<svg xmlns:ns0=""http://www.w3.org/2000/svg"" class=""svgcl"" height=""30px"" id=""loader-1"" style=""enable-background:new 0 0 50 50;"" version=""1.1"" viewbox=""0 0 50 50"" width=""30px"" x=""0px"" y=""0px"" xml:space=""preserve"">",211,svg,"['class=""svgcl""', 'height=""30px""', 'id=""loader-1""', 'style=""enable-background:new 0 0 50 50;""', 'version=""1.1""', 'viewbox=""0 0 50 50""', 'width=""30px""', 'x=""0px""', 'y=""0px""']",0,0,0,1,0,0,0,0,0,0,0,0,1,0,0,0,0,0,0,0,0,0,0,0,0,0,0,1,0,0,0,0,0,,,,,,,,loader-1,,,30px,30px,svgcl,,,,,,,,enable-background:new 0 0 50 50;,1.1,0 0 50 50,0px,0px,,,,,,,,,,,
65,8,319,"<path xmlns:ns0=""http://www.w3.org/2000/svg"" d=""M25.251,6.461c-10.318,0-18.683,8.365-18.683,18.683h4.068c0-8.071,6.543-14.615,14.615-14.615V6.461z"" fill=""#000"">",160,path,"['d=""M25.251,6.461c-10.318,0-18.683,8.365-18.683,18.683h4.068c0-8.071,6.543-14.615,14.615-14.615V6.461z""', 'fill=""#000""']",0,0,0,1,0,0,0,0,0,0,0,0,1,0,0,0,0,0,0,0,0,0,0,0,0,0,0,0,0,0,0,0,0,,,,,,,,,,,,,,,,,,,,,,,,,,"M25.251,6.461c-10.318,0-18.683,8.365-18.683,18.683h4.068c0-8.071,6.543-14.615,14.615-14.615V6.461z",#000,,,,,,,,,
66,9,187,"<animatetransform xmlns:ns0=""http://www.w3.org/2000/svg"" attributename=""transform"" attributetype=""xml"" dur=""0.6s"" from=""0 25 25"" repeatcount=""indefinite"" to=""360 25 25"" type=""rotate"" />",185,animatetransform,"['attributename=""transform""', 'attributetype=""xml""', 'dur=""0.6s""', 'from=""0 25 25""', 'repeatcount=""indefinite""', 'to=""360 25 25""', 'type=""rotate""']",0,0,0,0,0,0,0,0,0,0,0,0,1,0,0,0,0,0,0,0,0,0,0,0,0,0,0,0,0,0,0,0,0,,,,,rotate,,,,,,,,,,,,,,,,,,,,,,,transform,xml,0.6s,0 25 25,indefinite,360 25 25,,,
67,5,679,"<html:div xmlns:html=""http://www.w3.org/1999/xhtml"" class=""modal hide"" id=""togglConfirm"" style=""display: none;"">",112,html:div,"['class=""modal hide""', 'id=""togglConfirm""', 'style=""display: none;""']",0,0,0,0,0,1,1,0,0,0,2,0,0,0,0,0,4,0,0,0,0,0,0,0,0,0,0,0,0,0,0,0,1,,,,,,,,togglConfirm,,,,,modal hide,,,,,,,,display: none;,,,,,,,,,,,,,,,
68,6,187,"<html:div xmlns:html=""http://www.w3.org/1999/xhtml"" class=""modal-header"">",73,html:div,"['class=""modal-header""']",0,0,0,0,0,1,0,0,0,0,0,0,0,0,0,0,1,0,0,0,0,0,0,0,0,0,0,0,0,0,0,0,1,,,,,,,,,,,,,modal-header,,,,,,,,,,,,,,,,,,,,,,,
69,7,102,"<html:a xmlns:html=""http://www.w3.org/1999/xhtml"" class=""close"" data-dismiss=""modal"">",85,html:a,"['class=""close""']",0,0,0,0,0,1,0,0,0,0,0,0,0,0,0,0,0,0,0,0,0,0,0,0,0,0,0,0,0,0,0,0,0,,,,,,,,,,,,,close,,,,,,,,,,,,,,,,,,,,,,,
70,7,81,"<html:h3 xmlns:html=""http://www.w3.org/1999/xhtml"">",51,html:h3,[],0,0,0,0,0,0,0,0,0,0,0,0,0,0,0,0,0,0,0,0,0,0,0,0,0,0,0,0,0,0,0,0,1,,,,,,,,,,,,,,,,,,,,,,,,,,,,,,,,,,,,
71,6,211,"<html:div xmlns:html=""http://www.w3.org/1999/xhtml"" class=""modal-body"">",71,html:div,"['class=""modal-body""']",0,0,0,0,0,0,1,0,0,0,0,0,0,0,0,0,1,0,0,0,0,0,0,0,0,0,0,0,0,0,0,0,0,,,,,,,,,,,,,modal-body,,,,,,,,,,,,,,,,,,,,,,,
72,7,167,"<html:p xmlns:html=""http://www.w3.org/1999/xhtml"">",50,html:p,[],0,0,0,0,0,0,1,0,0,0,0,0,0,0,0,0,0,0,0,0,0,0,0,0,0,0,0,0,0,0,0,0,0,,,,,,,,,,,,,,,,,,,,,,,,,,,,,,,,,,,,
73,6,280,"<html:div xmlns:html=""http://www.w3.org/1999/xhtml"" class=""modal-footer"">",73,html:div,"['class=""modal-footer""']",0,0,0,0,0,0,0,0,0,0,2,0,0,0,0,0,1,0,0,0,0,0,0,0,0,0,0,0,0,0,0,0,0,,,,,,,,,,,,,modal-footer,,,,,,,,,,,,,,,,,,,,,,,
74,7,139,"<html:input xmlns:html=""http://www.w3.org/1999/xhtml"" class="""" data-dismiss=""modal"" id="""" onclick=""ajaxSyc()"" type=""button"" value=""Ok"" />",137,html:input,"['class=""""', 'id=""""', 'onclick=""ajaxSyc()""', 'type=""button""', 'value=""Ok""']",0,0,0,0,0,0,0,0,0,0,1,0,0,0,0,0,0,0,0,0,0,0,0,0,0,0,0,0,0,0,0,0,0,,,,,button,,,,,,,,,Ok,,,,,,,,,,,,,,,,,,,,ajaxSyc(),,
75,7,137,"<html:input xmlns:html=""http://www.w3.org/1999/xhtml"" class=""reset"" data-dismiss=""modal"" id=""addCancel"" type=""button"" value=""Cancel"" />",135,html:input,"['class=""reset""', 'id=""addCancel""', 'type=""button""', 'value=""Cancel""']",0,0,0,0,0,0,0,0,0,0,1,0,0,0,0,0,0,0,0,0,0,0,0,0,0,0,0,0,0,0,0,0,0,,,,,button,,,addCancel,,,,,reset,Cancel,,,,,,,,,,,,,,,,,,,,,,
76,3,9157,"<html:div xmlns:html=""http://www.w3.org/1999/xhtml"" class=""menu"">",65,html:div,"['class=""menu""']",0,0,0,0,0,56,0,9,0,60,0,0,0,0,0,0,1,0,0,0,19,0,0,0,0,0,0,0,0,0,0,0,0,,,,,,,,,,,,,menu,,,,,,,,,,,,,,,,,,,,,,,
77,4,9118,"<html:ul xmlns:html=""http://www.w3.org/1999/xhtml"">",51,html:ul,[],0,0,0,0,0,56,0,9,0,60,0,0,0,0,0,0,0,0,0,0,19,0,0,0,0,0,0,0,0,0,0,0,0,,,,,,,,,,,,,,,,,,,,,,,,,,,,,,,,,,,,
78,5,4047,"<html:li xmlns:html=""http://www.w3.org/1999/xhtml"">",51,html:li,[],0,0,0,0,0,27,0,1,0,27,0,0,0,0,0,0,0,0,0,0,6,0,0,0,0,0,0,0,0,0,0,0,0,,,,,,,,,,,,,,,,,,,,,,,,,,,,,,,,,,,,
79,6,206,"<html:a xmlns:html=""http://www.w3.org/1999/xhtml"" class=""firstLevelMenu"" href=""/orangehrm-4.3.1/symfony/web/index.php/admin/viewAdminModule"" id=""menu_admin_viewAdminModule"">",173,html:a,"['class=""firstLevelMenu""', 'href=""/orangehrm-4.3.1/symfony/web/index.php/admin/viewAdminModule""', 'id=""menu_admin_viewAdminModule""']",0,0,0,0,0,1,0,1,0,0,0,0,0,0,0,0,0,0,0,0,0,0,0,0,0,0,0,0,0,0,0,0,0,,,/orangehrm-4.3.1/symfony/web/index.php/admin/viewAdminModule,,,,,menu_admin_viewAdminModule,,,,,firstLevelMenu,,,,,,,,,,,,,,,,,,,,,,,
80,7,64,"<html:b xmlns:html=""http://www.w3.org/1999/xhtml"">",50,html:b,[],0,0,0,0,0,0,0,1,0,0,0,0,0,0,0,0,0,0,0,0,0,0,0,0,0,0,0,0,0,0,0,0,0,,,,,,,,,,,,,,,,,,,,,,,,,,,,,,,,,,,,
81,6,3862,"<html:ul xmlns:html=""http://www.w3.org/1999/xhtml"">",51,html:ul,[],0,0,0,0,0,26,0,0,0,26,0,0,0,0,0,0,0,0,0,0,6,0,0,0,0,0,0,0,0,0,0,0,0,,,,,,,,,,,,,,,,,,,,,,,,,,,,,,,,,,,,
82,7,318,"<html:li xmlns:html=""http://www.w3.org/1999/xhtml"">",51,html:li,[],0,0,0,0,0,2,0,0,0,2,0,0,0,0,0,0,0,0,0,0,1,0,0,0,0,0,0,0,0,0,0,0,0,,,,,,,,,,,,,,,,,,,,,,,,,,,,,,,,,,,,
83,8,130,"<html:a xmlns:html=""http://www.w3.org/1999/xhtml"" class=""arrow"" href=""#"" id=""menu_admin_UserManagement"">",104,html:a,"['class=""arrow""', 'href=""#""', 'id=""menu_admin_UserManagement""']",0,0,0,0,0,1,0,0,0,0,0,0,0,0,0,0,0,0,0,0,0,0,0,0,0,0,0,0,0,0,0,0,0,,,#,,,,,menu_admin_UserManagement,,,,,arrow,,,,,,,,,,,,,,,,,,,,,,,
84,8,209,"<html:ul xmlns:html=""http://www.w3.org/1999/xhtml"">",51,html:ul,[],0,0,0,0,0,1,0,0,0,1,0,0,0,0,0,0,0,0,0,0,1,0,0,0,0,0,0,0,0,0,0,0,0,,,,,,,,,,,,,,,,,,,,,,,,,,,,,,,,,,,,
85,9,185,"<html:li xmlns:html=""http://www.w3.org/1999/xhtml"">",51,html:li,[],0,0,0,0,0,1,0,0,0,1,0,0,0,0,0,0,0,0,0,0,0,0,0,0,0,0,0,0,0,0,0,0,0,,,,,,,,,,,,,,,,,,,,,,,,,,,,,,,,,,,,
86,10,164,"<html:a xmlns:html=""http://www.w3.org/1999/xhtml"" href=""/orangehrm-4.3.1/symfony/web/index.php/admin/viewSystemUsers"" id=""menu_admin_viewSystemUsers"">",150,html:a,"['href=""/orangehrm-4.3.1/symfony/web/index.php/admin/viewSystemUsers""', 'id=""menu_admin_viewSystemUsers""']",0,0,0,0,0,1,0,0,0,0,0,0,0,0,0,0,0,0,0,0,0,0,0,0,0,0,0,0,0,0,0,0,0,,,/orangehrm-4.3.1/symfony/web/index.php/admin/viewSystemUsers,,,,,menu_admin_viewSystemUsers,,,,,,,,,,,,,,,,,,,,,,,,,,,,
87,7,884,"<html:li xmlns:html=""http://www.w3.org/1999/xhtml"">",51,html:li,[],0,0,0,0,0,6,0,0,0,6,0,0,0,0,0,0,0,0,0,0,1,0,0,0,0,0,0,0,0,0,0,0,0,,,,,,,,,,,,,,,,,,,,,,,,,,,,,,,,,,,,
88,8,107,"<html:a xmlns:html=""http://www.w3.org/1999/xhtml"" class=""arrow"" href=""#"" id=""menu_admin_Job"">",93,html:a,"['class=""arrow""', 'href=""#""', 'id=""menu_admin_Job""']",0,0,0,0,0,1,0,0,0,0,0,0,0,0,0,0,0,0,0,0,0,0,0,0,0,0,0,0,0,0,0,0,0,,,#,,,,,menu_admin_Job,,,,,arrow,,,,,,,,,,,,,,,,,,,,,,,
89,8,798,"<html:ul xmlns:html=""http://www.w3.org/1999/xhtml"">",51,html:ul,[],0,0,0,0,0,5,0,0,0,5,0,0,0,0,0,0,0,0,0,0,1,0,0,0,0,0,0,0,0,0,0,0,0,,,,,,,,,,,,,,,,,,,,,,,,,,,,,,,,,,,,
90,9,192,"<html:li xmlns:html=""http://www.w3.org/1999/xhtml"">",51,html:li,[],0,0,0,0,0,1,0,0,0,1,0,0,0,0,0,0,0,0,0,0,0,0,0,0,0,0,0,0,0,0,0,0,0,,,,,,,,,,,,,,,,,,,,,,,,,,,,,,,,,,,,
91,10,171,"<html:a xmlns:html=""http://www.w3.org/1999/xhtml"" href=""/orangehrm-4.3.1/symfony/web/index.php/admin/viewJobTitleList"" id=""menu_admin_viewJobTitleList"">",152,html:a,"['href=""/orangehrm-4.3.1/symfony/web/index.php/admin/viewJobTitleList""', 'id=""menu_admin_viewJobTitleList""']",0,0,0,0,0,1,0,0,0,0,0,0,0,0,0,0,0,0,0,0,0,0,0,0,0,0,0,0,0,0,0,0,0,,,/orangehrm-4.3.1/symfony/web/index.php/admin/viewJobTitleList,,,,,menu_admin_viewJobTitleList,,,,,,,,,,,,,,,,,,,,,,,,,,,,
92,9,186,"<html:li xmlns:html=""http://www.w3.org/1999/xhtml"">",51,html:li,[],0,0,0,0,0,1,0,0,0,1,0,0,0,0,0,0,0,0,0,0,0,0,0,0,0,0,0,0,0,0,0,0,0,,,,,,,,,,,,,,,,,,,,,,,,,,,,,,,,,,,,
93,10,165,"<html:a xmlns:html=""http://www.w3.org/1999/xhtml"" href=""/orangehrm-4.3.1/symfony/web/index.php/admin/viewPayGrades"" id=""menu_admin_viewPayGrades"">",146,html:a,"['href=""/orangehrm-4.3.1/symfony/web/index.php/admin/viewPayGrades""', 'id=""menu_admin_viewPayGrades""']",0,0,0,0,0,1,0,0,0,0,0,0,0,0,0,0,0,0,0,0,0,0,0,0,0,0,0,0,0,0,0,0,0,,,/orangehrm-4.3.1/symfony/web/index.php/admin/viewPayGrades,,,,,menu_admin_viewPayGrades,,,,,,,,,,,,,,,,,,,,,,,,,,,,
94,9,199,"<html:li xmlns:html=""http://www.w3.org/1999/xhtml"">",51,html:li,[],0,0,0,0,0,1,0,0,0,1,0,0,0,0,0,0,0,0,0,0,0,0,0,0,0,0,0,0,0,0,0,0,0,,,,,,,,,,,,,,,,,,,,,,,,,,,,,,,,,,,,
95,10,178,"<html:a xmlns:html=""http://www.w3.org/1999/xhtml"" href=""/orangehrm-4.3.1/symfony/web/index.php/admin/employmentStatus"" id=""menu_admin_employmentStatus"">",152,html:a,"['href=""/orangehrm-4.3.1/symfony/web/index.php/admin/employmentStatus""', 'id=""menu_admin_employmentStatus""']",0,0,0,0,0,1,0,0,0,0,0,0,0,0,0,0,0,0,0,0,0,0,0,0,0,0,0,0,0,0,0,0,0,,,/orangehrm-4.3.1/symfony/web/index.php/admin/employmentStatus,,,,,menu_admin_employmentStatus,,,,,,,,,,,,,,,,,,,,,,,,,,,,
96,9,186,"<html:li xmlns:html=""http://www.w3.org/1999/xhtml"">",51,html:li,[],0,0,0,0,0,1,0,0,0,1,0,0,0,0,0,0,0,0,0,0,0,0,0,0,0,0,0,0,0,0,0,0,0,,,,,,,,,,,,,,,,,,,,,,,,,,,,,,,,,,,,
97,10,165,"<html:a xmlns:html=""http://www.w3.org/1999/xhtml"" href=""/orangehrm-4.3.1/symfony/web/index.php/admin/jobCategory"" id=""menu_admin_jobCategory"">",142,html:a,"['href=""/orangehrm-4.3.1/symfony/web/index.php/admin/jobCategory""', 'id=""menu_admin_jobCategory""']",0,0,0,0,0,1,0,0,0,0,0,0,0,0,0,0,0,0,0,0,0,0,0,0,0,0,0,0,0,0,0,0,0,,,/orangehrm-4.3.1/symfony/web/index.php/admin/jobCategory,,,,,menu_admin_jobCategory,,,,,,,,,,,,,,,,,,,,,,,,,,,,
98,9,179,"<html:li xmlns:html=""http://www.w3.org/1999/xhtml"">",51,html:li,[],0,0,0,0,0,1,0,0,0,1,0,0,0,0,0,0,0,0,0,0,0,0,0,0,0,0,0,0,0,0,0,0,0,,,,,,,,,,,,,,,,,,,,,,,,,,,,,,,,,,,,
99,10,158,"<html:a xmlns:html=""http://www.w3.org/1999/xhtml"" href=""/orangehrm-4.3.1/symfony/web/index.php/admin/workShift"" id=""menu_admin_workShift"">",138,html:a,"['href=""/orangehrm-4.3.1/symfony/web/index.php/admin/workShift""', 'id=""menu_admin_workShift""']",0,0,0,0,0,1,0,0,0,0,0,0,0,0,0,0,0,0,0,0,0,0,0,0,0,0,0,0,0,0,0,0,0,,,/orangehrm-4.3.1/symfony/web/index.php/admin/workShift,,,,,menu_admin_workShift,,,,,,,,,,,,,,,,,,,,,,,,,,,,
100,7,665,"<html:li xmlns:html=""http://www.w3.org/1999/xhtml"">",51,html:li,[],0,0,0,0,0,4,0,0,0,4,0,0,0,0,0,0,0,0,0,0,1,0,0,0,0,0,0,0,0,0,0,0,0,,,,,,,,,,,,,,,,,,,,,,,,,,,,,,,,,,,,
101,8,125,"<html:a xmlns:html=""http://www.w3.org/1999/xhtml"" class=""arrow"" href=""#"" id=""menu_admin_Organization"">",102,html:a,"['class=""arrow""', 'href=""#""', 'id=""menu_admin_Organization""']",0,0,0,0,0,1,0,0,0,0,0,0,0,0,0,0,0,0,0,0,0,0,0,0,0,0,0,0,0,0,0,0,0,,,#,,,,,menu_admin_Organization,,,,,arrow,,,,,,,,,,,,,,,,,,,,,,,
102,8,561,"<html:ul xmlns:html=""http://www.w3.org/1999/xhtml"">",51,html:ul,[],0,0,0,0,0,3,0,0,0,3,0,0,0,0,0,0,0,0,0,0,1,0,0,0,0,0,0,0,0,0,0,0,0,,,,,,,,,,,,,,,,,,,,,,,,,,,,,,,,,,,,
103,9,237,"<html:li xmlns:html=""http://www.w3.org/1999/xhtml"">",51,html:li,[],0,0,0,0,0,1,0,0,0,1,0,0,0,0,0,0,0,0,0,0,0,0,0,0,0,0,0,0,0,0,0,0,0,,,,,,,,,,,,,,,,,,,,,,,,,,,,,,,,,,,,
104,10,216,"<html:a xmlns:html=""http://www.w3.org/1999/xhtml"" href=""/orangehrm-4.3.1/symfony/web/index.php/admin/viewOrganizationGeneralInformation"" id=""menu_admin_viewOrganizationGeneralInformation"">",188,html:a,"['href=""/orangehrm-4.3.1/symfony/web/index.php/admin/viewOrganizationGeneralInformation""', 'id=""menu_admin_viewOrganizationGeneralInformation""']",0,0,0,0,0,1,0,0,0,0,0,0,0,0,0,0,0,0,0,0,0,0,0,0,0,0,0,0,0,0,0,0,0,,,/orangehrm-4.3.1/symfony/web/index.php/admin/viewOrganizationGeneralInformation,,,,,menu_admin_viewOrganizationGeneralInformation,,,,,,,,,,,,,,,,,,,,,,,,,,,,
105,9,185,"<html:li xmlns:html=""http://www.w3.org/1999/xhtml"">",51,html:li,[],0,0,0,0,0,1,0,0,0,1,0,0,0,0,0,0,0,0,0,0,0,0,0,0,0,0,0,0,0,0,0,0,0,,,,,,,,,,,,,,,,,,,,,,,,,,,,,,,,,,,,
106,10,164,"<html:a xmlns:html=""http://www.w3.org/1999/xhtml"" href=""/orangehrm-4.3.1/symfony/web/index.php/admin/viewLocations"" id=""menu_admin_viewLocations"">",146,html:a,"['href=""/orangehrm-4.3.1/symfony/web/index.php/admin/viewLocations""', 'id=""menu_admin_viewLocations""']",0,0,0,0,0,1,0,0,0,0,0,0,0,0,0,0,0,0,0,0,0,0,0,0,0,0,0,0,0,0,0,0,0,,,/orangehrm-4.3.1/symfony/web/index.php/admin/viewLocations,,,,,menu_admin_viewLocations,,,,,,,,,,,,,,,,,,,,,,,,,,,,
107,9,199,"<html:li xmlns:html=""http://www.w3.org/1999/xhtml"">",51,html:li,[],0,0,0,0,0,1,0,0,0,1,0,0,0,0,0,0,0,0,0,0,0,0,0,0,0,0,0,0,0,0,0,0,0,,,,,,,,,,,,,,,,,,,,,,,,,,,,,,,,,,,,
108,10,178,"<html:a xmlns:html=""http://www.w3.org/1999/xhtml"" href=""/orangehrm-4.3.1/symfony/web/index.php/admin/viewCompanyStructure"" id=""menu_admin_viewCompanyStructure"">",160,html:a,"['href=""/orangehrm-4.3.1/symfony/web/index.php/admin/viewCompanyStructure""', 'id=""menu_admin_viewCompanyStructure""']",0,0,0,0,0,1,0,0,0,0,0,0,0,0,0,0,0,0,0,0,0,0,0,0,0,0,0,0,0,0,0,0,0,,,/orangehrm-4.3.1/symfony/web/index.php/admin/viewCompanyStructure,,,,,menu_admin_viewCompanyStructure,,,,,,,,,,,,,,,,,,,,,,,,,,,,
109,7,873,"<html:li xmlns:html=""http://www.w3.org/1999/xhtml"">",51,html:li,[],0,0,0,0,0,6,0,0,0,6,0,0,0,0,0,0,0,0,0,0,1,0,0,0,0,0,0,0,0,0,0,0,0,,,,,,,,,,,,,,,,,,,,,,,,,,,,,,,,,,,,
110,8,129,"<html:a xmlns:html=""http://www.w3.org/1999/xhtml"" class=""arrow"" href=""#"" id=""menu_admin_Qualifications"">",104,html:a,"['class=""arrow""', 'href=""#""', 'id=""menu_admin_Qualifications""']",0,0,0,0,0,1,0,0,0,0,0,0,0,0,0,0,0,0,0,0,0,0,0,0,0,0,0,0,0,0,0,0,0,,,#,,,,,menu_admin_Qualifications,,,,,arrow,,,,,,,,,,,,,,,,,,,,,,,
111,8,765,"<html:ul xmlns:html=""http://www.w3.org/1999/xhtml"">",51,html:ul,[],0,0,0,0,0,5,0,0,0,5,0,0,0,0,0,0,0,0,0,0,1,0,0,0,0,0,0,0,0,0,0,0,0,,,,,,,,,,,,,,,,,,,,,,,,,,,,,,,,,,,,
112,9,176,"<html:li xmlns:html=""http://www.w3.org/1999/xhtml"">",51,html:li,[],0,0,0,0,0,1,0,0,0,1,0,0,0,0,0,0,0,0,0,0,0,0,0,0,0,0,0,0,0,0,0,0,0,,,,,,,,,,,,,,,,,,,,,,,,,,,,,,,,,,,,
113,10,155,"<html:a xmlns:html=""http://www.w3.org/1999/xhtml"" href=""/orangehrm-4.3.1/symfony/web/index.php/admin/viewSkills"" id=""menu_admin_viewSkills"">",140,html:a,"['href=""/orangehrm-4.3.1/symfony/web/index.php/admin/viewSkills""', 'id=""menu_admin_viewSkills""']",0,0,0,0,0,1,0,0,0,0,0,0,0,0,0,0,0,0,0,0,0,0,0,0,0,0,0,0,0,0,0,0,0,,,/orangehrm-4.3.1/symfony/web/index.php/admin/viewSkills,,,,,menu_admin_viewSkills,,,,,,,,,,,,,,,,,,,,,,,,,,,,
114,9,185,"<html:li xmlns:html=""http://www.w3.org/1999/xhtml"">",51,html:li,[],0,0,0,0,0,1,0,0,0,1,0,0,0,0,0,0,0,0,0,0,0,0,0,0,0,0,0,0,0,0,0,0,0,,,,,,,,,,,,,,,,,,,,,,,,,,,,,,,,,,,,
115,10,164,"<html:a xmlns:html=""http://www.w3.org/1999/xhtml"" href=""/orangehrm-4.3.1/symfony/web/index.php/admin/viewEducation"" id=""menu_admin_viewEducation"">",146,html:a,"['href=""/orangehrm-4.3.1/symfony/web/index.php/admin/viewEducation""', 'id=""menu_admin_viewEducation""']",0,0,0,0,0,1,0,0,0,0,0,0,0,0,0,0,0,0,0,0,0,0,0,0,0,0,0,0,0,0,0,0,0,,,/orangehrm-4.3.1/symfony/web/index.php/admin/viewEducation,,,,,menu_admin_viewEducation,,,,,,,,,,,,,,,,,,,,,,,,,,,,
116,9,182,"<html:li xmlns:html=""http://www.w3.org/1999/xhtml"">",51,html:li,[],0,0,0,0,0,1,0,0,0,1,0,0,0,0,0,0,0,0,0,0,0,0,0,0,0,0,0,0,0,0,0,0,0,,,,,,,,,,,,,,,,,,,,,,,,,,,,,,,,,,,,
117,10,161,"<html:a xmlns:html=""http://www.w3.org/1999/xhtml"" href=""/orangehrm-4.3.1/symfony/web/index.php/admin/viewLicenses"" id=""menu_admin_viewLicenses"">",144,html:a,"['href=""/orangehrm-4.3.1/symfony/web/index.php/admin/viewLicenses""', 'id=""menu_admin_viewLicenses""']",0,0,0,0,0,1,0,0,0,0,0,0,0,0,0,0,0,0,0,0,0,0,0,0,0,0,0,0,0,0,0,0,0,,,/orangehrm-4.3.1/symfony/web/index.php/admin/viewLicenses,,,,,menu_admin_viewLicenses,,,,,,,,,,,,,,,,,,,,,,,,,,,,
118,9,185,"<html:li xmlns:html=""http://www.w3.org/1999/xhtml"">",51,html:li,[],0,0,0,0,0,1,0,0,0,1,0,0,0,0,0,0,0,0,0,0,0,0,0,0,0,0,0,0,0,0,0,0,0,,,,,,,,,,,,,,,,,,,,,,,,,,,,,,,,,,,,
119,10,164,"<html:a xmlns:html=""http://www.w3.org/1999/xhtml"" href=""/orangehrm-4.3.1/symfony/web/index.php/admin/viewLanguages"" id=""menu_admin_viewLanguages"">",146,html:a,"['href=""/orangehrm-4.3.1/symfony/web/index.php/admin/viewLanguages""', 'id=""menu_admin_viewLanguages""']",0,0,0,0,0,1,0,0,0,0,0,0,0,0,0,0,0,0,0,0,0,0,0,0,0,0,0,0,0,0,0,0,0,,,/orangehrm-4.3.1/symfony/web/index.php/admin/viewLanguages,,,,,menu_admin_viewLanguages,,,,,,,,,,,,,,,,,,,,,,,,,,,,
120,9,181,"<html:li xmlns:html=""http://www.w3.org/1999/xhtml"">",51,html:li,[],0,0,0,0,0,1,0,0,0,1,0,0,0,0,0,0,0,0,0,0,0,0,0,0,0,0,0,0,0,0,0,0,0,,,,,,,,,,,,,,,,,,,,,,,,,,,,,,,,,,,,
121,10,160,"<html:a xmlns:html=""http://www.w3.org/1999/xhtml"" href=""/orangehrm-4.3.1/symfony/web/index.php/admin/membership"" id=""menu_admin_membership"">",140,html:a,"['href=""/orangehrm-4.3.1/symfony/web/index.php/admin/membership""', 'id=""menu_admin_membership""']",0,0,0,0,0,1,0,0,0,0,0,0,0,0,0,0,0,0,0,0,0,0,0,0,0,0,0,0,0,0,0,0,0,,,/orangehrm-4.3.1/symfony/web/index.php/admin/membership,,,,,menu_admin_membership,,,,,,,,,,,,,,,,,,,,,,,,,,,,
122,7,187,"<html:li xmlns:html=""http://www.w3.org/1999/xhtml"">",51,html:li,[],0,0,0,0,0,1,0,0,0,1,0,0,0,0,0,0,0,0,0,0,0,0,0,0,0,0,0,0,0,0,0,0,0,,,,,,,,,,,,,,,,,,,,,,,,,,,,,,,,,,,,
123,8,166,"<html:a xmlns:html=""http://www.w3.org/1999/xhtml"" href=""/orangehrm-4.3.1/symfony/web/index.php/admin/nationality"" id=""menu_admin_nationality"">",142,html:a,"['href=""/orangehrm-4.3.1/symfony/web/index.php/admin/nationality""', 'id=""menu_admin_nationality""']",0,0,0,0,0,1,0,0,0,0,0,0,0,0,0,0,0,0,0,0,0,0,0,0,0,0,0,0,0,0,0,0,0,,,/orangehrm-4.3.1/symfony/web/index.php/admin/nationality,,,,,menu_admin_nationality,,,,,,,,,,,,,,,,,,,,,,,,,,,,
124,7,1121,"<html:li xmlns:html=""http://www.w3.org/1999/xhtml"">",51,html:li,[],0,0,0,0,0,7,0,0,0,7,0,0,0,0,0,0,0,0,0,0,1,0,0,0,0,0,0,0,0,0,0,0,0,,,,,,,,,,,,,,,,,,,,,,,,,,,,,,,,,,,,
125,8,127,"<html:a xmlns:html=""http://www.w3.org/1999/xhtml"" class=""arrow"" href=""#"" id=""menu_admin_Configuration"">",103,html:a,"['class=""arrow""', 'href=""#""', 'id=""menu_admin_Configuration""']",0,0,0,0,0,1,0,0,0,0,0,0,0,0,0,0,0,0,0,0,0,0,0,0,0,0,0,0,0,0,0,0,0,,,#,,,,,menu_admin_Configuration,,,,,arrow,,,,,,,,,,,,,,,,,,,,,,,
126,8,1015,"<html:ul xmlns:html=""http://www.w3.org/1999/xhtml"">",51,html:ul,[],0,0,0,0,0,6,0,0,0,6,0,0,0,0,0,0,0,0,0,0,1,0,0,0,0,0,0,0,0,0,0,0,0,,,,,,,,,,,,,,,,,,,,,,,,,,,,,,,,,,,,
127,9,211,"<html:li xmlns:html=""http://www.w3.org/1999/xhtml"">",51,html:li,[],0,0,0,0,0,1,0,0,0,1,0,0,0,0,0,0,0,0,0,0,0,0,0,0,0,0,0,0,0,0,0,0,0,,,,,,,,,,,,,,,,,,,,,,,,,,,,,,,,,,,,
128,10,190,"<html:a xmlns:html=""http://www.w3.org/1999/xhtml"" href=""/orangehrm-4.3.1/symfony/web/index.php/admin/listMailConfiguration"" id=""menu_admin_listMailConfiguration"">",162,html:a,"['href=""/orangehrm-4.3.1/symfony/web/index.php/admin/listMailConfiguration""', 'id=""menu_admin_listMailConfiguration""']",0,0,0,0,0,1,0,0,0,0,0,0,0,0,0,0,0,0,0,0,0,0,0,0,0,0,0,0,0,0,0,0,0,,,/orangehrm-4.3.1/symfony/web/index.php/admin/listMailConfiguration,,,,,menu_admin_listMailConfiguration,,,,,,,,,,,,,,,,,,,,,,,,,,,,
129,9,211,"<html:li xmlns:html=""http://www.w3.org/1999/xhtml"">",51,html:li,[],0,0,0,0,0,1,0,0,0,1,0,0,0,0,0,0,0,0,0,0,0,0,0,0,0,0,0,0,0,0,0,0,0,,,,,,,,,,,,,,,,,,,,,,,,,,,,,,,,,,,,
130,10,190,"<html:a xmlns:html=""http://www.w3.org/1999/xhtml"" href=""/orangehrm-4.3.1/symfony/web/index.php/admin/viewEmailNotification"" id=""menu_admin_viewEmailNotification"">",162,html:a,"['href=""/orangehrm-4.3.1/symfony/web/index.php/admin/viewEmailNotification""', 'id=""menu_admin_viewEmailNotification""']",0,0,0,0,0,1,0,0,0,0,0,0,0,0,0,0,0,0,0,0,0,0,0,0,0,0,0,0,0,0,0,0,0,,,/orangehrm-4.3.1/symfony/web/index.php/admin/viewEmailNotification,,,,,menu_admin_viewEmailNotification,,,,,,,,,,,,,,,,,,,,,,,,,,,,
131,9,186,"<html:li xmlns:html=""http://www.w3.org/1999/xhtml"">",51,html:li,[],0,0,0,0,0,1,0,0,0,1,0,0,0,0,0,0,0,0,0,0,0,0,0,0,0,0,0,0,0,0,0,0,0,,,,,,,,,,,,,,,,,,,,,,,,,,,,,,,,,,,,
132,10,165,"<html:a xmlns:html=""http://www.w3.org/1999/xhtml"" href=""/orangehrm-4.3.1/symfony/web/index.php/admin/localization"" id=""menu_admin_localization"">",144,html:a,"['href=""/orangehrm-4.3.1/symfony/web/index.php/admin/localization""', 'id=""menu_admin_localization""']",0,0,0,0,0,1,0,0,0,0,0,0,0,0,0,0,0,0,0,0,0,0,0,0,0,0,0,0,0,0,0,0,0,,,/orangehrm-4.3.1/symfony/web/index.php/admin/localization,,,,,menu_admin_localization,,,,,,,,,,,,,,,,,,,,,,,,,,,,
133,9,179,"<html:li xmlns:html=""http://www.w3.org/1999/xhtml"">",51,html:li,[],0,0,0,0,0,1,0,0,0,1,0,0,0,0,0,0,0,0,0,0,0,0,0,0,0,0,0,0,0,0,0,0,0,,,,,,,,,,,,,,,,,,,,,,,,,,,,,,,,,,,,
134,10,158,"<html:a xmlns:html=""http://www.w3.org/1999/xhtml"" href=""/orangehrm-4.3.1/symfony/web/index.php/admin/viewModules"" id=""menu_admin_viewModules"">",142,html:a,"['href=""/orangehrm-4.3.1/symfony/web/index.php/admin/viewModules""', 'id=""menu_admin_viewModules""']",0,0,0,0,0,1,0,0,0,0,0,0,0,0,0,0,0,0,0,0,0,0,0,0,0,0,0,0,0,0,0,0,0,,,/orangehrm-4.3.1/symfony/web/index.php/admin/viewModules,,,,,menu_admin_viewModules,,,,,,,,,,,,,,,,,,,,,,,,,,,,
135,9,205,"<html:li xmlns:html=""http://www.w3.org/1999/xhtml"">",51,html:li,[],0,0,0,0,0,1,0,0,0,1,0,0,0,0,0,0,0,0,0,0,0,0,0,0,0,0,0,0,0,0,0,0,0,,,,,,,,,,,,,,,,,,,,,,,,,,,,,,,,,,,,
136,10,184,"<html:a xmlns:html=""http://www.w3.org/1999/xhtml"" href=""/orangehrm-4.3.1/symfony/web/index.php/admin/openIdProvider"" id=""menu_admin_openIdProvider"">",148,html:a,"['href=""/orangehrm-4.3.1/symfony/web/index.php/admin/openIdProvider""', 'id=""menu_admin_openIdProvider""']",0,0,0,0,0,1,0,0,0,0,0,0,0,0,0,0,0,0,0,0,0,0,0,0,0,0,0,0,0,0,0,0,0,,,/orangehrm-4.3.1/symfony/web/index.php/admin/openIdProvider,,,,,menu_admin_openIdProvider,,,,,,,,,,,,,,,,,,,,,,,,,,,,
137,9,209,"<html:li xmlns:html=""http://www.w3.org/1999/xhtml"">",51,html:li,[],0,0,0,0,0,1,0,0,0,1,0,0,0,0,0,0,0,0,0,0,0,0,0,0,0,0,0,0,0,0,0,0,0,,,,,,,,,,,,,,,,,,,,,,,,,,,,,,,,,,,,
138,10,188,"<html:a xmlns:html=""http://www.w3.org/1999/xhtml"" href=""/orangehrm-4.3.1/symfony/web/index.php/admin/registerOAuthClient"" id=""menu_admin_registerOAuthClient"">",158,html:a,"['href=""/orangehrm-4.3.1/symfony/web/index.php/admin/registerOAuthClient""', 'id=""menu_admin_registerOAuthClient""']",0,0,0,0,0,1,0,0,0,0,0,0,0,0,0,0,0,0,0,0,0,0,0,0,0,0,0,0,0,0,0,0,0,,,/orangehrm-4.3.1/symfony/web/index.php/admin/registerOAuthClient,,,,,menu_admin_registerOAuthClient,,,,,,,,,,,,,,,,,,,,,,,,,,,,
139,5,1672,"<html:li xmlns:html=""http://www.w3.org/1999/xhtml"" class=""current"">",67,html:li,"['class=""current""']",0,0,0,0,0,10,0,1,0,10,0,0,0,0,0,0,0,0,0,0,2,0,0,0,0,0,0,0,0,0,0,0,0,,,,,,,,,,,,,current,,,,,,,,,,,,,,,,,,,,,,,
140,6,196,"<html:a xmlns:html=""http://www.w3.org/1999/xhtml"" class=""firstLevelMenu"" href=""/orangehrm-4.3.1/symfony/web/index.php/pim/viewPimModule"" id=""menu_pim_viewPimModule"">",165,html:a,"['class=""firstLevelMenu""', 'href=""/orangehrm-4.3.1/symfony/web/index.php/pim/viewPimModule""', 'id=""menu_pim_viewPimModule""']",0,0,0,0,0,1,0,1,0,0,0,0,0,0,0,0,0,0,0,0,0,0,0,0,0,0,0,0,0,0,0,0,0,,,/orangehrm-4.3.1/symfony/web/index.php/pim/viewPimModule,,,,,menu_pim_viewPimModule,,,,,firstLevelMenu,,,,,,,,,,,,,,,,,,,,,,,
141,7,62,"<html:b xmlns:html=""http://www.w3.org/1999/xhtml"">",50,html:b,[],0,0,0,0,0,0,0,1,0,0,0,0,0,0,0,0,0,0,0,0,0,0,0,0,0,0,0,0,0,0,0,0,0,,,,,,,,,,,,,,,,,,,,,,,,,,,,,,,,,,,,
142,6,1481,"<html:ul xmlns:html=""http://www.w3.org/1999/xhtml"">",51,html:ul,[],0,0,0,0,0,9,0,0,0,9,0,0,0,0,0,0,0,0,0,0,2,0,0,0,0,0,0,0,0,0,0,0,0,,,,,,,,,,,,,,,,,,,,,,,,,,,,,,,,,,,,
143,7,933,"<html:li xmlns:html=""http://www.w3.org/1999/xhtml"">",51,html:li,[],0,0,0,0,0,6,0,0,0,6,0,0,0,0,0,0,0,0,0,0,1,0,0,0,0,0,0,0,0,0,0,0,0,,,,,,,,,,,,,,,,,,,,,,,,,,,,,,,,,,,,
144,8,125,"<html:a xmlns:html=""http://www.w3.org/1999/xhtml"" class=""arrow"" href=""#"" id=""menu_pim_Configuration"">",101,html:a,"['class=""arrow""', 'href=""#""', 'id=""menu_pim_Configuration""']",0,0,0,0,0,1,0,0,0,0,0,0,0,0,0,0,0,0,0,0,0,0,0,0,0,0,0,0,0,0,0,0,0,,,#,,,,,menu_pim_Configuration,,,,,arrow,,,,,,,,,,,,,,,,,,,,,,,
145,8,829,"<html:ul xmlns:html=""http://www.w3.org/1999/xhtml"">",51,html:ul,[],0,0,0,0,0,5,0,0,0,5,0,0,0,0,0,0,0,0,0,0,1,0,0,0,0,0,0,0,0,0,0,0,0,,,,,,,,,,,,,,,,,,,,,,,,,,,,,,,,,,,,
146,9,185,"<html:li xmlns:html=""http://www.w3.org/1999/xhtml"">",51,html:li,[],0,0,0,0,0,1,0,0,0,1,0,0,0,0,0,0,0,0,0,0,0,0,0,0,0,0,0,0,0,0,0,0,0,,,,,,,,,,,,,,,,,,,,,,,,,,,,,,,,,,,,
147,10,164,"<html:a xmlns:html=""http://www.w3.org/1999/xhtml"" href=""/orangehrm-4.3.1/symfony/web/index.php/pim/configurePim"" id=""menu_pim_configurePim"">",140,html:a,"['href=""/orangehrm-4.3.1/symfony/web/index.php/pim/configurePim""', 'id=""menu_pim_configurePim""']",0,0,0,0,0,1,0,0,0,0,0,0,0,0,0,0,0,0,0,0,0,0,0,0,0,0,0,0,0,0,0,0,0,,,/orangehrm-4.3.1/symfony/web/index.php/pim/configurePim,,,,,menu_pim_configurePim,,,,,,,,,,,,,,,,,,,,,,,,,,,,
148,9,191,"<html:li xmlns:html=""http://www.w3.org/1999/xhtml"">",51,html:li,[],0,0,0,0,0,1,0,0,0,1,0,0,0,0,0,0,0,0,0,0,0,0,0,0,0,0,0,0,0,0,0,0,0,,,,,,,,,,,,,,,,,,,,,,,,,,,,,,,,,,,,
149,10,170,"<html:a xmlns:html=""http://www.w3.org/1999/xhtml"" href=""/orangehrm-4.3.1/symfony/web/index.php/pim/listCustomFields"" id=""menu_pim_listCustomFields"">",148,html:a,"['href=""/orangehrm-4.3.1/symfony/web/index.php/pim/listCustomFields""', 'id=""menu_pim_listCustomFields""']",0,0,0,0,0,1,0,0,0,0,0,0,0,0,0,0,0,0,0,0,0,0,0,0,0,0,0,0,0,0,0,0,0,,,/orangehrm-4.3.1/symfony/web/index.php/pim/listCustomFields,,,,,menu_pim_listCustomFields,,,,,,,,,,,,,,,,,,,,,,,,,,,,
150,9,185,"<html:li xmlns:html=""http://www.w3.org/1999/xhtml"">",51,html:li,[],0,0,0,0,0,1,0,0,0,1,0,0,0,0,0,0,0,0,0,0,0,0,0,0,0,0,0,0,0,0,0,0,0,,,,,,,,,,,,,,,,,,,,,,,,,,,,,,,,,,,,
151,10,164,"<html:a xmlns:html=""http://www.w3.org/1999/xhtml"" href=""/orangehrm-4.3.1/symfony/web/index.php/admin/pimCsvImport"" id=""menu_admin_pimCsvImport"">",144,html:a,"['href=""/orangehrm-4.3.1/symfony/web/index.php/admin/pimCsvImport""', 'id=""menu_admin_pimCsvImport""']",0,0,0,0,0,1,0,0,0,0,0,0,0,0,0,0,0,0,0,0,0,0,0,0,0,0,0,0,0,0,0,0,0,,,/orangehrm-4.3.1/symfony/web/index.php/admin/pimCsvImport,,,,,menu_admin_pimCsvImport,,,,,,,,,,,,,,,,,,,,,,,,,,,,
152,9,203,"<html:li xmlns:html=""http://www.w3.org/1999/xhtml"">",51,html:li,[],0,0,0,0,0,1,0,0,0,1,0,0,0,0,0,0,0,0,0,0,0,0,0,0,0,0,0,0,0,0,0,0,0,,,,,,,,,,,,,,,,,,,,,,,,,,,,,,,,,,,,
153,10,182,"<html:a xmlns:html=""http://www.w3.org/1999/xhtml"" href=""/orangehrm-4.3.1/symfony/web/index.php/pim/viewReportingMethods"" id=""menu_pim_viewReportingMethods"">",156,html:a,"['href=""/orangehrm-4.3.1/symfony/web/index.php/pim/viewReportingMethods""', 'id=""menu_pim_viewReportingMethods""']",0,0,0,0,0,1,0,0,0,0,0,0,0,0,0,0,0,0,0,0,0,0,0,0,0,0,0,0,0,0,0,0,0,,,/orangehrm-4.3.1/symfony/web/index.php/pim/viewReportingMethods,,,,,menu_pim_viewReportingMethods,,,,,,,,,,,,,,,,,,,,,,,,,,,,
154,9,209,"<html:li xmlns:html=""http://www.w3.org/1999/xhtml"">",51,html:li,[],0,0,0,0,0,1,0,0,0,1,0,0,0,0,0,0,0,0,0,0,0,0,0,0,0,0,0,0,0,0,0,0,0,,,,,,,,,,,,,,,,,,,,,,,,,,,,,,,,,,,,
155,10,188,"<html:a xmlns:html=""http://www.w3.org/1999/xhtml"" href=""/orangehrm-4.3.1/symfony/web/index.php/pim/viewTerminationReasons"" id=""menu_pim_viewTerminationReasons"">",160,html:a,"['href=""/orangehrm-4.3.1/symfony/web/index.php/pim/viewTerminationReasons""', 'id=""menu_pim_viewTerminationReasons""']",0,0,0,0,0,1,0,0,0,0,0,0,0,0,0,0,0,0,0,0,0,0,0,0,0,0,0,0,0,0,0,0,0,,,/orangehrm-4.3.1/symfony/web/index.php/pim/viewTerminationReasons,,,,,menu_pim_viewTerminationReasons,,,,,,,,,,,,,,,,,,,,,,,,,,,,
156,7,218,"<html:li xmlns:html=""http://www.w3.org/1999/xhtml"" class=""selected"">",68,html:li,"['class=""selected""']",0,0,0,0,0,1,0,0,0,1,0,0,0,0,0,0,0,0,0,0,0,0,0,0,0,0,0,0,0,0,0,0,0,,,,,,,,,,,,,selected,,,,,,,,,,,,,,,,,,,,,,,
157,8,180,"<html:a xmlns:html=""http://www.w3.org/1999/xhtml"" href=""/orangehrm-4.3.1/symfony/web/index.php/pim/viewEmployeeList/reset/1"" id=""menu_pim_viewEmployeeList"">",156,html:a,"['href=""/orangehrm-4.3.1/symfony/web/index.php/pim/viewEmployeeList/reset/1""', 'id=""menu_pim_viewEmployeeList""']",0,0,0,0,0,1,0,0,0,0,0,0,0,0,0,0,0,0,0,0,0,0,0,0,0,0,0,0,0,0,0,0,0,,,/orangehrm-4.3.1/symfony/web/index.php/pim/viewEmployeeList/reset/1,,,,,menu_pim_viewEmployeeList,,,,,,,,,,,,,,,,,,,,,,,,,,,,
158,7,182,"<html:li xmlns:html=""http://www.w3.org/1999/xhtml"">",51,html:li,[],0,0,0,0,0,1,0,0,0,1,0,0,0,0,0,0,0,0,0,0,0,0,0,0,0,0,0,0,0,0,0,0,0,,,,,,,,,,,,,,,,,,,,,,,,,,,,,,,,,,,,
159,8,161,"<html:a xmlns:html=""http://www.w3.org/1999/xhtml"" href=""/orangehrm-4.3.1/symfony/web/index.php/pim/addEmployee"" id=""menu_pim_addEmployee"">",138,html:a,"['href=""/orangehrm-4.3.1/symfony/web/index.php/pim/addEmployee""', 'id=""menu_pim_addEmployee""']",0,0,0,0,0,1,0,0,0,0,0,0,0,0,0,0,0,0,0,0,0,0,0,0,0,0,0,0,0,0,0,0,0,,,/orangehrm-4.3.1/symfony/web/index.php/pim/addEmployee,,,,,menu_pim_addEmployee,,,,,,,,,,,,,,,,,,,,,,,,,,,,
160,7,250,"<html:li xmlns:html=""http://www.w3.org/1999/xhtml"">",51,html:li,[],0,0,0,0,0,1,0,0,0,1,0,0,0,0,0,0,0,0,0,0,0,0,0,0,0,0,0,0,0,0,0,0,0,,,,,,,,,,,,,,,,,,,,,,,,,,,,,,,,,,,,
161,8,229,"<html:a xmlns:html=""http://www.w3.org/1999/xhtml"" href=""/orangehrm-4.3.1/symfony/web/index.php/core/viewDefinedPredefinedReports/reportGroup/3/reportType/PIM_DEFINED"" id=""menu_core_viewDefinedPredefinedReports"">",211,html:a,"['href=""/orangehrm-4.3.1/symfony/web/index.php/core/viewDefinedPredefinedReports/reportGroup/3/reportType/PIM_DEFINED""', 'id=""menu_core_viewDefinedPredefinedReports""']",0,0,0,0,0,1,0,0,0,0,0,0,0,0,0,0,0,0,0,0,0,0,0,0,0,0,0,0,0,0,0,0,0,,,/orangehrm-4.3.1/symfony/web/index.php/core/viewDefinedPredefinedReports/reportGroup/3/reportType/PIM_DEFINED,,,,,menu_core_viewDefinedPredefinedReports,,,,,,,,,,,,,,,,,,,,,,,,,,,,
162,5,264,"<html:li xmlns:html=""http://www.w3.org/1999/xhtml"">",51,html:li,[],0,0,0,0,0,1,0,1,0,2,0,0,0,0,0,0,0,0,0,0,1,0,0,0,0,0,0,0,0,0,0,0,0,,,,,,,,,,,,,,,,,,,,,,,,,,,,,,,,,,,,
163,6,206,"<html:a xmlns:html=""http://www.w3.org/1999/xhtml"" class=""firstLevelMenu"" href=""/orangehrm-4.3.1/symfony/web/index.php/leave/viewLeaveModule"" id=""menu_leave_viewLeaveModule"">",173,html:a,"['class=""firstLevelMenu""', 'href=""/orangehrm-4.3.1/symfony/web/index.php/leave/viewLeaveModule""', 'id=""menu_leave_viewLeaveModule""']",0,0,0,0,0,1,0,1,0,0,0,0,0,0,0,0,0,0,0,0,0,0,0,0,0,0,0,0,0,0,0,0,0,,,/orangehrm-4.3.1/symfony/web/index.php/leave/viewLeaveModule,,,,,menu_leave_viewLeaveModule,,,,,firstLevelMenu,,,,,,,,,,,,,,,,,,,,,,,
164,7,64,"<html:b xmlns:html=""http://www.w3.org/1999/xhtml"">",50,html:b,[],0,0,0,0,0,0,0,1,0,0,0,0,0,0,0,0,0,0,0,0,0,0,0,0,0,0,0,0,0,0,0,0,0,,,,,,,,,,,,,,,,,,,,,,,,,,,,,,,,,,,,
165,6,79,"<html:ul xmlns:html=""http://www.w3.org/1999/xhtml"">",51,html:ul,[],0,0,0,0,0,0,0,0,0,1,0,0,0,0,0,0,0,0,0,0,1,0,0,0,0,0,0,0,0,0,0,0,0,,,,,,,,,,,,,,,,,,,,,,,,,,,,,,,,,,,,
166,7,55,"<html:li xmlns:html=""http://www.w3.org/1999/xhtml"" />",53,html:li,[],0,0,0,0,0,0,0,0,0,1,0,0,0,0,0,0,0,0,0,0,0,0,0,0,0,0,0,0,0,0,0,0,0,,,,,,,,,,,,,,,,,,,,,,,,,,,,,,,,,,,,
167,5,259,"<html:li xmlns:html=""http://www.w3.org/1999/xhtml"">",51,html:li,[],0,0,0,0,0,1,0,1,0,2,0,0,0,0,0,0,0,0,0,0,1,0,0,0,0,0,0,0,0,0,0,0,0,,,,,,,,,,,,,,,,,,,,,,,,,,,,,,,,,,,,
168,6,201,"<html:a xmlns:html=""http://www.w3.org/1999/xhtml"" class=""firstLevelMenu"" href=""/orangehrm-4.3.1/symfony/web/index.php/time/viewTimeModule"" id=""menu_time_viewTimeModule"">",169,html:a,"['class=""firstLevelMenu""', 'href=""/orangehrm-4.3.1/symfony/web/index.php/time/viewTimeModule""', 'id=""menu_time_viewTimeModule""']",0,0,0,0,0,1,0,1,0,0,0,0,0,0,0,0,0,0,0,0,0,0,0,0,0,0,0,0,0,0,0,0,0,,,/orangehrm-4.3.1/symfony/web/index.php/time/viewTimeModule,,,,,menu_time_viewTimeModule,,,,,firstLevelMenu,,,,,,,,,,,,,,,,,,,,,,,
169,7,63,"<html:b xmlns:html=""http://www.w3.org/1999/xhtml"">",50,html:b,[],0,0,0,0,0,0,0,1,0,0,0,0,0,0,0,0,0,0,0,0,0,0,0,0,0,0,0,0,0,0,0,0,0,,,,,,,,,,,,,,,,,,,,,,,,,,,,,,,,,,,,
170,6,81,"<html:ul xmlns:html=""http://www.w3.org/1999/xhtml"">",51,html:ul,[],0,0,0,0,0,0,0,0,0,1,0,0,0,0,0,0,0,0,0,0,1,0,0,0,0,0,0,0,0,0,0,0,0,,,,,,,,,,,,,,,,,,,,,,,,,,,,,,,,,,,,
171,7,57,"<html:li xmlns:html=""http://www.w3.org/1999/xhtml"" />",53,html:li,[],0,0,0,0,0,0,0,0,0,1,0,0,0,0,0,0,0,0,0,0,0,0,0,0,0,0,0,0,0,0,0,0,0,,,,,,,,,,,,,,,,,,,,,,,,,,,,,,,,,,,,
172,5,600,"<html:li xmlns:html=""http://www.w3.org/1999/xhtml"">",51,html:li,[],0,0,0,0,0,3,0,1,0,3,0,0,0,0,0,0,0,0,0,0,1,0,0,0,0,0,0,0,0,0,0,0,0,,,,,,,,,,,,,,,,,,,,,,,,,,,,,,,,,,,,
173,6,236,"<html:a xmlns:html=""http://www.w3.org/1999/xhtml"" class=""firstLevelMenu"" href=""/orangehrm-4.3.1/symfony/web/index.php/recruitment/viewRecruitmentModule"" id=""menu_recruitment_viewRecruitmentModule"">",197,html:a,"['class=""firstLevelMenu""', 'href=""/orangehrm-4.3.1/symfony/web/index.php/recruitment/viewRecruitmentModule""', 'id=""menu_recruitment_viewRecruitmentModule""']",0,0,0,0,0,1,0,1,0,0,0,0,0,0,0,0,0,0,0,0,0,0,0,0,0,0,0,0,0,0,0,0,0,,,/orangehrm-4.3.1/symfony/web/index.php/recruitment/viewRecruitmentModule,,,,,menu_recruitment_viewRecruitmentModule,,,,,firstLevelMenu,,,,,,,,,,,,,,,,,,,,,,,
174,7,70,"<html:b xmlns:html=""http://www.w3.org/1999/xhtml"">",50,html:b,[],0,0,0,0,0,0,0,1,0,0,0,0,0,0,0,0,0,0,0,0,0,0,0,0,0,0,0,0,0,0,0,0,0,,,,,,,,,,,,,,,,,,,,,,,,,,,,,,,,,,,,
175,6,385,"<html:ul xmlns:html=""http://www.w3.org/1999/xhtml"">",51,html:ul,[],0,0,0,0,0,2,0,0,0,2,0,0,0,0,0,0,0,0,0,0,1,0,0,0,0,0,0,0,0,0,0,0,0,,,,,,,,,,,,,,,,,,,,,,,,,,,,,,,,,,,,
176,7,202,"<html:li xmlns:html=""http://www.w3.org/1999/xhtml"">",51,html:li,[],0,0,0,0,0,1,0,0,0,1,0,0,0,0,0,0,0,0,0,0,0,0,0,0,0,0,0,0,0,0,0,0,0,,,,,,,,,,,,,,,,,,,,,,,,,,,,,,,,,,,,
177,8,181,"<html:a xmlns:html=""http://www.w3.org/1999/xhtml"" href=""/orangehrm-4.3.1/symfony/web/index.php/recruitment/viewCandidates"" id=""menu_recruitment_viewCandidates"">",160,html:a,"['href=""/orangehrm-4.3.1/symfony/web/index.php/recruitment/viewCandidates""', 'id=""menu_recruitment_viewCandidates""']",0,0,0,0,0,1,0,0,0,0,0,0,0,0,0,0,0,0,0,0,0,0,0,0,0,0,0,0,0,0,0,0,0,,,/orangehrm-4.3.1/symfony/web/index.php/recruitment/viewCandidates,,,,,menu_recruitment_viewCandidates,,,,,,,,,,,,,,,,,,,,,,,,,,,,
178,7,201,"<html:li xmlns:html=""http://www.w3.org/1999/xhtml"">",51,html:li,[],0,0,0,0,0,1,0,0,0,1,0,0,0,0,0,0,0,0,0,0,0,0,0,0,0,0,0,0,0,0,0,0,0,,,,,,,,,,,,,,,,,,,,,,,,,,,,,,,,,,,,
179,8,180,"<html:a xmlns:html=""http://www.w3.org/1999/xhtml"" href=""/orangehrm-4.3.1/symfony/web/index.php/recruitment/viewJobVacancy"" id=""menu_recruitment_viewJobVacancy"">",160,html:a,"['href=""/orangehrm-4.3.1/symfony/web/index.php/recruitment/viewJobVacancy""', 'id=""menu_recruitment_viewJobVacancy""']",0,0,0,0,0,1,0,0,0,0,0,0,0,0,0,0,0,0,0,0,0,0,0,0,0,0,0,0,0,0,0,0,0,,,/orangehrm-4.3.1/symfony/web/index.php/recruitment/viewJobVacancy,,,,,menu_recruitment_viewJobVacancy,,,,,,,,,,,,,,,,,,,,,,,,,,,,
180,5,1151,"<html:li xmlns:html=""http://www.w3.org/1999/xhtml"">",51,html:li,[],0,0,0,0,0,7,0,1,0,7,0,0,0,0,0,0,0,0,0,0,3,0,0,0,0,0,0,0,0,0,0,0,0,,,,,,,,,,,,,,,,,,,,,,,,,,,,,,,,,,,,
181,6,144,"<html:a xmlns:html=""http://www.w3.org/1999/xhtml"" class=""firstLevelMenu"" href=""#"" id=""menu__Performance"">",105,html:a,"['class=""firstLevelMenu""', 'href=""#""', 'id=""menu__Performance""']",0,0,0,0,0,1,0,1,0,0,0,0,0,0,0,0,0,0,0,0,0,0,0,0,0,0,0,0,0,0,0,0,0,,,#,,,,,menu__Performance,,,,,firstLevelMenu,,,,,,,,,,,,,,,,,,,,,,,
182,7,70,"<html:b xmlns:html=""http://www.w3.org/1999/xhtml"">",50,html:b,[],0,0,0,0,0,0,0,1,0,0,0,0,0,0,0,0,0,0,0,0,0,0,0,0,0,0,0,0,0,0,0,0,0,,,,,,,,,,,,,,,,,,,,,,,,,,,,,,,,,,,,
183,6,1028,"<html:ul xmlns:html=""http://www.w3.org/1999/xhtml"">",51,html:ul,[],0,0,0,0,0,6,0,0,0,6,0,0,0,0,0,0,0,0,0,0,3,0,0,0,0,0,0,0,0,0,0,0,0,,,,,,,,,,,,,,,,,,,,,,,,,,,,,,,,,,,,
184,7,482,"<html:li xmlns:html=""http://www.w3.org/1999/xhtml"">",51,html:li,[],0,0,0,0,0,3,0,0,0,3,0,0,0,0,0,0,0,0,0,0,1,0,0,0,0,0,0,0,0,0,0,0,0,,,,,,,,,,,,,,,,,,,,,,,,,,,,,,,,,,,,
185,8,125,"<html:a xmlns:html=""http://www.w3.org/1999/xhtml"" class=""arrow"" href=""#"" id=""menu_performance_Configure"">",105,html:a,"['class=""arrow""', 'href=""#""', 'id=""menu_performance_Configure""']",0,0,0,0,0,1,0,0,0,0,0,0,0,0,0,0,0,0,0,0,0,0,0,0,0,0,0,0,0,0,0,0,0,,,#,,,,,menu_performance_Configure,,,,,arrow,,,,,,,,,,,,,,,,,,,,,,,
186,8,378,"<html:ul xmlns:html=""http://www.w3.org/1999/xhtml"">",51,html:ul,[],0,0,0,0,0,2,0,0,0,2,0,0,0,0,0,0,0,0,0,0,1,0,0,0,0,0,0,0,0,0,0,0,0,,,,,,,,,,,,,,,,,,,,,,,,,,,,,,,,,,,,
187,9,184,"<html:li xmlns:html=""http://www.w3.org/1999/xhtml"">",51,html:li,[],0,0,0,0,0,1,0,0,0,1,0,0,0,0,0,0,0,0,0,0,0,0,0,0,0,0,0,0,0,0,0,0,0,,,,,,,,,,,,,,,,,,,,,,,,,,,,,,,,,,,,
188,10,163,"<html:a xmlns:html=""http://www.w3.org/1999/xhtml"" href=""/orangehrm-4.3.1/symfony/web/index.php/performance/searchKpi"" id=""menu_performance_searchKpi"">",150,html:a,"['href=""/orangehrm-4.3.1/symfony/web/index.php/performance/searchKpi""', 'id=""menu_performance_searchKpi""']",0,0,0,0,0,1,0,0,0,0,0,0,0,0,0,0,0,0,0,0,0,0,0,0,0,0,0,0,0,0,0,0,0,,,/orangehrm-4.3.1/symfony/web/index.php/performance/searchKpi,,,,,menu_performance_searchKpi,,,,,,,,,,,,,,,,,,,,,,,,,,,,
189,9,212,"<html:li xmlns:html=""http://www.w3.org/1999/xhtml"">",51,html:li,[],0,0,0,0,0,1,0,0,0,1,0,0,0,0,0,0,0,0,0,0,0,0,0,0,0,0,0,0,0,0,0,0,0,,,,,,,,,,,,,,,,,,,,,,,,,,,,,,,,,,,,
190,10,191,"<html:a xmlns:html=""http://www.w3.org/1999/xhtml"" href=""/orangehrm-4.3.1/symfony/web/index.php/performance/addPerformanceTracker"" id=""menu_performance_addPerformanceTracker"">",174,html:a,"['href=""/orangehrm-4.3.1/symfony/web/index.php/performance/addPerformanceTracker""', 'id=""menu_performance_addPerformanceTracker""']",0,0,0,0,0,1,0,0,0,0,0,0,0,0,0,0,0,0,0,0,0,0,0,0,0,0,0,0,0,0,0,0,0,,,/orangehrm-4.3.1/symfony/web/index.php/performance/addPerformanceTracker,,,,,menu_performance_addPerformanceTracker,,,,,,,,,,,,,,,,,,,,,,,,,,,,
191,7,357,"<html:li xmlns:html=""http://www.w3.org/1999/xhtml"">",51,html:li,[],0,0,0,0,0,2,0,0,0,2,0,0,0,0,0,0,0,0,0,0,1,0,0,0,0,0,0,0,0,0,0,0,0,,,,,,,,,,,,,,,,,,,,,,,,,,,,,,,,,,,,
192,8,134,"<html:a xmlns:html=""http://www.w3.org/1999/xhtml"" class=""arrow"" href=""#"" id=""menu_performance_ManageReviews"">",109,html:a,"['class=""arrow""', 'href=""#""', 'id=""menu_performance_ManageReviews""']",0,0,0,0,0,1,0,0,0,0,0,0,0,0,0,0,0,0,0,0,0,0,0,0,0,0,0,0,0,0,0,0,0,,,#,,,,,menu_performance_ManageReviews,,,,,arrow,,,,,,,,,,,,,,,,,,,,,,,
193,8,244,"<html:ul xmlns:html=""http://www.w3.org/1999/xhtml"">",51,html:ul,[],0,0,0,0,0,1,0,0,0,1,0,0,0,0,0,0,0,0,0,0,1,0,0,0,0,0,0,0,0,0,0,0,0,,,,,,,,,,,,,,,,,,,,,,,,,,,,,,,,,,,,
194,9,220,"<html:li xmlns:html=""http://www.w3.org/1999/xhtml"">",51,html:li,[],0,0,0,0,0,1,0,0,0,1,0,0,0,0,0,0,0,0,0,0,0,0,0,0,0,0,0,0,0,0,0,0,0,,,,,,,,,,,,,,,,,,,,,,,,,,,,,,,,,,,,
195,10,199,"<html:a xmlns:html=""http://www.w3.org/1999/xhtml"" href=""/orangehrm-4.3.1/symfony/web/index.php/performance/searchPerformancReview"" id=""menu_performance_searchPerformancReview"">",176,html:a,"['href=""/orangehrm-4.3.1/symfony/web/index.php/performance/searchPerformancReview""', 'id=""menu_performance_searchPerformancReview""']",0,0,0,0,0,1,0,0,0,0,0,0,0,0,0,0,0,0,0,0,0,0,0,0,0,0,0,0,0,0,0,0,0,,,/orangehrm-4.3.1/symfony/web/index.php/performance/searchPerformancReview,,,,,menu_performance_searchPerformancReview,,,,,,,,,,,,,,,,,,,,,,,,,,,,
196,7,249,"<html:li xmlns:html=""http://www.w3.org/1999/xhtml"">",51,html:li,[],0,0,0,0,0,1,0,0,0,1,0,0,0,0,0,0,0,0,0,0,0,0,0,0,0,0,0,0,0,0,0,0,0,,,,,,,,,,,,,,,,,,,,,,,,,,,,,,,,,,,,
197,8,228,"<html:a xmlns:html=""http://www.w3.org/1999/xhtml"" href=""/orangehrm-4.3.1/symfony/web/index.php/performance/viewEmployeePerformanceTrackerList"" id=""menu_performance_viewEmployeePerformanceTrackerList"">",200,html:a,"['href=""/orangehrm-4.3.1/symfony/web/index.php/performance/viewEmployeePerformanceTrackerList""', 'id=""menu_performance_viewEmployeePerformanceTrackerList""']",0,0,0,0,0,1,0,0,0,0,0,0,0,0,0,0,0,0,0,0,0,0,0,0,0,0,0,0,0,0,0,0,0,,,/orangehrm-4.3.1/symfony/web/index.php/performance/viewEmployeePerformanceTrackerList,,,,,menu_performance_viewEmployeePerformanceTrackerList,,,,,,,,,,,,,,,,,,,,,,,,,,,,
198,5,250,"<html:li xmlns:html=""http://www.w3.org/1999/xhtml"">",51,html:li,[],0,0,0,0,0,1,0,1,0,2,0,0,0,0,0,0,0,0,0,0,1,0,0,0,0,0,0,0,0,0,0,0,0,,,,,,,,,,,,,,,,,,,,,,,,,,,,,,,,,,,,
199,6,192,"<html:a xmlns:html=""http://www.w3.org/1999/xhtml"" class=""firstLevelMenu"" href=""/orangehrm-4.3.1/symfony/web/index.php/dashboard"" id=""menu_dashboard_index"">",155,html:a,"['class=""firstLevelMenu""', 'href=""/orangehrm-4.3.1/symfony/web/index.php/dashboard""', 'id=""menu_dashboard_index""']",0,0,0,0,0,1,0,1,0,0,0,0,0,0,0,0,0,0,0,0,0,0,0,0,0,0,0,0,0,0,0,0,0,,,/orangehrm-4.3.1/symfony/web/index.php/dashboard,,,,,menu_dashboard_index,,,,,firstLevelMenu,,,,,,,,,,,,,,,,,,,,,,,
200,7,68,"<html:b xmlns:html=""http://www.w3.org/1999/xhtml"">",50,html:b,[],0,0,0,0,0,0,0,1,0,0,0,0,0,0,0,0,0,0,0,0,0,0,0,0,0,0,0,0,0,0,0,0,0,,,,,,,,,,,,,,,,,,,,,,,,,,,,,,,,,,,,
201,6,81,"<html:ul xmlns:html=""http://www.w3.org/1999/xhtml"">",51,html:ul,[],0,0,0,0,0,0,0,0,0,1,0,0,0,0,0,0,0,0,0,0,1,0,0,0,0,0,0,0,0,0,0,0,0,,,,,,,,,,,,,,,,,,,,,,,,,,,,,,,,,,,,
202,7,57,"<html:li xmlns:html=""http://www.w3.org/1999/xhtml"" />",53,html:li,[],0,0,0,0,0,0,0,0,0,1,0,0,0,0,0,0,0,0,0,0,0,0,0,0,0,0,0,0,0,0,0,0,0,,,,,,,,,,,,,,,,,,,,,,,,,,,,,,,,,,,,
203,5,280,"<html:li xmlns:html=""http://www.w3.org/1999/xhtml"">",51,html:li,[],0,0,0,0,0,1,0,1,0,2,0,0,0,0,0,0,0,0,0,0,1,0,0,0,0,0,0,0,0,0,0,0,0,,,,,,,,,,,,,,,,,,,,,,,,,,,,,,,,,,,,
204,6,222,"<html:a xmlns:html=""http://www.w3.org/1999/xhtml"" class=""firstLevelMenu"" href=""/orangehrm-4.3.1/symfony/web/index.php/directory/viewDirectory/reset/1"" id=""menu_directory_viewDirectory"">",185,html:a,"['class=""firstLevelMenu""', 'href=""/orangehrm-4.3.1/symfony/web/index.php/directory/viewDirectory/reset/1""', 'id=""menu_directory_viewDirectory""']",0,0,0,0,0,1,0,1,0,0,0,0,0,0,0,0,0,0,0,0,0,0,0,0,0,0,0,0,0,0,0,0,0,,,/orangehrm-4.3.1/symfony/web/index.php/directory/viewDirectory/reset/1,,,,,menu_directory_viewDirectory,,,,,firstLevelMenu,,,,,,,,,,,,,,,,,,,,,,,
205,7,68,"<html:b xmlns:html=""http://www.w3.org/1999/xhtml"">",50,html:b,[],0,0,0,0,0,0,0,1,0,0,0,0,0,0,0,0,0,0,0,0,0,0,0,0,0,0,0,0,0,0,0,0,0,,,,,,,,,,,,,,,,,,,,,,,,,,,,,,,,,,,,
206,6,81,"<html:ul xmlns:html=""http://www.w3.org/1999/xhtml"">",51,html:ul,[],0,0,0,0,0,0,0,0,0,1,0,0,0,0,0,0,0,0,0,0,1,0,0,0,0,0,0,0,0,0,0,0,0,,,,,,,,,,,,,,,,,,,,,,,,,,,,,,,,,,,,
207,7,57,"<html:li xmlns:html=""http://www.w3.org/1999/xhtml"" />",53,html:li,[],0,0,0,0,0,0,0,0,0,1,0,0,0,0,0,0,0,0,0,0,0,0,0,0,0,0,0,0,0,0,0,0,0,,,,,,,,,,,,,,,,,,,,,,,,,,,,,,,,,,,,
208,5,907,"<html:li xmlns:html=""http://www.w3.org/1999/xhtml"">",51,html:li,[],0,0,0,0,0,5,0,1,0,5,0,0,0,0,0,0,0,0,0,0,2,0,0,0,0,0,0,0,0,0,0,0,0,,,,,,,,,,,,,,,,,,,,,,,,,,,,,,,,,,,,
209,6,220,"<html:a xmlns:html=""http://www.w3.org/1999/xhtml"" class=""firstLevelMenu"" href=""/orangehrm-4.3.1/symfony/web/index.php/maintenance/purgeEmployee"" id=""menu_maintenance_purgeEmployee"">",181,html:a,"['class=""firstLevelMenu""', 'href=""/orangehrm-4.3.1/symfony/web/index.php/maintenance/purgeEmployee""', 'id=""menu_maintenance_purgeEmployee""']",0,0,0,0,0,1,0,1,0,0,0,0,0,0,0,0,0,0,0,0,0,0,0,0,0,0,0,0,0,0,0,0,0,,,/orangehrm-4.3.1/symfony/web/index.php/maintenance/purgeEmployee,,,,,menu_maintenance_purgeEmployee,,,,,firstLevelMenu,,,,,,,,,,,,,,,,,,,,,,,
210,7,70,"<html:b xmlns:html=""http://www.w3.org/1999/xhtml"">",50,html:b,[],0,0,0,0,0,0,0,1,0,0,0,0,0,0,0,0,0,0,0,0,0,0,0,0,0,0,0,0,0,0,0,0,0,,,,,,,,,,,,,,,,,,,,,,,,,,,,,,,,,,,,
211,6,708,"<html:ul xmlns:html=""http://www.w3.org/1999/xhtml"">",51,html:ul,[],0,0,0,0,0,4,0,0,0,4,0,0,0,0,0,0,0,0,0,0,2,0,0,0,0,0,0,0,0,0,0,0,0,,,,,,,,,,,,,,,,,,,,,,,,,,,,,,,,,,,,
212,7,512,"<html:li xmlns:html=""http://www.w3.org/1999/xhtml"">",51,html:li,[],0,0,0,0,0,3,0,0,0,3,0,0,0,0,0,0,0,0,0,0,1,0,0,0,0,0,0,0,0,0,0,0,0,,,,,,,,,,,,,,,,,,,,,,,,,,,,,,,,,,,,
213,8,132,"<html:a xmlns:html=""http://www.w3.org/1999/xhtml"" class=""arrow"" href=""#"" id=""menu_maintenance_PurgeRecords"">",108,html:a,"['class=""arrow""', 'href=""#""', 'id=""menu_maintenance_PurgeRecords""']",0,0,0,0,0,1,0,0,0,0,0,0,0,0,0,0,0,0,0,0,0,0,0,0,0,0,0,0,0,0,0,0,0,,,#,,,,,menu_maintenance_PurgeRecords,,,,,arrow,,,,,,,,,,,,,,,,,,,,,,,
214,8,401,"<html:ul xmlns:html=""http://www.w3.org/1999/xhtml"">",51,html:ul,[],0,0,0,0,0,2,0,0,0,2,0,0,0,0,0,0,0,0,0,0,1,0,0,0,0,0,0,0,0,0,0,0,0,,,,,,,,,,,,,,,,,,,,,,,,,,,,,,,,,,,,
215,9,204,"<html:li xmlns:html=""http://www.w3.org/1999/xhtml"">",51,html:li,[],0,0,0,0,0,1,0,0,0,1,0,0,0,0,0,0,0,0,0,0,0,0,0,0,0,0,0,0,0,0,0,0,0,,,,,,,,,,,,,,,,,,,,,,,,,,,,,,,,,,,,
216,10,183,"<html:a xmlns:html=""http://www.w3.org/1999/xhtml"" href=""/orangehrm-4.3.1/symfony/web/index.php/maintenance/purgeEmployee"" id=""menu_maintenance_purgeEmployee"">",158,html:a,"['href=""/orangehrm-4.3.1/symfony/web/index.php/maintenance/purgeEmployee""', 'id=""menu_maintenance_purgeEmployee""']",0,0,0,0,0,1,0,0,0,0,0,0,0,0,0,0,0,0,0,0,0,0,0,0,0,0,0,0,0,0,0,0,0,,,/orangehrm-4.3.1/symfony/web/index.php/maintenance/purgeEmployee,,,,,menu_maintenance_purgeEmployee,,,,,,,,,,,,,,,,,,,,,,,,,,,,
217,9,215,"<html:li xmlns:html=""http://www.w3.org/1999/xhtml"">",51,html:li,[],0,0,0,0,0,1,0,0,0,1,0,0,0,0,0,0,0,0,0,0,0,0,0,0,0,0,0,0,0,0,0,0,0,,,,,,,,,,,,,,,,,,,,,,,,,,,,,,,,,,,,
218,10,194,"<html:a xmlns:html=""http://www.w3.org/1999/xhtml"" href=""/orangehrm-4.3.1/symfony/web/index.php/maintenance/purgeCandidateData"" id=""menu_maintenance_purgeCandidateData"">",168,html:a,"['href=""/orangehrm-4.3.1/symfony/web/index.php/maintenance/purgeCandidateData""', 'id=""menu_maintenance_purgeCandidateData""']",0,0,0,0,0,1,0,0,0,0,0,0,0,0,0,0,0,0,0,0,0,0,0,0,0,0,0,0,0,0,0,0,0,,,/orangehrm-4.3.1/symfony/web/index.php/maintenance/purgeCandidateData,,,,,menu_maintenance_purgeCandidateData,,,,,,,,,,,,,,,,,,,,,,,,,,,,
219,7,214,"<html:li xmlns:html=""http://www.w3.org/1999/xhtml"">",51,html:li,[],0,0,0,0,0,1,0,0,0,1,0,0,0,0,0,0,0,0,0,0,0,0,0,0,0,0,0,0,0,0,0,0,0,,,,,,,,,,,,,,,,,,,,,,,,,,,,,,,,,,,,
220,8,193,"<html:a xmlns:html=""http://www.w3.org/1999/xhtml"" href=""/orangehrm-4.3.1/symfony/web/index.php/maintenance/accessEmployeeData"" id=""menu_maintenance_accessEmployeeData"">",168,html:a,"['href=""/orangehrm-4.3.1/symfony/web/index.php/maintenance/accessEmployeeData""', 'id=""menu_maintenance_accessEmployeeData""']",0,0,0,0,0,1,0,0,0,0,0,0,0,0,0,0,0,0,0,0,0,0,0,0,0,0,0,0,0,0,0,0,0,,,/orangehrm-4.3.1/symfony/web/index.php/maintenance/accessEmployeeData,,,,,menu_maintenance_accessEmployeeData,,,,,,,,,,,,,,,,,,,,,,,,,,,,
221,3,3233,"<html:div xmlns:html=""http://www.w3.org/1999/xhtml"" id=""content"">",65,html:div,"['id=""content""']",1,0,0,0,1,2,2,0,4,2,11,1,0,0,0,0,7,2,3,0,0,2,1,0,1,0,0,0,2,2,2,1,0,,,,,,,,content,,,,,,,,,,,,,,,,,,,,,,,,,,,,
222,4,1136,"<html:div xmlns:html=""http://www.w3.org/1999/xhtml"" class=""box"" id=""saveFormDiv"">",81,html:div,"['class=""box""', 'id=""saveFormDiv""']",1,0,0,0,1,0,1,0,0,2,5,0,0,0,0,0,3,2,0,0,0,1,0,0,0,0,0,0,1,0,1,0,0,,,,,,,,saveFormDiv,,,,,box,,,,,,,,,,,,,,,,,,,,,,,
223,5,142,"<html:div xmlns:html=""http://www.w3.org/1999/xhtml"" class=""head"">",65,html:div,"['class=""head""']",0,0,0,0,0,0,0,0,0,0,0,0,0,0,0,0,1,0,0,0,0,0,0,0,0,0,0,0,0,0,1,0,0,,,,,,,,,,,,,head,,,,,,,,,,,,,,,,,,,,,,,
224,6,104,"<html:h1 xmlns:html=""http://www.w3.org/1999/xhtml"" id=""saveFormHeading"">",72,html:h1,"['id=""saveFormHeading""']",0,0,0,0,0,0,0,0,0,0,0,0,0,0,0,0,0,0,0,0,0,0,0,0,0,0,0,0,0,0,1,0,0,,,,,,,,saveFormHeading,,,,,,,,,,,,,,,,,,,,,,,,,,,,
225,5,979,"<html:div xmlns:html=""http://www.w3.org/1999/xhtml"" class=""inner"">",66,html:div,"['class=""inner""']",1,0,0,0,1,0,1,0,0,2,5,0,0,0,0,0,1,2,0,0,0,1,0,0,0,0,0,0,1,0,0,0,0,,,,,,,,,,,,,inner,,,,,,,,,,,,,,,,,,,,,,,
226,6,940,"<html:form xmlns:html=""http://www.w3.org/1999/xhtml"" action=""/orangehrm-4.3.1/symfony/web/index.php/pim/viewReportingMethods"" id=""frmSave"" method=""post"" name=""frmSave"">",168,html:form,"['action=""/orangehrm-4.3.1/symfony/web/index.php/pim/viewReportingMethods""', 'id=""frmSave""', 'method=""post""', 'name=""frmSave""']",1,0,0,0,1,0,1,0,0,2,5,0,0,0,0,0,0,2,0,0,0,1,0,0,0,0,0,0,1,0,0,0,0,,,,,,,,frmSave,,,,,,,/orangehrm-4.3.1/symfony/web/index.php/pim/viewReportingMethods,,post,frmSave,,,,,,,,,,,,,,,,,,
227,7,180,"<html:input xmlns:html=""http://www.w3.org/1999/xhtml"" id=""reportingMethod__csrf_token"" name=""reportingMethod[_csrf_token]"" type=""hidden"" value=""d330de054e63850dbf8a74d6f5be63cc"" />",180,html:input,"['id=""reportingMethod__csrf_token""', 'name=""reportingMethod[_csrf_token]""', 'type=""hidden""', 'value=""d330de054e63850dbf8a74d6f5be63cc""']",0,0,0,0,0,0,0,0,0,0,1,0,0,0,0,0,0,0,0,0,0,0,0,0,0,0,0,0,0,0,0,0,0,,,,,hidden,,,reportingMethod__csrf_token,,,,,,d330de054e63850dbf8a74d6f5be63cc,,,,reportingMethod[_csrf_token],,,,,,,,,,,,,,,,,,
228,7,132,"<html:input xmlns:html=""http://www.w3.org/1999/xhtml"" id=""reportingMethod_id"" name=""reportingMethod[id]"" type=""hidden"" value="""" />",130,html:input,"['id=""reportingMethod_id""', 'name=""reportingMethod[id]""', 'type=""hidden""', 'value=""""']",0,0,0,0,0,0,0,0,0,0,1,0,0,0,0,0,0,0,0,0,0,0,0,0,0,0,0,0,0,0,0,0,0,,,,,hidden,,,reportingMethod_id,,,,,,,,,,reportingMethod[id],,,,,,,,,,,,,,,,,,
229,7,569,"<html:fieldset xmlns:html=""http://www.w3.org/1999/xhtml"">",57,html:fieldset,[],1,0,0,0,1,0,1,0,0,2,3,0,0,0,0,0,0,2,0,0,0,0,0,0,0,0,0,0,1,0,0,0,0,,,,,,,,,,,,,,,,,,,,,,,,,,,,,,,,,,,,
230,8,359,"<html:ol xmlns:html=""http://www.w3.org/1999/xhtml"">",51,html:ol,[],1,0,0,0,1,0,0,0,0,2,1,0,0,0,0,0,0,2,0,0,0,0,0,0,0,0,0,0,0,0,0,0,0,,,,,,,,,,,,,,,,,,,,,,,,,,,,,,,,,,,,
231,9,241,"<html:li xmlns:html=""http://www.w3.org/1999/xhtml"">",51,html:li,[],1,0,0,0,0,0,0,0,0,1,1,0,0,0,0,0,0,1,0,0,0,0,0,0,0,0,0,0,0,0,0,0,0,,,,,,,,,,,,,,,,,,,,,,,,,,,,,,,,,,,,
232,10,119,"<html:label xmlns:html=""http://www.w3.org/1999/xhtml"" for=""reportingMethod_name"">",81,html:label,"['for=""reportingMethod_name""']",1,0,0,0,0,0,0,0,0,0,0,0,0,0,0,0,0,1,0,0,0,0,0,0,0,0,0,0,0,0,0,0,0,,,,,,,,,,,,,,,,,,,,,,,,,,,,,,,,,,,reportingMethod_name,
233,11,62,"<html:em xmlns:html=""http://www.w3.org/1999/xhtml"">",51,html:em,[],0,0,0,0,0,0,0,0,0,0,0,0,0,0,0,0,0,1,0,0,0,0,0,0,0,0,0,0,0,0,0,0,0,,,,,,,,,,,,,,,,,,,,,,,,,,,,,,,,,,,,
234,10,139,"<html:input xmlns:html=""http://www.w3.org/1999/xhtml"" id=""reportingMethod_name"" maxlength=""100"" name=""reportingMethod[name]"" type=""text"" />",139,html:input,"['id=""reportingMethod_name""', 'maxlength=""100""', 'name=""reportingMethod[name]""', 'type=""text""']",0,0,0,0,0,0,0,0,0,0,1,0,0,0,0,0,0,0,0,0,0,0,0,0,0,0,0,0,0,0,0,0,0,,,,,text,,,reportingMethod_name,,,,,,,,,,reportingMethod[name],,,,,,,,,,,,,,,,,,100
235,9,137,"<html:li xmlns:html=""http://www.w3.org/1999/xhtml"" class=""required"">",68,html:li,"['class=""required""']",0,0,0,0,0,0,0,0,0,1,0,0,0,0,0,0,0,1,0,0,0,0,0,0,0,0,0,0,0,0,0,0,0,,,,,,,,,,,,,required,,,,,,,,,,,,,,,,,,,,,,,
236,10,77,"<html:em xmlns:html=""http://www.w3.org/1999/xhtml"">",51,html:em,[],0,0,0,0,0,0,0,0,0,0,0,0,0,0,0,0,0,1,0,0,0,0,0,0,0,0,0,0,0,0,0,0,0,,,,,,,,,,,,,,,,,,,,,,,,,,,,,,,,,,,,
237,8,217,"<html:p xmlns:html=""http://www.w3.org/1999/xhtml"">",50,html:p,[],0,0,0,0,0,0,1,0,0,0,2,0,0,0,0,0,0,0,0,0,0,0,0,0,0,0,0,0,0,0,0,0,0,,,,,,,,,,,,,,,,,,,,,,,,,,,,,,,,,,,,
238,9,122,"<html:input xmlns:html=""http://www.w3.org/1999/xhtml"" class="""" id=""btnSave"" name=""btnSave"" type=""button"" value=""Save"" />",120,html:input,"['class=""""', 'id=""btnSave""', 'name=""btnSave""', 'type=""button""', 'value=""Save""']",0,0,0,0,0,0,0,0,0,0,1,0,0,0,0,0,0,0,0,0,0,0,0,0,0,0,0,0,0,0,0,0,0,,,,,button,,,btnSave,,,,,,Save,,,,btnSave,,,,,,,,,,,,,,,,,,
239,9,116,"<html:input xmlns:html=""http://www.w3.org/1999/xhtml"" class=""reset"" id=""btnCancel"" type=""button"" value=""Cancel"" />",114,html:input,"['class=""reset""', 'id=""btnCancel""', 'type=""button""', 'value=""Cancel""']",0,0,0,0,0,0,0,0,0,0,1,0,0,0,0,0,0,0,0,0,0,0,0,0,0,0,0,0,0,0,0,0,0,,,,,button,,,btnCancel,,,,,reset,Cancel,,,,,,,,,,,,,,,,,,,,,,
240,4,1495,"<html:div xmlns:html=""http://www.w3.org/1999/xhtml"" class=""box miniList"" id=""recordsListDiv"">",93,html:div,"['class=""box miniList""', 'id=""recordsListDiv""']",0,0,0,0,0,2,1,0,4,0,6,1,0,0,0,0,3,0,3,0,0,1,1,0,0,0,0,0,1,2,1,1,0,,,,,,,,recordsListDiv,,,,,box miniList,,,,,,,,,,,,,,,,,,,,,,,
241,5,118,"<html:div xmlns:html=""http://www.w3.org/1999/xhtml"" class=""head"">",65,html:div,"['class=""head""']",0,0,0,0,0,0,0,0,0,0,0,0,0,0,0,0,1,0,0,0,0,0,0,0,0,0,0,0,0,0,1,0,0,,,,,,,,,,,,,head,,,,,,,,,,,,,,,,,,,,,,,
242,6,80,"<html:h1 xmlns:html=""http://www.w3.org/1999/xhtml"">",51,html:h1,[],0,0,0,0,0,0,0,0,0,0,0,0,0,0,0,0,0,0,0,0,0,0,0,0,0,0,0,0,0,0,1,0,0,,,,,,,,,,,,,,,,,,,,,,,,,,,,,,,,,,,,
243,5,1352,"<html:div xmlns:html=""http://www.w3.org/1999/xhtml"" class=""inner"">",66,html:div,"['class=""inner""']",0,0,0,0,0,2,1,0,4,0,6,1,0,0,0,0,1,0,3,0,0,1,1,0,0,0,0,0,1,2,0,1,0,,,,,,,,,,,,,inner,,,,,,,,,,,,,,,,,,,,,,,
244,6,1313,"<html:form xmlns:html=""http://www.w3.org/1999/xhtml"" action=""/orangehrm-4.3.1/symfony/web/index.php/pim/deleteReportingMethods"" id=""frmList"" method=""post"" name=""frmList"">",170,html:form,"['action=""/orangehrm-4.3.1/symfony/web/index.php/pim/deleteReportingMethods""', 'id=""frmList""', 'method=""post""', 'name=""frmList""']",0,0,0,0,0,2,1,0,4,0,6,1,0,0,0,0,0,0,3,0,0,1,1,0,0,0,0,0,1,2,0,1,0,,,,,,,,frmList,,,,,,,/orangehrm-4.3.1/symfony/web/index.php/pim/deleteReportingMethods,,post,frmList,,,,,,,,,,,,,,,,,,
245,7,172,"<html:input xmlns:html=""http://www.w3.org/1999/xhtml"" id=""defaultList__csrf_token"" name=""defaultList[_csrf_token]"" type=""hidden"" value=""9eaf24be31b5adad488e962f68a6870a"" />",172,html:input,"['id=""defaultList__csrf_token""', 'name=""defaultList[_csrf_token]""', 'type=""hidden""', 'value=""9eaf24be31b5adad488e962f68a6870a""']",0,0,0,0,0,0,0,0,0,0,1,0,0,0,0,0,0,0,0,0,0,0,0,0,0,0,0,0,0,0,0,0,0,,,,,hidden,,,defaultList__csrf_token,,,,,,9eaf24be31b5adad488e962f68a6870a,,,,defaultList[_csrf_token],,,,,,,,,,,,,,,,,,
246,7,259,"<html:fieldset xmlns:html=""http://www.w3.org/1999/xhtml"">",57,html:fieldset,[],0,0,0,0,0,0,1,0,0,0,2,0,0,0,0,0,0,0,0,0,0,0,0,0,0,0,0,0,1,0,0,0,0,,,,,,,,,,,,,,,,,,,,,,,,,,,,,,,,,,,,
247,8,224,"<html:p xmlns:html=""http://www.w3.org/1999/xhtml"" id=""listActions"">",67,html:p,"['id=""listActions""']",0,0,0,0,0,0,1,0,0,0,2,0,0,0,0,0,0,0,0,0,0,0,0,0,0,0,0,0,0,0,0,0,0,,,,,,,,listActions,,,,,,,,,,,,,,,,,,,,,,,,,,,,
248,9,114,"<html:input xmlns:html=""http://www.w3.org/1999/xhtml"" class=""addbutton"" id=""btnAdd"" type=""button"" value=""Add"" />",112,html:input,"['class=""addbutton""', 'id=""btnAdd""', 'type=""button""', 'value=""Add""']",0,0,0,0,0,0,0,0,0,0,1,0,0,0,0,0,0,0,0,0,0,0,0,0,0,0,0,0,0,0,0,0,0,,,,,button,,,btnAdd,,,,,addbutton,Add,,,,,,,,,,,,,,,,,,,,,,
249,9,114,"<html:input xmlns:html=""http://www.w3.org/1999/xhtml"" class=""delete"" id=""btnDel"" type=""button"" value=""Delete"" />",112,html:input,"['class=""delete""', 'id=""btnDel""', 'type=""button""', 'value=""Delete""']",0,0,0,0,0,0,0,0,0,0,1,0,0,0,0,0,0,0,0,0,0,0,0,0,0,0,0,0,0,0,0,0,0,,,,,button,,,btnDel,,,,,delete,Delete,,,,,,,,,,,,,,,,,,,,,,
250,7,821,"<html:table xmlns:html=""http://www.w3.org/1999/xhtml"" class=""table hover"" id=""recordsListTable"">",96,html:table,"['class=""table hover""', 'id=""recordsListTable""']",0,0,0,0,0,2,0,0,4,0,3,1,0,0,0,0,0,0,3,0,0,0,1,0,0,0,0,0,0,2,0,1,0,,,,,,,,recordsListTable,,,,,table hover,,,,,,,,,,,,,,,,,,,,,,,
251,8,250,"<html:thead xmlns:html=""http://www.w3.org/1999/xhtml"">",54,html:thead,[],0,0,0,0,0,0,0,0,0,0,1,0,0,0,0,0,0,0,1,0,0,0,0,0,0,0,0,0,0,2,0,1,0,,,,,,,,,,,,,,,,,,,,,,,,,,,,,,,,,,,,
252,9,221,"<html:tr xmlns:html=""http://www.w3.org/1999/xhtml"">",51,html:tr,[],0,0,0,0,0,0,0,0,0,0,1,0,0,0,0,0,0,0,1,0,0,0,0,0,0,0,0,0,0,2,0,0,0,,,,,,,,,,,,,,,,,,,,,,,,,,,,,,,,,,,,
253,10,155,"<html:th xmlns:html=""http://www.w3.org/1999/xhtml"" class=""check"" style=""width:2%"">",82,html:th,"['class=""check""', 'style=""width:2%""']",0,0,0,0,0,0,0,0,0,0,1,0,0,0,0,0,0,0,0,0,0,0,0,0,0,0,0,0,0,1,0,0,0,,,,,,,,,,,,,check,,,,,,,,width:2%,,,,,,,,,,,,,,,
254,11,103,"<html:input xmlns:html=""http://www.w3.org/1999/xhtml"" class=""checkbox"" id=""checkAll"" type=""checkbox"" />",103,html:input,"['class=""checkbox""', 'id=""checkAll""', 'type=""checkbox""']",0,0,0,0,0,0,0,0,0,0,1,0,0,0,0,0,0,0,0,0,0,0,0,0,0,0,0,0,0,0,0,0,0,,,,,checkbox,,,checkAll,,,,,checkbox,,,,,,,,,,,,,,,,,,,,,,,
255,10,85,"<html:th xmlns:html=""http://www.w3.org/1999/xhtml"" style=""width:98%"">",69,html:th,"['style=""width:98%""']",0,0,0,0,0,0,0,0,0,0,0,0,0,0,0,0,0,0,0,0,0,0,0,0,0,0,0,0,0,1,0,0,0,,,,,,,,,,,,,,,,,,,,,width:98%,,,,,,,,,,,,,,,
256,8,542,"<html:tbody xmlns:html=""http://www.w3.org/1999/xhtml"">",54,html:tbody,[],0,0,0,0,0,2,0,0,4,0,2,0,0,0,0,0,0,0,2,0,0,0,1,0,0,0,0,0,0,0,0,0,0,,,,,,,,,,,,,,,,,,,,,,,,,,,,,,,,,,,,
257,9,276,"<html:tr xmlns:html=""http://www.w3.org/1999/xhtml"" class=""odd"">",63,html:tr,"['class=""odd""']",0,0,0,0,0,1,0,0,2,0,1,0,0,0,0,0,0,0,1,0,0,0,0,0,0,0,0,0,0,0,0,0,0,,,,,,,,,,,,,odd,,,,,,,,,,,,,,,,,,,,,,,
258,10,161,"<html:td xmlns:html=""http://www.w3.org/1999/xhtml"" class=""check"">",65,html:td,"['class=""check""']",0,0,0,0,0,0,0,0,1,0,1,0,0,0,0,0,0,0,0,0,0,0,0,0,0,0,0,0,0,0,0,0,0,,,,,,,,,,,,,check,,,,,,,,,,,,,,,,,,,,,,,
259,11,124,"<html:input xmlns:html=""http://www.w3.org/1999/xhtml"" class=""checkbox"" name=""chkListRecord[]"" type=""checkbox"" value=""1"" />",122,html:input,"['class=""checkbox""', 'name=""chkListRecord[]""', 'type=""checkbox""', 'value=""1""']",0,0,0,0,0,0,0,0,0,0,1,0,0,0,0,0,0,0,0,0,0,0,0,0,0,0,0,0,0,0,0,0,0,,,,,checkbox,,,,,,,,checkbox,1,,,,chkListRecord[],,,,,,,,,,,,,,,,,,
260,10,122,"<html:td xmlns:html=""http://www.w3.org/1999/xhtml"" class=""tdName tdValue"">",74,html:td,"['class=""tdName tdValue""']",0,0,0,0,0,1,0,0,1,0,0,0,0,0,0,0,0,0,0,0,0,0,0,0,0,0,0,0,0,0,0,0,0,,,,,,,,,,,,,tdName tdValue,,,,,,,,,,,,,,,,,,,,,,,
261,11,76,"<html:a xmlns:html=""http://www.w3.org/1999/xhtml"" href=""#"">",59,html:a,"['href=""#""']",0,0,0,0,0,1,0,0,0,0,0,0,0,0,0,0,0,0,0,0,0,0,0,0,0,0,0,0,0,0,0,0,0,,,#,,,,,,,,,,,,,,,,,,,,,,,,,,,,,,,,,
262,9,279,"<html:tr xmlns:html=""http://www.w3.org/1999/xhtml"" class=""even"">",64,html:tr,"['class=""even""']",0,0,0,0,0,1,0,0,2,0,1,0,0,0,0,0,0,0,1,0,0,0,0,0,0,0,0,0,0,0,0,0,0,,,,,,,,,,,,,even,,,,,,,,,,,,,,,,,,,,,,,
263,10,161,"<html:td xmlns:html=""http://www.w3.org/1999/xhtml"" class=""check"">",65,html:td,"['class=""check""']",0,0,0,0,0,0,0,0,1,0,1,0,0,0,0,0,0,0,0,0,0,0,0,0,0,0,0,0,0,0,0,0,0,,,,,,,,,,,,,check,,,,,,,,,,,,,,,,,,,,,,,
264,11,124,"<html:input xmlns:html=""http://www.w3.org/1999/xhtml"" class=""checkbox"" name=""chkListRecord[]"" type=""checkbox"" value=""2"" />",122,html:input,"['class=""checkbox""', 'name=""chkListRecord[]""', 'type=""checkbox""', 'value=""2""']",0,0,0,0,0,0,0,0,0,0,1,0,0,0,0,0,0,0,0,0,0,0,0,0,0,0,0,0,0,0,0,0,0,,,,,checkbox,,,,,,,,checkbox,2,,,,chkListRecord[],,,,,,,,,,,,,,,,,,
265,10,124,"<html:td xmlns:html=""http://www.w3.org/1999/xhtml"" class=""tdName tdValue"">",74,html:td,"['class=""tdName tdValue""']",0,0,0,0,0,1,0,0,1,0,0,0,0,0,0,0,0,0,0,0,0,0,0,0,0,0,0,0,0,0,0,0,0,,,,,,,,,,,,,tdName tdValue,,,,,,,,,,,,,,,,,,,,,,,
266,11,78,"<html:a xmlns:html=""http://www.w3.org/1999/xhtml"" href=""#"">",59,html:a,"['href=""#""']",0,0,0,0,0,1,0,0,0,0,0,0,0,0,0,0,0,0,0,0,0,0,0,0,0,0,0,0,0,0,0,0,0,,,#,,,,,,,,,,,,,,,,,,,,,,,,,,,,,,,,,
267,4,647,"<html:script xmlns:html=""http://www.w3.org/1999/xhtml"" type=""text/javascript"">",78,html:script,"['type=""text/javascript""']",0,0,0,0,0,0,0,0,0,0,0,0,0,0,0,0,0,0,0,0,0,0,0,0,1,0,0,0,0,0,0,0,0,,,,,text/javascript,,,,,,,,,,,,,,,,,,,,,,,,,,,,,,,
268,2,250,"<html:div xmlns:html=""http://www.w3.org/1999/xhtml"" id=""footer"">",64,html:div,"['id=""footer""']",0,0,0,0,0,1,0,0,0,0,0,0,0,0,0,0,1,0,0,1,0,0,0,0,0,0,0,0,0,0,0,0,0,,,,,,,,footer,,,,,,,,,,,,,,,,,,,,,,,,,,,,
269,3,73,"<html:br xmlns:html=""http://www.w3.org/1999/xhtml"" />",53,html:br,[],0,0,0,0,0,0,0,0,0,0,0,0,0,0,0,0,0,0,0,1,0,0,0,0,0,0,0,0,0,0,0,0,0,,,,,,,,,,,,,,,,,,,,,,,,,,,,,,,,,,,,
270,3,145,"<html:a xmlns:html=""http://www.w3.org/1999/xhtml"" href=""http://www.orangehrm.com"" target=""_blank"">",98,html:a,"['href=""http://www.orangehrm.com""', 'target=""_blank""']",0,0,0,0,0,1,0,0,0,0,0,0,0,0,0,0,0,0,0,0,0,0,0,0,0,0,0,0,0,0,0,0,0,,,http://www.orangehrm.com,,,,,,_blank,,,,,,,,,,,,,,,,,,,,,,,,,,,
271,2,3653,"<html:script xmlns:html=""http://www.w3.org/1999/xhtml"" type=""text/javascript"">",78,html:script,"['type=""text/javascript""']",0,0,0,0,0,0,0,0,0,0,0,0,0,0,0,0,0,0,0,0,0,0,0,0,1,0,0,0,0,0,0,0,0,,,,,text/javascript,,,,,,,,,,,,,,,,,,,,,,,,,,,,,,,
