,Parent_Count,Char_Count,Main_Tag,Main_Tag_Char_Count,Main_Tag_Name,Main_Tag_Attributes,Tag_Count_html:h2,Tag_Count_html:label,Tag_Count_html:body,Tag_Count_html:link,Tag_Count_path,Tag_Count_html:ol,Tag_Count_html:a,Tag_Count_html:p,Tag_Count_html:b,Tag_Count_html:li,Tag_Count_html:input,Tag_Count_animatetransform,Tag_Count_html:head,Tag_Count_html:meta,Tag_Count_html:html,Tag_Count_html:div,Tag_Count_html:br,Tag_Count_html:ul,Tag_Count_html:form,Tag_Count_html:title,Tag_Count_html:script,Tag_Count_html:img,Tag_Count_html:style,Tag_Count_svg,Tag_Count_html:fieldset,Tag_Count_html:h1,Tag_Count_html:h3,Attr_tabindex,Attr_lang,Attr_content,Attr_href,Attr_rel,Attr_type,Attr_src,Attr_media,Attr_id,Attr_target,Attr_alt,Attr_height,Attr_width,Attr_class,Attr_value,Attr_action,Attr_enctype,Attr_method,Attr_name,Attr_language,Attr_title,Attr_style,Attr_version,Attr_viewbox,Attr_x,Attr_y,Attr_d,Attr_fill,Attr_attributename,Attr_attributetype,Attr_dur,Attr_from,Attr_repeatcount,Attr_to,Attr_onclick,Attr_for
0,0,29001,"<html:html xmlns:html=""http://www.w3.org/1999/xhtml"" xmlns:ns1=""http://www.w3.org/2000/svg"" lang=""en"" xml:lang=""en"">",116,html:html,"['lang=""en""']",2,4,1,7,1,2,64,6,9,73,9,1,1,1,1,21,1,21,2,1,18,1,1,1,1,1,2,,en,,,,,,,,,,,,,,,,,,,,,,,,,,,,,,,,,,
1,1,3024,"<html:head xmlns:html=""http://www.w3.org/1999/xhtml"">",53,html:head,[],0,0,0,7,0,0,0,0,0,0,0,0,1,1,0,0,0,0,0,1,13,0,0,0,0,0,0,,,,,,,,,,,,,,,,,,,,,,,,,,,,,,,,,,,,
2,2,78,"<html:title xmlns:html=""http://www.w3.org/1999/xhtml"">",54,html:title,[],0,0,0,0,0,0,0,0,0,0,0,0,0,0,0,0,0,0,0,1,0,0,0,0,0,0,0,,,,,,,,,,,,,,,,,,,,,,,,,,,,,,,,,,,,
3,2,118,"<html:meta xmlns:html=""http://www.w3.org/1999/xhtml"" content=""text/html; charset=utf-8"" http-equiv=""Content-Type"" />",116,html:meta,"['content=""text/html; charset=utf-8""']",0,0,0,0,0,0,0,0,0,0,0,0,0,1,0,0,0,0,0,0,0,0,0,0,0,0,0,,,text/html; charset=utf-8,,,,,,,,,,,,,,,,,,,,,,,,,,,,,,,,,
4,2,180,"<html:link xmlns:html=""http://www.w3.org/1999/xhtml"" href=""/orangehrm-4.3.1/symfony/web/webres_5cc83b08d42f86.60948938/themes/default/images/favicon.ico"" rel=""shortcut icon"" />",176,html:link,"['href=""/orangehrm-4.3.1/symfony/web/webres_5cc83b08d42f86.60948938/themes/default/images/favicon.ico""', 'rel=""shortcut icon""']",0,0,0,1,0,0,0,0,0,0,0,0,0,0,0,0,0,0,0,0,0,0,0,0,0,0,0,,,,/orangehrm-4.3.1/symfony/web/webres_5cc83b08d42f86.60948938/themes/default/images/favicon.ico,shortcut icon,,,,,,,,,,,,,,,,,,,,,,,,,,,,,,,
5,2,186,"<html:link xmlns:html=""http://www.w3.org/1999/xhtml"" href=""/orangehrm-4.3.1/symfony/web/webres_5cc83b08d42f86.60948938/themes/default/css/reset.css"" rel=""stylesheet"" type=""text/css"" />",184,html:link,"['href=""/orangehrm-4.3.1/symfony/web/webres_5cc83b08d42f86.60948938/themes/default/css/reset.css""', 'rel=""stylesheet""', 'type=""text/css""']",0,0,0,1,0,0,0,0,0,0,0,0,0,0,0,0,0,0,0,0,0,0,0,0,0,0,0,,,,/orangehrm-4.3.1/symfony/web/webres_5cc83b08d42f86.60948938/themes/default/css/reset.css,stylesheet,text/css,,,,,,,,,,,,,,,,,,,,,,,,,,,,,,
6,2,187,"<html:link xmlns:html=""http://www.w3.org/1999/xhtml"" href=""/orangehrm-4.3.1/symfony/web/webres_5cc83b08d42f86.60948938/themes/default/css/tipTip.css"" rel=""stylesheet"" type=""text/css"" />",185,html:link,"['href=""/orangehrm-4.3.1/symfony/web/webres_5cc83b08d42f86.60948938/themes/default/css/tipTip.css""', 'rel=""stylesheet""', 'type=""text/css""']",0,0,0,1,0,0,0,0,0,0,0,0,0,0,0,0,0,0,0,0,0,0,0,0,0,0,0,,,,/orangehrm-4.3.1/symfony/web/webres_5cc83b08d42f86.60948938/themes/default/css/tipTip.css,stylesheet,text/css,,,,,,,,,,,,,,,,,,,,,,,,,,,,,,
7,2,211,"<html:link xmlns:html=""http://www.w3.org/1999/xhtml"" href=""/orangehrm-4.3.1/symfony/web/webres_5cc83b08d42f86.60948938/themes/default/css/jquery/jquery-ui-1.8.21.custom.css"" rel=""stylesheet"" type=""text/css"" />",209,html:link,"['href=""/orangehrm-4.3.1/symfony/web/webres_5cc83b08d42f86.60948938/themes/default/css/jquery/jquery-ui-1.8.21.custom.css""', 'rel=""stylesheet""', 'type=""text/css""']",0,0,0,1,0,0,0,0,0,0,0,0,0,0,0,0,0,0,0,0,0,0,0,0,0,0,0,,,,/orangehrm-4.3.1/symfony/web/webres_5cc83b08d42f86.60948938/themes/default/css/jquery/jquery-ui-1.8.21.custom.css,stylesheet,text/css,,,,,,,,,,,,,,,,,,,,,,,,,,,,,,
8,2,209,"<html:link xmlns:html=""http://www.w3.org/1999/xhtml"" href=""/orangehrm-4.3.1/symfony/web/webres_5cc83b08d42f86.60948938/themes/default/css/jquery/jquery.autocomplete.css"" rel=""stylesheet"" type=""text/css"" />",205,html:link,"['href=""/orangehrm-4.3.1/symfony/web/webres_5cc83b08d42f86.60948938/themes/default/css/jquery/jquery.autocomplete.css""', 'rel=""stylesheet""', 'type=""text/css""']",0,0,0,1,0,0,0,0,0,0,0,0,0,0,0,0,0,0,0,0,0,0,0,0,0,0,0,,,,/orangehrm-4.3.1/symfony/web/webres_5cc83b08d42f86.60948938/themes/default/css/jquery/jquery.autocomplete.css,stylesheet,text/css,,,,,,,,,,,,,,,,,,,,,,,,,,,,,,
9,2,185,"<html:link xmlns:html=""http://www.w3.org/1999/xhtml"" href=""/orangehrm-4.3.1/symfony/web/webres_5cc83b08d42f86.60948938/themes/default/css/main.css"" rel=""stylesheet"" type=""text/css"" />",183,html:link,"['href=""/orangehrm-4.3.1/symfony/web/webres_5cc83b08d42f86.60948938/themes/default/css/main.css""', 'rel=""stylesheet""', 'type=""text/css""']",0,0,0,1,0,0,0,0,0,0,0,0,0,0,0,0,0,0,0,0,0,0,0,0,0,0,0,,,,/orangehrm-4.3.1/symfony/web/webres_5cc83b08d42f86.60948938/themes/default/css/main.css,stylesheet,text/css,,,,,,,,,,,,,,,,,,,,,,,,,,,,,,
10,2,178,"<html:script xmlns:html=""http://www.w3.org/1999/xhtml"" src=""/orangehrm-4.3.1/symfony/web/webres_5cc83b08d42f86.60948938/js/jquery/jquery-1.7.2.min.js"" type=""text/javascript"" />",176,html:script,"['src=""/orangehrm-4.3.1/symfony/web/webres_5cc83b08d42f86.60948938/js/jquery/jquery-1.7.2.min.js""', 'type=""text/javascript""']",0,0,0,0,0,0,0,0,0,0,0,0,0,0,0,0,0,0,0,0,1,0,0,0,0,0,0,,,,,,text/javascript,/orangehrm-4.3.1/symfony/web/webres_5cc83b08d42f86.60948938/js/jquery/jquery-1.7.2.min.js,,,,,,,,,,,,,,,,,,,,,,,,,,,,,
11,2,186,"<html:script xmlns:html=""http://www.w3.org/1999/xhtml"" src=""/orangehrm-4.3.1/symfony/web/webres_5cc83b08d42f86.60948938/js/jquery/validate/jquery.validate.js"" type=""text/javascript"" />",184,html:script,"['src=""/orangehrm-4.3.1/symfony/web/webres_5cc83b08d42f86.60948938/js/jquery/validate/jquery.validate.js""', 'type=""text/javascript""']",0,0,0,0,0,0,0,0,0,0,0,0,0,0,0,0,0,0,0,0,1,0,0,0,0,0,0,,,,,,text/javascript,/orangehrm-4.3.1/symfony/web/webres_5cc83b08d42f86.60948938/js/jquery/validate/jquery.validate.js,,,,,,,,,,,,,,,,,,,,,,,,,,,,,
12,2,176,"<html:script xmlns:html=""http://www.w3.org/1999/xhtml"" src=""/orangehrm-4.3.1/symfony/web/webres_5cc83b08d42f86.60948938/js/jquery/jquery.ui.core.js"" type=""text/javascript"" />",174,html:script,"['src=""/orangehrm-4.3.1/symfony/web/webres_5cc83b08d42f86.60948938/js/jquery/jquery.ui.core.js""', 'type=""text/javascript""']",0,0,0,0,0,0,0,0,0,0,0,0,0,0,0,0,0,0,0,0,1,0,0,0,0,0,0,,,,,,text/javascript,/orangehrm-4.3.1/symfony/web/webres_5cc83b08d42f86.60948938/js/jquery/jquery.ui.core.js,,,,,,,,,,,,,,,,,,,,,,,,,,,,,
13,2,181,"<html:script xmlns:html=""http://www.w3.org/1999/xhtml"" src=""/orangehrm-4.3.1/symfony/web/webres_5cc83b08d42f86.60948938/js/jquery/jquery.autocomplete.js"" type=""text/javascript"" />",179,html:script,"['src=""/orangehrm-4.3.1/symfony/web/webres_5cc83b08d42f86.60948938/js/jquery/jquery.autocomplete.js""', 'type=""text/javascript""']",0,0,0,0,0,0,0,0,0,0,0,0,0,0,0,0,0,0,0,0,1,0,0,0,0,0,0,,,,,,text/javascript,/orangehrm-4.3.1/symfony/web/webres_5cc83b08d42f86.60948938/js/jquery/jquery.autocomplete.js,,,,,,,,,,,,,,,,,,,,,,,,,,,,,
14,2,177,"<html:script xmlns:html=""http://www.w3.org/1999/xhtml"" src=""/orangehrm-4.3.1/symfony/web/webres_5cc83b08d42f86.60948938/js/orangehrm.autocomplete.js"" type=""text/javascript"" />",175,html:script,"['src=""/orangehrm-4.3.1/symfony/web/webres_5cc83b08d42f86.60948938/js/orangehrm.autocomplete.js""', 'type=""text/javascript""']",0,0,0,0,0,0,0,0,0,0,0,0,0,0,0,0,0,0,0,0,1,0,0,0,0,0,0,,,,,,text/javascript,/orangehrm-4.3.1/symfony/web/webres_5cc83b08d42f86.60948938/js/orangehrm.autocomplete.js,,,,,,,,,,,,,,,,,,,,,,,,,,,,,
15,2,182,"<html:script xmlns:html=""http://www.w3.org/1999/xhtml"" src=""/orangehrm-4.3.1/symfony/web/webres_5cc83b08d42f86.60948938/js/jquery/jquery.ui.datepicker.js"" type=""text/javascript"" />",180,html:script,"['src=""/orangehrm-4.3.1/symfony/web/webres_5cc83b08d42f86.60948938/js/jquery/jquery.ui.datepicker.js""', 'type=""text/javascript""']",0,0,0,0,0,0,0,0,0,0,0,0,0,0,0,0,0,0,0,0,1,0,0,0,0,0,0,,,,,,text/javascript,/orangehrm-4.3.1/symfony/web/webres_5cc83b08d42f86.60948938/js/jquery/jquery.ui.datepicker.js,,,,,,,,,,,,,,,,,,,,,,,,,,,,,
16,2,173,"<html:script xmlns:html=""http://www.w3.org/1999/xhtml"" src=""/orangehrm-4.3.1/symfony/web/webres_5cc83b08d42f86.60948938/js/jquery/jquery.form.js"" type=""text/javascript"" />",171,html:script,"['src=""/orangehrm-4.3.1/symfony/web/webres_5cc83b08d42f86.60948938/js/jquery/jquery.form.js""', 'type=""text/javascript""']",0,0,0,0,0,0,0,0,0,0,0,0,0,0,0,0,0,0,0,0,1,0,0,0,0,0,0,,,,,,text/javascript,/orangehrm-4.3.1/symfony/web/webres_5cc83b08d42f86.60948938/js/jquery/jquery.form.js,,,,,,,,,,,,,,,,,,,,,,,,,,,,,
17,2,184,"<html:script xmlns:html=""http://www.w3.org/1999/xhtml"" src=""/orangehrm-4.3.1/symfony/web/webres_5cc83b08d42f86.60948938/js/jquery/jquery.tipTip.minified.js"" type=""text/javascript"" />",182,html:script,"['src=""/orangehrm-4.3.1/symfony/web/webres_5cc83b08d42f86.60948938/js/jquery/jquery.tipTip.minified.js""', 'type=""text/javascript""']",0,0,0,0,0,0,0,0,0,0,0,0,0,0,0,0,0,0,0,0,1,0,0,0,0,0,0,,,,,,text/javascript,/orangehrm-4.3.1/symfony/web/webres_5cc83b08d42f86.60948938/js/jquery/jquery.tipTip.minified.js,,,,,,,,,,,,,,,,,,,,,,,,,,,,,
18,2,177,"<html:script xmlns:html=""http://www.w3.org/1999/xhtml"" src=""/orangehrm-4.3.1/symfony/web/webres_5cc83b08d42f86.60948938/js/jquery/bootstrap-modal.js"" type=""text/javascript"" />",175,html:script,"['src=""/orangehrm-4.3.1/symfony/web/webres_5cc83b08d42f86.60948938/js/jquery/bootstrap-modal.js""', 'type=""text/javascript""']",0,0,0,0,0,0,0,0,0,0,0,0,0,0,0,0,0,0,0,0,1,0,0,0,0,0,0,,,,,,text/javascript,/orangehrm-4.3.1/symfony/web/webres_5cc83b08d42f86.60948938/js/jquery/bootstrap-modal.js,,,,,,,,,,,,,,,,,,,,,,,,,,,,,
19,2,181,"<html:script xmlns:html=""http://www.w3.org/1999/xhtml"" src=""/orangehrm-4.3.1/symfony/web/webres_5cc83b08d42f86.60948938/js/jquery/jquery.clickoutside.js"" type=""text/javascript"" />",179,html:script,"['src=""/orangehrm-4.3.1/symfony/web/webres_5cc83b08d42f86.60948938/js/jquery/jquery.clickoutside.js""', 'type=""text/javascript""']",0,0,0,0,0,0,0,0,0,0,0,0,0,0,0,0,0,0,0,0,1,0,0,0,0,0,0,,,,,,text/javascript,/orangehrm-4.3.1/symfony/web/webres_5cc83b08d42f86.60948938/js/jquery/jquery.clickoutside.js,,,,,,,,,,,,,,,,,,,,,,,,,,,,,
20,2,173,"<html:script xmlns:html=""http://www.w3.org/1999/xhtml"" src=""/orangehrm-4.3.1/symfony/web/webres_5cc83b08d42f86.60948938/js/orangehrm.validate.js"" type=""text/javascript"" />",171,html:script,"['src=""/orangehrm-4.3.1/symfony/web/webres_5cc83b08d42f86.60948938/js/orangehrm.validate.js""', 'type=""text/javascript""']",0,0,0,0,0,0,0,0,0,0,0,0,0,0,0,0,0,0,0,0,1,0,0,0,0,0,0,,,,,,text/javascript,/orangehrm-4.3.1/symfony/web/webres_5cc83b08d42f86.60948938/js/orangehrm.validate.js,,,,,,,,,,,,,,,,,,,,,,,,,,,,,
21,2,162,"<html:script xmlns:html=""http://www.w3.org/1999/xhtml"" src=""/orangehrm-4.3.1/symfony/web/webres_5cc83b08d42f86.60948938/js/archive.js"" type=""text/javascript"" />",160,html:script,"['src=""/orangehrm-4.3.1/symfony/web/webres_5cc83b08d42f86.60948938/js/archive.js""', 'type=""text/javascript""']",0,0,0,0,0,0,0,0,0,0,0,0,0,0,0,0,0,0,0,0,1,0,0,0,0,0,0,,,,,,text/javascript,/orangehrm-4.3.1/symfony/web/webres_5cc83b08d42f86.60948938/js/archive.js,,,,,,,,,,,,,,,,,,,,,,,,,,,,,
22,2,180,"<html:script xmlns:html=""http://www.w3.org/1999/xhtml"" src=""/orangehrm-4.3.1/symfony/web/webres_5cc83b08d42f86.60948938/js/orangehrm.marketplace.js"" type=""text/javascript"" />",174,html:script,"['src=""/orangehrm-4.3.1/symfony/web/webres_5cc83b08d42f86.60948938/js/orangehrm.marketplace.js""', 'type=""text/javascript""']",0,0,0,0,0,0,0,0,0,0,0,0,0,0,0,0,0,0,0,0,1,0,0,0,0,0,0,,,,,,text/javascript,/orangehrm-4.3.1/symfony/web/webres_5cc83b08d42f86.60948938/js/orangehrm.marketplace.js,,,,,,,,,,,,,,,,,,,,,,,,,,,,,
23,2,215,"<html:link xmlns:html=""http://www.w3.org/1999/xhtml"" href=""/orangehrm-4.3.1/symfony/web/webres_5cc83b08d42f86.60948938/orangehrmBeaconPlugin/css/_beaconAbout.css"" media=""screen"" rel=""stylesheet"" type=""text/css"" />",213,html:link,"['href=""/orangehrm-4.3.1/symfony/web/webres_5cc83b08d42f86.60948938/orangehrmBeaconPlugin/css/_beaconAbout.css""', 'media=""screen""', 'rel=""stylesheet""', 'type=""text/css""']",0,0,0,1,0,0,0,0,0,0,0,0,0,0,0,0,0,0,0,0,0,0,0,0,0,0,0,,,,/orangehrm-4.3.1/symfony/web/webres_5cc83b08d42f86.60948938/orangehrmBeaconPlugin/css/_beaconAbout.css,stylesheet,text/css,,screen,,,,,,,,,,,,,,,,,,,,,,,,,,,,
24,1,25970,"<html:body xmlns:html=""http://www.w3.org/1999/xhtml"" xmlns:ns1=""http://www.w3.org/2000/svg"">",92,html:body,[],2,4,1,0,1,2,64,6,9,73,9,1,0,0,0,21,1,21,2,0,5,1,1,1,1,1,2,,,,,,,,,,,,,,,,,,,,,,,,,,,,,,,,,,,,
25,2,22124,"<html:div xmlns:html=""http://www.w3.org/1999/xhtml"" xmlns:ns1=""http://www.w3.org/2000/svg"" id=""wrapper"">",104,html:div,"['id=""wrapper""']",2,4,0,0,1,2,63,6,9,73,9,1,0,0,0,20,0,21,2,0,4,1,1,1,1,1,2,,,,,,,,,wrapper,,,,,,,,,,,,,,,,,,,,,,,,,,,
26,3,10172,"<html:div xmlns:html=""http://www.w3.org/1999/xhtml"" xmlns:ns1=""http://www.w3.org/2000/svg"" id=""branding"">",105,html:div,"['id=""branding""']",0,0,0,0,1,0,7,5,0,7,3,1,0,0,0,14,0,2,1,0,3,1,1,1,0,0,2,,,,,,,,,branding,,,,,,,,,,,,,,,,,,,,,,,,,,,
27,4,261,"<html:a xmlns:html=""http://www.w3.org/1999/xhtml"" href=""http://www.orangehrm.com/"" target=""_blank"">",99,html:a,"['href=""http://www.orangehrm.com/""', 'target=""_blank""']",0,0,0,0,0,0,1,0,0,0,0,0,0,0,0,0,0,0,0,0,0,1,0,0,0,0,0,,,,http://www.orangehrm.com/,,,,,,_blank,,,,,,,,,,,,,,,,,,,,,,,,,,
28,5,191,"<html:img xmlns:html=""http://www.w3.org/1999/xhtml"" alt=""OrangeHRM"" height=""56"" src=""/orangehrm-4.3.1/symfony/web/webres_5cc83b08d42f86.60948938/themes/default/images/logo.png"" width=""283"" />",191,html:img,"['alt=""OrangeHRM""', 'height=""56""', 'src=""/orangehrm-4.3.1/symfony/web/webres_5cc83b08d42f86.60948938/themes/default/images/logo.png""', 'width=""283""']",0,0,0,0,0,0,0,0,0,0,0,0,0,0,0,0,0,0,0,0,0,1,0,0,0,0,0,,,,,,,/orangehrm-4.3.1/symfony/web/webres_5cc83b08d42f86.60948938/themes/default/images/logo.png,,,,OrangeHRM,56,283,,,,,,,,,,,,,,,,,,,,,,,
29,4,117,"<html:a xmlns:html=""http://www.w3.org/1999/xhtml"" class=""panelTrigger"" href=""#"" id=""welcome"">",93,html:a,"['class=""panelTrigger""', 'href=""#""', 'id=""welcome""']",0,0,0,0,0,0,1,0,0,0,0,0,0,0,0,0,0,0,0,0,0,0,0,0,0,0,0,,,,#,,,,,welcome,,,,,panelTrigger,,,,,,,,,,,,,,,,,,,,,,
30,4,157,"<html:div xmlns:html=""http://www.w3.org/1999/xhtml"" id=""MP_btn"">",64,html:div,"['id=""MP_btn""']",0,0,0,0,0,0,0,0,0,0,1,0,0,0,0,1,0,0,0,0,0,0,0,0,0,0,0,,,,,,,,,MP_btn,,,,,,,,,,,,,,,,,,,,,,,,,,,
31,5,120,"<html:input xmlns:html=""http://www.w3.org/1999/xhtml"" class=""button"" id=""MP_link"" type=""button"" value=""Marketplace"" />",118,html:input,"['class=""button""', 'id=""MP_link""', 'type=""button""', 'value=""Marketplace""']",0,0,0,0,0,0,0,0,0,0,1,0,0,0,0,0,0,0,0,0,0,0,0,0,0,0,0,,,,,,button,,,MP_link,,,,,button,Marketplace,,,,,,,,,,,,,,,,,,,,,
32,4,192,"<html:script xmlns:html=""http://www.w3.org/1999/xhtml"">",55,html:script,[],0,0,0,0,0,0,0,0,0,0,0,0,0,0,0,0,0,0,0,0,1,0,0,0,0,0,0,,,,,,,,,,,,,,,,,,,,,,,,,,,,,,,,,,,,
33,4,2991,"<html:div xmlns:html=""http://www.w3.org/1999/xhtml"" class=""panelContainer"" id=""welcome-menu"">",93,html:div,"['class=""panelContainer""', 'id=""welcome-menu""']",0,0,0,0,0,0,4,4,0,7,0,0,0,0,0,5,0,2,1,0,1,0,0,0,0,0,1,,,,,,,,,welcome-menu,,,,,panelContainer,,,,,,,,,,,,,,,,,,,,,,
34,5,2925,"<html:ul xmlns:html=""http://www.w3.org/1999/xhtml"">",51,html:ul,[],0,0,0,0,0,0,4,4,0,7,0,0,0,0,0,4,0,2,1,0,1,0,0,0,0,0,1,,,,,,,,,,,,,,,,,,,,,,,,,,,,,,,,,,,,
35,6,2676,"<html:li xmlns:html=""http://www.w3.org/1999/xhtml"">",51,html:li,[],0,0,0,0,0,0,2,4,0,5,0,0,0,0,0,4,0,1,1,0,1,0,0,0,0,0,1,,,,,,,,,,,,,,,,,,,,,,,,,,,,,,,,,,,,
36,7,118,"<html:a xmlns:html=""http://www.w3.org/1999/xhtml"" data-dismiss=""modal"" href=""#"" id=""aboutDisplayLink"">",102,html:a,"['href=""#""', 'id=""aboutDisplayLink""']",0,0,0,0,0,0,1,0,0,0,0,0,0,0,0,0,0,0,0,0,0,0,0,0,0,0,0,,,,#,,,,,aboutDisplayLink,,,,,,,,,,,,,,,,,,,,,,,,,,,
37,7,793,"<html:div xmlns:html=""http://www.w3.org/1999/xhtml"" class=""modal hide"" id=""displayAbout"">",89,html:div,"['class=""modal hide""', 'id=""displayAbout""']",0,0,0,0,0,0,1,4,0,4,0,0,0,0,0,4,0,1,1,0,0,0,0,0,0,0,1,,,,,,,,,displayAbout,,,,,modal hide,,,,,,,,,,,,,,,,,,,,,,
38,8,174,"<html:div xmlns:html=""http://www.w3.org/1999/xhtml"" class=""modal-header"">",73,html:div,"['class=""modal-header""']",0,0,0,0,0,0,1,0,0,0,0,0,0,0,0,1,0,0,0,0,0,0,0,0,0,0,1,,,,,,,,,,,,,,modal-header,,,,,,,,,,,,,,,,,,,,,,
39,9,102,"<html:a xmlns:html=""http://www.w3.org/1999/xhtml"" class=""close"" data-dismiss=""modal"">",85,html:a,"['class=""close""']",0,0,0,0,0,0,1,0,0,0,0,0,0,0,0,0,0,0,0,0,0,0,0,0,0,0,0,,,,,,,,,,,,,,close,,,,,,,,,,,,,,,,,,,,,,
40,9,68,"<html:h3 xmlns:html=""http://www.w3.org/1999/xhtml"">",51,html:h3,[],0,0,0,0,0,0,0,0,0,0,0,0,0,0,0,0,0,0,0,0,0,0,0,0,0,0,1,,,,,,,,,,,,,,,,,,,,,,,,,,,,,,,,,,,,
41,8,599,"<html:form xmlns:html=""http://www.w3.org/1999/xhtml"" action=""/orangehrm-4.3.1/symfony/web/index.php/communication/beaconAboutAjax"" enctype=""multipart/form-data"" id=""frmSelectEmployees"" method=""post"" name=""frmSelectEmployees"">",225,html:form,"['action=""/orangehrm-4.3.1/symfony/web/index.php/communication/beaconAboutAjax""', 'enctype=""multipart/form-data""', 'id=""frmSelectEmployees""', 'method=""post""', 'name=""frmSelectEmployees""']",0,0,0,0,0,0,0,4,0,4,0,0,0,0,0,2,0,1,1,0,0,0,0,0,0,0,0,,,,,,,,,frmSelectEmployees,,,,,,,/orangehrm-4.3.1/symfony/web/index.php/communication/beaconAboutAjax,multipart/form-data,post,frmSelectEmployees,,,,,,,,,,,,,,,,,
42,9,400,"<html:div xmlns:html=""http://www.w3.org/1999/xhtml"" class=""modal-body"">",71,html:div,"['class=""modal-body""']",0,0,0,0,0,0,0,4,0,4,0,0,0,0,0,2,0,1,0,0,0,0,0,0,0,0,0,,,,,,,,,,,,,,modal-body,,,,,,,,,,,,,,,,,,,,,,
43,10,358,"<html:div xmlns:html=""http://www.w3.org/1999/xhtml"" id=""companyInfo"">",69,html:div,"['id=""companyInfo""']",0,0,0,0,0,0,0,4,0,4,0,0,0,0,0,1,0,1,0,0,0,0,0,0,0,0,0,,,,,,,,,companyInfo,,,,,,,,,,,,,,,,,,,,,,,,,,,
44,11,316,"<html:ul xmlns:html=""http://www.w3.org/1999/xhtml"">",51,html:ul,[],0,0,0,0,0,0,0,4,0,4,0,0,0,0,0,0,0,1,0,0,0,0,0,0,0,0,0,,,,,,,,,,,,,,,,,,,,,,,,,,,,,,,,,,,,
45,12,98,"<html:li xmlns:html=""http://www.w3.org/1999/xhtml"">",51,html:li,[],0,0,0,0,0,0,0,1,0,1,0,0,0,0,0,0,0,0,0,0,0,0,0,0,0,0,0,,,,,,,,,,,,,,,,,,,,,,,,,,,,,,,,,,,,
46,13,75,"<html:p xmlns:html=""http://www.w3.org/1999/xhtml"">",50,html:p,[],0,0,0,0,0,0,0,1,0,0,0,0,0,0,0,0,0,0,0,0,0,0,0,0,0,0,0,,,,,,,,,,,,,,,,,,,,,,,,,,,,,,,,,,,,
47,12,111,"<html:li xmlns:html=""http://www.w3.org/1999/xhtml"">",51,html:li,[],0,0,0,0,0,0,0,1,0,1,0,0,0,0,0,0,0,0,0,0,0,0,0,0,0,0,0,,,,,,,,,,,,,,,,,,,,,,,,,,,,,,,,,,,,
48,13,88,"<html:p xmlns:html=""http://www.w3.org/1999/xhtml"">",50,html:p,[],0,0,0,0,0,0,0,1,0,0,0,0,0,0,0,0,0,0,0,0,0,0,0,0,0,0,0,,,,,,,,,,,,,,,,,,,,,,,,,,,,,,,,,,,,
49,12,103,"<html:li xmlns:html=""http://www.w3.org/1999/xhtml"">",51,html:li,[],0,0,0,0,0,0,0,1,0,1,0,0,0,0,0,0,0,0,0,0,0,0,0,0,0,0,0,,,,,,,,,,,,,,,,,,,,,,,,,,,,,,,,,,,,
50,13,80,"<html:p xmlns:html=""http://www.w3.org/1999/xhtml"">",50,html:p,[],0,0,0,0,0,0,0,1,0,0,0,0,0,0,0,0,0,0,0,0,0,0,0,0,0,0,0,,,,,,,,,,,,,,,,,,,,,,,,,,,,,,,,,,,,
51,12,107,"<html:li xmlns:html=""http://www.w3.org/1999/xhtml"">",51,html:li,[],0,0,0,0,0,0,0,1,0,1,0,0,0,0,0,0,0,0,0,0,0,0,0,0,0,0,0,,,,,,,,,,,,,,,,,,,,,,,,,,,,,,,,,,,,
52,13,84,"<html:p xmlns:html=""http://www.w3.org/1999/xhtml"">",50,html:p,[],0,0,0,0,0,0,0,1,0,0,0,0,0,0,0,0,0,0,0,0,0,0,0,0,0,0,0,,,,,,,,,,,,,,,,,,,,,,,,,,,,,,,,,,,,
53,7,1826,"<html:script xmlns:html=""http://www.w3.org/1999/xhtml"" type=""text/javascript"">",78,html:script,"['type=""text/javascript""']",0,0,0,0,0,0,0,0,0,0,0,0,0,0,0,0,0,0,0,0,1,0,0,0,0,0,0,,,,,,text/javascript,,,,,,,,,,,,,,,,,,,,,,,,,,,,,,
54,6,166,"<html:li xmlns:html=""http://www.w3.org/1999/xhtml"">",51,html:li,[],0,0,0,0,0,0,1,0,0,1,0,0,0,0,0,0,0,0,0,0,0,0,0,0,0,0,0,,,,,,,,,,,,,,,,,,,,,,,,,,,,,,,,,,,,
55,7,145,"<html:a xmlns:html=""http://www.w3.org/1999/xhtml"" href=""/orangehrm-4.3.1/symfony/web/index.php/admin/changeUserPassword"">",121,html:a,"['href=""/orangehrm-4.3.1/symfony/web/index.php/admin/changeUserPassword""']",0,0,0,0,0,0,1,0,0,0,0,0,0,0,0,0,0,0,0,0,0,0,0,0,0,0,0,,,,/orangehrm-4.3.1/symfony/web/index.php/admin/changeUserPassword,,,,,,,,,,,,,,,,,,,,,,,,,,,,,,,,
56,6,144,"<html:li xmlns:html=""http://www.w3.org/1999/xhtml"">",51,html:li,[],0,0,0,0,0,0,1,0,0,1,0,0,0,0,0,0,0,0,0,0,0,0,0,0,0,0,0,,,,,,,,,,,,,,,,,,,,,,,,,,,,,,,,,,,,
57,7,123,"<html:a xmlns:html=""http://www.w3.org/1999/xhtml"" href=""/orangehrm-4.3.1/symfony/web/index.php/auth/logout"">",108,html:a,"['href=""/orangehrm-4.3.1/symfony/web/index.php/auth/logout""']",0,0,0,0,0,0,1,0,0,0,0,0,0,0,0,0,0,0,0,0,0,0,0,0,0,0,0,,,,/orangehrm-4.3.1/symfony/web/index.php/auth/logout,,,,,,,,,,,,,,,,,,,,,,,,,,,,,,,,
58,4,228,"<html:style xmlns:html=""http://www.w3.org/1999/xhtml"">",54,html:style,[],0,0,0,0,0,0,0,0,0,0,0,0,0,0,0,0,0,0,0,0,0,0,1,0,0,0,0,,,,,,,,,,,,,,,,,,,,,,,,,,,,,,,,,,,,
59,4,5169,"<html:script xmlns:html=""http://www.w3.org/1999/xhtml"" language=""javascript"">",77,html:script,"['language=""javascript""']",0,0,0,0,0,0,0,0,0,0,0,0,0,0,0,0,0,0,0,0,1,0,0,0,0,0,0,,,,,,,,,,,,,,,,,,,,javascript,,,,,,,,,,,,,,,,
60,4,1311,"<html:div xmlns:html=""http://www.w3.org/1999/xhtml"" xmlns:ns1=""http://www.w3.org/2000/svg"">",91,html:div,[],0,0,0,0,1,0,1,1,0,0,2,1,0,0,0,7,0,0,0,0,0,0,0,1,0,0,1,,,,,,,,,,,,,,,,,,,,,,,,,,,,,,,,,,,,
61,5,647,"<html:div xmlns:html=""http://www.w3.org/1999/xhtml"" xmlns:ns1=""http://www.w3.org/2000/svg"" class=""toggl"">",105,html:div,"['class=""toggl""']",0,0,0,0,1,0,0,0,0,0,0,1,0,0,0,2,0,0,0,0,0,0,0,1,0,0,0,,,,,,,,,,,,,,toggl,,,,,,,,,,,,,,,,,,,,,,
62,6,608,"<html:div xmlns:html=""http://www.w3.org/1999/xhtml"" xmlns:ns1=""http://www.w3.org/2000/svg"" class=""loader loader--style2"" title=""1"">",131,html:div,"['class=""loader loader--style2""', 'title=""1""']",0,0,0,0,1,0,0,0,0,0,0,1,0,0,0,1,0,0,0,0,0,0,0,1,0,0,0,,,,,,,,,,,,,,loader loader--style2,,,,,,,1,,,,,,,,,,,,,,,
63,7,501,"<svg xmlns:ns0=""http://www.w3.org/2000/svg"" class=""svgcl"" height=""30px"" id=""loader-1"" style=""enable-background:new 0 0 50 50;"" version=""1.1"" viewbox=""0 0 50 50"" width=""30px"" x=""0px"" y=""0px"" xml:space=""preserve"">",211,svg,"['class=""svgcl""', 'height=""30px""', 'id=""loader-1""', 'style=""enable-background:new 0 0 50 50;""', 'version=""1.1""', 'viewbox=""0 0 50 50""', 'width=""30px""', 'x=""0px""', 'y=""0px""']",0,0,0,0,1,0,0,0,0,0,0,1,0,0,0,0,0,0,0,0,0,0,0,1,0,0,0,,,,,,,,,loader-1,,,30px,30px,svgcl,,,,,,,,enable-background:new 0 0 50 50;,1.1,0 0 50 50,0px,0px,,,,,,,,,,
64,8,319,"<path xmlns:ns0=""http://www.w3.org/2000/svg"" d=""M25.251,6.461c-10.318,0-18.683,8.365-18.683,18.683h4.068c0-8.071,6.543-14.615,14.615-14.615V6.461z"" fill=""#000"">",160,path,"['d=""M25.251,6.461c-10.318,0-18.683,8.365-18.683,18.683h4.068c0-8.071,6.543-14.615,14.615-14.615V6.461z""', 'fill=""#000""']",0,0,0,0,1,0,0,0,0,0,0,1,0,0,0,0,0,0,0,0,0,0,0,0,0,0,0,,,,,,,,,,,,,,,,,,,,,,,,,,,"M25.251,6.461c-10.318,0-18.683,8.365-18.683,18.683h4.068c0-8.071,6.543-14.615,14.615-14.615V6.461z",#000,,,,,,,,
65,9,187,"<animatetransform xmlns:ns0=""http://www.w3.org/2000/svg"" attributename=""transform"" attributetype=""xml"" dur=""0.6s"" from=""0 25 25"" repeatcount=""indefinite"" to=""360 25 25"" type=""rotate"" />",185,animatetransform,"['attributename=""transform""', 'attributetype=""xml""', 'dur=""0.6s""', 'from=""0 25 25""', 'repeatcount=""indefinite""', 'to=""360 25 25""', 'type=""rotate""']",0,0,0,0,0,0,0,0,0,0,0,1,0,0,0,0,0,0,0,0,0,0,0,0,0,0,0,,,,,,rotate,,,,,,,,,,,,,,,,,,,,,,,transform,xml,0.6s,0 25 25,indefinite,360 25 25,,
66,5,679,"<html:div xmlns:html=""http://www.w3.org/1999/xhtml"" class=""modal hide"" id=""togglConfirm"" style=""display: none;"">",112,html:div,"['class=""modal hide""', 'id=""togglConfirm""', 'style=""display: none;""']",0,0,0,0,0,0,1,1,0,0,2,0,0,0,0,4,0,0,0,0,0,0,0,0,0,0,1,,,,,,,,,togglConfirm,,,,,modal hide,,,,,,,,display: none;,,,,,,,,,,,,,,
67,6,187,"<html:div xmlns:html=""http://www.w3.org/1999/xhtml"" class=""modal-header"">",73,html:div,"['class=""modal-header""']",0,0,0,0,0,0,1,0,0,0,0,0,0,0,0,1,0,0,0,0,0,0,0,0,0,0,1,,,,,,,,,,,,,,modal-header,,,,,,,,,,,,,,,,,,,,,,
68,7,102,"<html:a xmlns:html=""http://www.w3.org/1999/xhtml"" class=""close"" data-dismiss=""modal"">",85,html:a,"['class=""close""']",0,0,0,0,0,0,1,0,0,0,0,0,0,0,0,0,0,0,0,0,0,0,0,0,0,0,0,,,,,,,,,,,,,,close,,,,,,,,,,,,,,,,,,,,,,
69,7,81,"<html:h3 xmlns:html=""http://www.w3.org/1999/xhtml"">",51,html:h3,[],0,0,0,0,0,0,0,0,0,0,0,0,0,0,0,0,0,0,0,0,0,0,0,0,0,0,1,,,,,,,,,,,,,,,,,,,,,,,,,,,,,,,,,,,,
70,6,211,"<html:div xmlns:html=""http://www.w3.org/1999/xhtml"" class=""modal-body"">",71,html:div,"['class=""modal-body""']",0,0,0,0,0,0,0,1,0,0,0,0,0,0,0,1,0,0,0,0,0,0,0,0,0,0,0,,,,,,,,,,,,,,modal-body,,,,,,,,,,,,,,,,,,,,,,
71,7,167,"<html:p xmlns:html=""http://www.w3.org/1999/xhtml"">",50,html:p,[],0,0,0,0,0,0,0,1,0,0,0,0,0,0,0,0,0,0,0,0,0,0,0,0,0,0,0,,,,,,,,,,,,,,,,,,,,,,,,,,,,,,,,,,,,
72,6,280,"<html:div xmlns:html=""http://www.w3.org/1999/xhtml"" class=""modal-footer"">",73,html:div,"['class=""modal-footer""']",0,0,0,0,0,0,0,0,0,0,2,0,0,0,0,1,0,0,0,0,0,0,0,0,0,0,0,,,,,,,,,,,,,,modal-footer,,,,,,,,,,,,,,,,,,,,,,
73,7,139,"<html:input xmlns:html=""http://www.w3.org/1999/xhtml"" class="""" data-dismiss=""modal"" id="""" onclick=""ajaxSyc()"" type=""button"" value=""Ok"" />",137,html:input,"['class=""""', 'id=""""', 'onclick=""ajaxSyc()""', 'type=""button""', 'value=""Ok""']",0,0,0,0,0,0,0,0,0,0,1,0,0,0,0,0,0,0,0,0,0,0,0,0,0,0,0,,,,,,button,,,,,,,,,Ok,,,,,,,,,,,,,,,,,,,,ajaxSyc(),
74,7,137,"<html:input xmlns:html=""http://www.w3.org/1999/xhtml"" class=""reset"" data-dismiss=""modal"" id=""addCancel"" type=""button"" value=""Cancel"" />",135,html:input,"['class=""reset""', 'id=""addCancel""', 'type=""button""', 'value=""Cancel""']",0,0,0,0,0,0,0,0,0,0,1,0,0,0,0,0,0,0,0,0,0,0,0,0,0,0,0,,,,,,button,,,addCancel,,,,,reset,Cancel,,,,,,,,,,,,,,,,,,,,,
75,3,9157,"<html:div xmlns:html=""http://www.w3.org/1999/xhtml"" class=""menu"">",65,html:div,"['class=""menu""']",0,0,0,0,0,0,56,0,9,60,0,0,0,0,0,1,0,19,0,0,0,0,0,0,0,0,0,,,,,,,,,,,,,,menu,,,,,,,,,,,,,,,,,,,,,,
76,4,9118,"<html:ul xmlns:html=""http://www.w3.org/1999/xhtml"">",51,html:ul,[],0,0,0,0,0,0,56,0,9,60,0,0,0,0,0,0,0,19,0,0,0,0,0,0,0,0,0,,,,,,,,,,,,,,,,,,,,,,,,,,,,,,,,,,,,
77,5,4047,"<html:li xmlns:html=""http://www.w3.org/1999/xhtml"">",51,html:li,[],0,0,0,0,0,0,27,0,1,27,0,0,0,0,0,0,0,6,0,0,0,0,0,0,0,0,0,,,,,,,,,,,,,,,,,,,,,,,,,,,,,,,,,,,,
78,6,206,"<html:a xmlns:html=""http://www.w3.org/1999/xhtml"" class=""firstLevelMenu"" href=""/orangehrm-4.3.1/symfony/web/index.php/admin/viewAdminModule"" id=""menu_admin_viewAdminModule"">",173,html:a,"['class=""firstLevelMenu""', 'href=""/orangehrm-4.3.1/symfony/web/index.php/admin/viewAdminModule""', 'id=""menu_admin_viewAdminModule""']",0,0,0,0,0,0,1,0,1,0,0,0,0,0,0,0,0,0,0,0,0,0,0,0,0,0,0,,,,/orangehrm-4.3.1/symfony/web/index.php/admin/viewAdminModule,,,,,menu_admin_viewAdminModule,,,,,firstLevelMenu,,,,,,,,,,,,,,,,,,,,,,
79,7,64,"<html:b xmlns:html=""http://www.w3.org/1999/xhtml"">",50,html:b,[],0,0,0,0,0,0,0,0,1,0,0,0,0,0,0,0,0,0,0,0,0,0,0,0,0,0,0,,,,,,,,,,,,,,,,,,,,,,,,,,,,,,,,,,,,
80,6,3862,"<html:ul xmlns:html=""http://www.w3.org/1999/xhtml"">",51,html:ul,[],0,0,0,0,0,0,26,0,0,26,0,0,0,0,0,0,0,6,0,0,0,0,0,0,0,0,0,,,,,,,,,,,,,,,,,,,,,,,,,,,,,,,,,,,,
81,7,318,"<html:li xmlns:html=""http://www.w3.org/1999/xhtml"">",51,html:li,[],0,0,0,0,0,0,2,0,0,2,0,0,0,0,0,0,0,1,0,0,0,0,0,0,0,0,0,,,,,,,,,,,,,,,,,,,,,,,,,,,,,,,,,,,,
82,8,130,"<html:a xmlns:html=""http://www.w3.org/1999/xhtml"" class=""arrow"" href=""#"" id=""menu_admin_UserManagement"">",104,html:a,"['class=""arrow""', 'href=""#""', 'id=""menu_admin_UserManagement""']",0,0,0,0,0,0,1,0,0,0,0,0,0,0,0,0,0,0,0,0,0,0,0,0,0,0,0,,,,#,,,,,menu_admin_UserManagement,,,,,arrow,,,,,,,,,,,,,,,,,,,,,,
83,8,209,"<html:ul xmlns:html=""http://www.w3.org/1999/xhtml"">",51,html:ul,[],0,0,0,0,0,0,1,0,0,1,0,0,0,0,0,0,0,1,0,0,0,0,0,0,0,0,0,,,,,,,,,,,,,,,,,,,,,,,,,,,,,,,,,,,,
84,9,185,"<html:li xmlns:html=""http://www.w3.org/1999/xhtml"">",51,html:li,[],0,0,0,0,0,0,1,0,0,1,0,0,0,0,0,0,0,0,0,0,0,0,0,0,0,0,0,,,,,,,,,,,,,,,,,,,,,,,,,,,,,,,,,,,,
85,10,164,"<html:a xmlns:html=""http://www.w3.org/1999/xhtml"" href=""/orangehrm-4.3.1/symfony/web/index.php/admin/viewSystemUsers"" id=""menu_admin_viewSystemUsers"">",150,html:a,"['href=""/orangehrm-4.3.1/symfony/web/index.php/admin/viewSystemUsers""', 'id=""menu_admin_viewSystemUsers""']",0,0,0,0,0,0,1,0,0,0,0,0,0,0,0,0,0,0,0,0,0,0,0,0,0,0,0,,,,/orangehrm-4.3.1/symfony/web/index.php/admin/viewSystemUsers,,,,,menu_admin_viewSystemUsers,,,,,,,,,,,,,,,,,,,,,,,,,,,
86,7,884,"<html:li xmlns:html=""http://www.w3.org/1999/xhtml"">",51,html:li,[],0,0,0,0,0,0,6,0,0,6,0,0,0,0,0,0,0,1,0,0,0,0,0,0,0,0,0,,,,,,,,,,,,,,,,,,,,,,,,,,,,,,,,,,,,
87,8,107,"<html:a xmlns:html=""http://www.w3.org/1999/xhtml"" class=""arrow"" href=""#"" id=""menu_admin_Job"">",93,html:a,"['class=""arrow""', 'href=""#""', 'id=""menu_admin_Job""']",0,0,0,0,0,0,1,0,0,0,0,0,0,0,0,0,0,0,0,0,0,0,0,0,0,0,0,,,,#,,,,,menu_admin_Job,,,,,arrow,,,,,,,,,,,,,,,,,,,,,,
88,8,798,"<html:ul xmlns:html=""http://www.w3.org/1999/xhtml"">",51,html:ul,[],0,0,0,0,0,0,5,0,0,5,0,0,0,0,0,0,0,1,0,0,0,0,0,0,0,0,0,,,,,,,,,,,,,,,,,,,,,,,,,,,,,,,,,,,,
89,9,192,"<html:li xmlns:html=""http://www.w3.org/1999/xhtml"">",51,html:li,[],0,0,0,0,0,0,1,0,0,1,0,0,0,0,0,0,0,0,0,0,0,0,0,0,0,0,0,,,,,,,,,,,,,,,,,,,,,,,,,,,,,,,,,,,,
90,10,171,"<html:a xmlns:html=""http://www.w3.org/1999/xhtml"" href=""/orangehrm-4.3.1/symfony/web/index.php/admin/viewJobTitleList"" id=""menu_admin_viewJobTitleList"">",152,html:a,"['href=""/orangehrm-4.3.1/symfony/web/index.php/admin/viewJobTitleList""', 'id=""menu_admin_viewJobTitleList""']",0,0,0,0,0,0,1,0,0,0,0,0,0,0,0,0,0,0,0,0,0,0,0,0,0,0,0,,,,/orangehrm-4.3.1/symfony/web/index.php/admin/viewJobTitleList,,,,,menu_admin_viewJobTitleList,,,,,,,,,,,,,,,,,,,,,,,,,,,
91,9,186,"<html:li xmlns:html=""http://www.w3.org/1999/xhtml"">",51,html:li,[],0,0,0,0,0,0,1,0,0,1,0,0,0,0,0,0,0,0,0,0,0,0,0,0,0,0,0,,,,,,,,,,,,,,,,,,,,,,,,,,,,,,,,,,,,
92,10,165,"<html:a xmlns:html=""http://www.w3.org/1999/xhtml"" href=""/orangehrm-4.3.1/symfony/web/index.php/admin/viewPayGrades"" id=""menu_admin_viewPayGrades"">",146,html:a,"['href=""/orangehrm-4.3.1/symfony/web/index.php/admin/viewPayGrades""', 'id=""menu_admin_viewPayGrades""']",0,0,0,0,0,0,1,0,0,0,0,0,0,0,0,0,0,0,0,0,0,0,0,0,0,0,0,,,,/orangehrm-4.3.1/symfony/web/index.php/admin/viewPayGrades,,,,,menu_admin_viewPayGrades,,,,,,,,,,,,,,,,,,,,,,,,,,,
93,9,199,"<html:li xmlns:html=""http://www.w3.org/1999/xhtml"">",51,html:li,[],0,0,0,0,0,0,1,0,0,1,0,0,0,0,0,0,0,0,0,0,0,0,0,0,0,0,0,,,,,,,,,,,,,,,,,,,,,,,,,,,,,,,,,,,,
94,10,178,"<html:a xmlns:html=""http://www.w3.org/1999/xhtml"" href=""/orangehrm-4.3.1/symfony/web/index.php/admin/employmentStatus"" id=""menu_admin_employmentStatus"">",152,html:a,"['href=""/orangehrm-4.3.1/symfony/web/index.php/admin/employmentStatus""', 'id=""menu_admin_employmentStatus""']",0,0,0,0,0,0,1,0,0,0,0,0,0,0,0,0,0,0,0,0,0,0,0,0,0,0,0,,,,/orangehrm-4.3.1/symfony/web/index.php/admin/employmentStatus,,,,,menu_admin_employmentStatus,,,,,,,,,,,,,,,,,,,,,,,,,,,
95,9,186,"<html:li xmlns:html=""http://www.w3.org/1999/xhtml"">",51,html:li,[],0,0,0,0,0,0,1,0,0,1,0,0,0,0,0,0,0,0,0,0,0,0,0,0,0,0,0,,,,,,,,,,,,,,,,,,,,,,,,,,,,,,,,,,,,
96,10,165,"<html:a xmlns:html=""http://www.w3.org/1999/xhtml"" href=""/orangehrm-4.3.1/symfony/web/index.php/admin/jobCategory"" id=""menu_admin_jobCategory"">",142,html:a,"['href=""/orangehrm-4.3.1/symfony/web/index.php/admin/jobCategory""', 'id=""menu_admin_jobCategory""']",0,0,0,0,0,0,1,0,0,0,0,0,0,0,0,0,0,0,0,0,0,0,0,0,0,0,0,,,,/orangehrm-4.3.1/symfony/web/index.php/admin/jobCategory,,,,,menu_admin_jobCategory,,,,,,,,,,,,,,,,,,,,,,,,,,,
97,9,179,"<html:li xmlns:html=""http://www.w3.org/1999/xhtml"">",51,html:li,[],0,0,0,0,0,0,1,0,0,1,0,0,0,0,0,0,0,0,0,0,0,0,0,0,0,0,0,,,,,,,,,,,,,,,,,,,,,,,,,,,,,,,,,,,,
98,10,158,"<html:a xmlns:html=""http://www.w3.org/1999/xhtml"" href=""/orangehrm-4.3.1/symfony/web/index.php/admin/workShift"" id=""menu_admin_workShift"">",138,html:a,"['href=""/orangehrm-4.3.1/symfony/web/index.php/admin/workShift""', 'id=""menu_admin_workShift""']",0,0,0,0,0,0,1,0,0,0,0,0,0,0,0,0,0,0,0,0,0,0,0,0,0,0,0,,,,/orangehrm-4.3.1/symfony/web/index.php/admin/workShift,,,,,menu_admin_workShift,,,,,,,,,,,,,,,,,,,,,,,,,,,
99,7,665,"<html:li xmlns:html=""http://www.w3.org/1999/xhtml"">",51,html:li,[],0,0,0,0,0,0,4,0,0,4,0,0,0,0,0,0,0,1,0,0,0,0,0,0,0,0,0,,,,,,,,,,,,,,,,,,,,,,,,,,,,,,,,,,,,
100,8,125,"<html:a xmlns:html=""http://www.w3.org/1999/xhtml"" class=""arrow"" href=""#"" id=""menu_admin_Organization"">",102,html:a,"['class=""arrow""', 'href=""#""', 'id=""menu_admin_Organization""']",0,0,0,0,0,0,1,0,0,0,0,0,0,0,0,0,0,0,0,0,0,0,0,0,0,0,0,,,,#,,,,,menu_admin_Organization,,,,,arrow,,,,,,,,,,,,,,,,,,,,,,
101,8,561,"<html:ul xmlns:html=""http://www.w3.org/1999/xhtml"">",51,html:ul,[],0,0,0,0,0,0,3,0,0,3,0,0,0,0,0,0,0,1,0,0,0,0,0,0,0,0,0,,,,,,,,,,,,,,,,,,,,,,,,,,,,,,,,,,,,
102,9,237,"<html:li xmlns:html=""http://www.w3.org/1999/xhtml"">",51,html:li,[],0,0,0,0,0,0,1,0,0,1,0,0,0,0,0,0,0,0,0,0,0,0,0,0,0,0,0,,,,,,,,,,,,,,,,,,,,,,,,,,,,,,,,,,,,
103,10,216,"<html:a xmlns:html=""http://www.w3.org/1999/xhtml"" href=""/orangehrm-4.3.1/symfony/web/index.php/admin/viewOrganizationGeneralInformation"" id=""menu_admin_viewOrganizationGeneralInformation"">",188,html:a,"['href=""/orangehrm-4.3.1/symfony/web/index.php/admin/viewOrganizationGeneralInformation""', 'id=""menu_admin_viewOrganizationGeneralInformation""']",0,0,0,0,0,0,1,0,0,0,0,0,0,0,0,0,0,0,0,0,0,0,0,0,0,0,0,,,,/orangehrm-4.3.1/symfony/web/index.php/admin/viewOrganizationGeneralInformation,,,,,menu_admin_viewOrganizationGeneralInformation,,,,,,,,,,,,,,,,,,,,,,,,,,,
104,9,185,"<html:li xmlns:html=""http://www.w3.org/1999/xhtml"">",51,html:li,[],0,0,0,0,0,0,1,0,0,1,0,0,0,0,0,0,0,0,0,0,0,0,0,0,0,0,0,,,,,,,,,,,,,,,,,,,,,,,,,,,,,,,,,,,,
105,10,164,"<html:a xmlns:html=""http://www.w3.org/1999/xhtml"" href=""/orangehrm-4.3.1/symfony/web/index.php/admin/viewLocations"" id=""menu_admin_viewLocations"">",146,html:a,"['href=""/orangehrm-4.3.1/symfony/web/index.php/admin/viewLocations""', 'id=""menu_admin_viewLocations""']",0,0,0,0,0,0,1,0,0,0,0,0,0,0,0,0,0,0,0,0,0,0,0,0,0,0,0,,,,/orangehrm-4.3.1/symfony/web/index.php/admin/viewLocations,,,,,menu_admin_viewLocations,,,,,,,,,,,,,,,,,,,,,,,,,,,
106,9,199,"<html:li xmlns:html=""http://www.w3.org/1999/xhtml"">",51,html:li,[],0,0,0,0,0,0,1,0,0,1,0,0,0,0,0,0,0,0,0,0,0,0,0,0,0,0,0,,,,,,,,,,,,,,,,,,,,,,,,,,,,,,,,,,,,
107,10,178,"<html:a xmlns:html=""http://www.w3.org/1999/xhtml"" href=""/orangehrm-4.3.1/symfony/web/index.php/admin/viewCompanyStructure"" id=""menu_admin_viewCompanyStructure"">",160,html:a,"['href=""/orangehrm-4.3.1/symfony/web/index.php/admin/viewCompanyStructure""', 'id=""menu_admin_viewCompanyStructure""']",0,0,0,0,0,0,1,0,0,0,0,0,0,0,0,0,0,0,0,0,0,0,0,0,0,0,0,,,,/orangehrm-4.3.1/symfony/web/index.php/admin/viewCompanyStructure,,,,,menu_admin_viewCompanyStructure,,,,,,,,,,,,,,,,,,,,,,,,,,,
108,7,873,"<html:li xmlns:html=""http://www.w3.org/1999/xhtml"">",51,html:li,[],0,0,0,0,0,0,6,0,0,6,0,0,0,0,0,0,0,1,0,0,0,0,0,0,0,0,0,,,,,,,,,,,,,,,,,,,,,,,,,,,,,,,,,,,,
109,8,129,"<html:a xmlns:html=""http://www.w3.org/1999/xhtml"" class=""arrow"" href=""#"" id=""menu_admin_Qualifications"">",104,html:a,"['class=""arrow""', 'href=""#""', 'id=""menu_admin_Qualifications""']",0,0,0,0,0,0,1,0,0,0,0,0,0,0,0,0,0,0,0,0,0,0,0,0,0,0,0,,,,#,,,,,menu_admin_Qualifications,,,,,arrow,,,,,,,,,,,,,,,,,,,,,,
110,8,765,"<html:ul xmlns:html=""http://www.w3.org/1999/xhtml"">",51,html:ul,[],0,0,0,0,0,0,5,0,0,5,0,0,0,0,0,0,0,1,0,0,0,0,0,0,0,0,0,,,,,,,,,,,,,,,,,,,,,,,,,,,,,,,,,,,,
111,9,176,"<html:li xmlns:html=""http://www.w3.org/1999/xhtml"">",51,html:li,[],0,0,0,0,0,0,1,0,0,1,0,0,0,0,0,0,0,0,0,0,0,0,0,0,0,0,0,,,,,,,,,,,,,,,,,,,,,,,,,,,,,,,,,,,,
112,10,155,"<html:a xmlns:html=""http://www.w3.org/1999/xhtml"" href=""/orangehrm-4.3.1/symfony/web/index.php/admin/viewSkills"" id=""menu_admin_viewSkills"">",140,html:a,"['href=""/orangehrm-4.3.1/symfony/web/index.php/admin/viewSkills""', 'id=""menu_admin_viewSkills""']",0,0,0,0,0,0,1,0,0,0,0,0,0,0,0,0,0,0,0,0,0,0,0,0,0,0,0,,,,/orangehrm-4.3.1/symfony/web/index.php/admin/viewSkills,,,,,menu_admin_viewSkills,,,,,,,,,,,,,,,,,,,,,,,,,,,
113,9,185,"<html:li xmlns:html=""http://www.w3.org/1999/xhtml"">",51,html:li,[],0,0,0,0,0,0,1,0,0,1,0,0,0,0,0,0,0,0,0,0,0,0,0,0,0,0,0,,,,,,,,,,,,,,,,,,,,,,,,,,,,,,,,,,,,
114,10,164,"<html:a xmlns:html=""http://www.w3.org/1999/xhtml"" href=""/orangehrm-4.3.1/symfony/web/index.php/admin/viewEducation"" id=""menu_admin_viewEducation"">",146,html:a,"['href=""/orangehrm-4.3.1/symfony/web/index.php/admin/viewEducation""', 'id=""menu_admin_viewEducation""']",0,0,0,0,0,0,1,0,0,0,0,0,0,0,0,0,0,0,0,0,0,0,0,0,0,0,0,,,,/orangehrm-4.3.1/symfony/web/index.php/admin/viewEducation,,,,,menu_admin_viewEducation,,,,,,,,,,,,,,,,,,,,,,,,,,,
115,9,182,"<html:li xmlns:html=""http://www.w3.org/1999/xhtml"">",51,html:li,[],0,0,0,0,0,0,1,0,0,1,0,0,0,0,0,0,0,0,0,0,0,0,0,0,0,0,0,,,,,,,,,,,,,,,,,,,,,,,,,,,,,,,,,,,,
116,10,161,"<html:a xmlns:html=""http://www.w3.org/1999/xhtml"" href=""/orangehrm-4.3.1/symfony/web/index.php/admin/viewLicenses"" id=""menu_admin_viewLicenses"">",144,html:a,"['href=""/orangehrm-4.3.1/symfony/web/index.php/admin/viewLicenses""', 'id=""menu_admin_viewLicenses""']",0,0,0,0,0,0,1,0,0,0,0,0,0,0,0,0,0,0,0,0,0,0,0,0,0,0,0,,,,/orangehrm-4.3.1/symfony/web/index.php/admin/viewLicenses,,,,,menu_admin_viewLicenses,,,,,,,,,,,,,,,,,,,,,,,,,,,
117,9,185,"<html:li xmlns:html=""http://www.w3.org/1999/xhtml"">",51,html:li,[],0,0,0,0,0,0,1,0,0,1,0,0,0,0,0,0,0,0,0,0,0,0,0,0,0,0,0,,,,,,,,,,,,,,,,,,,,,,,,,,,,,,,,,,,,
118,10,164,"<html:a xmlns:html=""http://www.w3.org/1999/xhtml"" href=""/orangehrm-4.3.1/symfony/web/index.php/admin/viewLanguages"" id=""menu_admin_viewLanguages"">",146,html:a,"['href=""/orangehrm-4.3.1/symfony/web/index.php/admin/viewLanguages""', 'id=""menu_admin_viewLanguages""']",0,0,0,0,0,0,1,0,0,0,0,0,0,0,0,0,0,0,0,0,0,0,0,0,0,0,0,,,,/orangehrm-4.3.1/symfony/web/index.php/admin/viewLanguages,,,,,menu_admin_viewLanguages,,,,,,,,,,,,,,,,,,,,,,,,,,,
119,9,181,"<html:li xmlns:html=""http://www.w3.org/1999/xhtml"">",51,html:li,[],0,0,0,0,0,0,1,0,0,1,0,0,0,0,0,0,0,0,0,0,0,0,0,0,0,0,0,,,,,,,,,,,,,,,,,,,,,,,,,,,,,,,,,,,,
120,10,160,"<html:a xmlns:html=""http://www.w3.org/1999/xhtml"" href=""/orangehrm-4.3.1/symfony/web/index.php/admin/membership"" id=""menu_admin_membership"">",140,html:a,"['href=""/orangehrm-4.3.1/symfony/web/index.php/admin/membership""', 'id=""menu_admin_membership""']",0,0,0,0,0,0,1,0,0,0,0,0,0,0,0,0,0,0,0,0,0,0,0,0,0,0,0,,,,/orangehrm-4.3.1/symfony/web/index.php/admin/membership,,,,,menu_admin_membership,,,,,,,,,,,,,,,,,,,,,,,,,,,
121,7,187,"<html:li xmlns:html=""http://www.w3.org/1999/xhtml"">",51,html:li,[],0,0,0,0,0,0,1,0,0,1,0,0,0,0,0,0,0,0,0,0,0,0,0,0,0,0,0,,,,,,,,,,,,,,,,,,,,,,,,,,,,,,,,,,,,
122,8,166,"<html:a xmlns:html=""http://www.w3.org/1999/xhtml"" href=""/orangehrm-4.3.1/symfony/web/index.php/admin/nationality"" id=""menu_admin_nationality"">",142,html:a,"['href=""/orangehrm-4.3.1/symfony/web/index.php/admin/nationality""', 'id=""menu_admin_nationality""']",0,0,0,0,0,0,1,0,0,0,0,0,0,0,0,0,0,0,0,0,0,0,0,0,0,0,0,,,,/orangehrm-4.3.1/symfony/web/index.php/admin/nationality,,,,,menu_admin_nationality,,,,,,,,,,,,,,,,,,,,,,,,,,,
123,7,1121,"<html:li xmlns:html=""http://www.w3.org/1999/xhtml"">",51,html:li,[],0,0,0,0,0,0,7,0,0,7,0,0,0,0,0,0,0,1,0,0,0,0,0,0,0,0,0,,,,,,,,,,,,,,,,,,,,,,,,,,,,,,,,,,,,
124,8,127,"<html:a xmlns:html=""http://www.w3.org/1999/xhtml"" class=""arrow"" href=""#"" id=""menu_admin_Configuration"">",103,html:a,"['class=""arrow""', 'href=""#""', 'id=""menu_admin_Configuration""']",0,0,0,0,0,0,1,0,0,0,0,0,0,0,0,0,0,0,0,0,0,0,0,0,0,0,0,,,,#,,,,,menu_admin_Configuration,,,,,arrow,,,,,,,,,,,,,,,,,,,,,,
125,8,1015,"<html:ul xmlns:html=""http://www.w3.org/1999/xhtml"">",51,html:ul,[],0,0,0,0,0,0,6,0,0,6,0,0,0,0,0,0,0,1,0,0,0,0,0,0,0,0,0,,,,,,,,,,,,,,,,,,,,,,,,,,,,,,,,,,,,
126,9,211,"<html:li xmlns:html=""http://www.w3.org/1999/xhtml"">",51,html:li,[],0,0,0,0,0,0,1,0,0,1,0,0,0,0,0,0,0,0,0,0,0,0,0,0,0,0,0,,,,,,,,,,,,,,,,,,,,,,,,,,,,,,,,,,,,
127,10,190,"<html:a xmlns:html=""http://www.w3.org/1999/xhtml"" href=""/orangehrm-4.3.1/symfony/web/index.php/admin/listMailConfiguration"" id=""menu_admin_listMailConfiguration"">",162,html:a,"['href=""/orangehrm-4.3.1/symfony/web/index.php/admin/listMailConfiguration""', 'id=""menu_admin_listMailConfiguration""']",0,0,0,0,0,0,1,0,0,0,0,0,0,0,0,0,0,0,0,0,0,0,0,0,0,0,0,,,,/orangehrm-4.3.1/symfony/web/index.php/admin/listMailConfiguration,,,,,menu_admin_listMailConfiguration,,,,,,,,,,,,,,,,,,,,,,,,,,,
128,9,211,"<html:li xmlns:html=""http://www.w3.org/1999/xhtml"">",51,html:li,[],0,0,0,0,0,0,1,0,0,1,0,0,0,0,0,0,0,0,0,0,0,0,0,0,0,0,0,,,,,,,,,,,,,,,,,,,,,,,,,,,,,,,,,,,,
129,10,190,"<html:a xmlns:html=""http://www.w3.org/1999/xhtml"" href=""/orangehrm-4.3.1/symfony/web/index.php/admin/viewEmailNotification"" id=""menu_admin_viewEmailNotification"">",162,html:a,"['href=""/orangehrm-4.3.1/symfony/web/index.php/admin/viewEmailNotification""', 'id=""menu_admin_viewEmailNotification""']",0,0,0,0,0,0,1,0,0,0,0,0,0,0,0,0,0,0,0,0,0,0,0,0,0,0,0,,,,/orangehrm-4.3.1/symfony/web/index.php/admin/viewEmailNotification,,,,,menu_admin_viewEmailNotification,,,,,,,,,,,,,,,,,,,,,,,,,,,
130,9,186,"<html:li xmlns:html=""http://www.w3.org/1999/xhtml"">",51,html:li,[],0,0,0,0,0,0,1,0,0,1,0,0,0,0,0,0,0,0,0,0,0,0,0,0,0,0,0,,,,,,,,,,,,,,,,,,,,,,,,,,,,,,,,,,,,
131,10,165,"<html:a xmlns:html=""http://www.w3.org/1999/xhtml"" href=""/orangehrm-4.3.1/symfony/web/index.php/admin/localization"" id=""menu_admin_localization"">",144,html:a,"['href=""/orangehrm-4.3.1/symfony/web/index.php/admin/localization""', 'id=""menu_admin_localization""']",0,0,0,0,0,0,1,0,0,0,0,0,0,0,0,0,0,0,0,0,0,0,0,0,0,0,0,,,,/orangehrm-4.3.1/symfony/web/index.php/admin/localization,,,,,menu_admin_localization,,,,,,,,,,,,,,,,,,,,,,,,,,,
132,9,179,"<html:li xmlns:html=""http://www.w3.org/1999/xhtml"">",51,html:li,[],0,0,0,0,0,0,1,0,0,1,0,0,0,0,0,0,0,0,0,0,0,0,0,0,0,0,0,,,,,,,,,,,,,,,,,,,,,,,,,,,,,,,,,,,,
133,10,158,"<html:a xmlns:html=""http://www.w3.org/1999/xhtml"" href=""/orangehrm-4.3.1/symfony/web/index.php/admin/viewModules"" id=""menu_admin_viewModules"">",142,html:a,"['href=""/orangehrm-4.3.1/symfony/web/index.php/admin/viewModules""', 'id=""menu_admin_viewModules""']",0,0,0,0,0,0,1,0,0,0,0,0,0,0,0,0,0,0,0,0,0,0,0,0,0,0,0,,,,/orangehrm-4.3.1/symfony/web/index.php/admin/viewModules,,,,,menu_admin_viewModules,,,,,,,,,,,,,,,,,,,,,,,,,,,
134,9,205,"<html:li xmlns:html=""http://www.w3.org/1999/xhtml"">",51,html:li,[],0,0,0,0,0,0,1,0,0,1,0,0,0,0,0,0,0,0,0,0,0,0,0,0,0,0,0,,,,,,,,,,,,,,,,,,,,,,,,,,,,,,,,,,,,
135,10,184,"<html:a xmlns:html=""http://www.w3.org/1999/xhtml"" href=""/orangehrm-4.3.1/symfony/web/index.php/admin/openIdProvider"" id=""menu_admin_openIdProvider"">",148,html:a,"['href=""/orangehrm-4.3.1/symfony/web/index.php/admin/openIdProvider""', 'id=""menu_admin_openIdProvider""']",0,0,0,0,0,0,1,0,0,0,0,0,0,0,0,0,0,0,0,0,0,0,0,0,0,0,0,,,,/orangehrm-4.3.1/symfony/web/index.php/admin/openIdProvider,,,,,menu_admin_openIdProvider,,,,,,,,,,,,,,,,,,,,,,,,,,,
136,9,209,"<html:li xmlns:html=""http://www.w3.org/1999/xhtml"">",51,html:li,[],0,0,0,0,0,0,1,0,0,1,0,0,0,0,0,0,0,0,0,0,0,0,0,0,0,0,0,,,,,,,,,,,,,,,,,,,,,,,,,,,,,,,,,,,,
137,10,188,"<html:a xmlns:html=""http://www.w3.org/1999/xhtml"" href=""/orangehrm-4.3.1/symfony/web/index.php/admin/registerOAuthClient"" id=""menu_admin_registerOAuthClient"">",158,html:a,"['href=""/orangehrm-4.3.1/symfony/web/index.php/admin/registerOAuthClient""', 'id=""menu_admin_registerOAuthClient""']",0,0,0,0,0,0,1,0,0,0,0,0,0,0,0,0,0,0,0,0,0,0,0,0,0,0,0,,,,/orangehrm-4.3.1/symfony/web/index.php/admin/registerOAuthClient,,,,,menu_admin_registerOAuthClient,,,,,,,,,,,,,,,,,,,,,,,,,,,
138,5,1672,"<html:li xmlns:html=""http://www.w3.org/1999/xhtml"" class=""current"">",67,html:li,"['class=""current""']",0,0,0,0,0,0,10,0,1,10,0,0,0,0,0,0,0,2,0,0,0,0,0,0,0,0,0,,,,,,,,,,,,,,current,,,,,,,,,,,,,,,,,,,,,,
139,6,196,"<html:a xmlns:html=""http://www.w3.org/1999/xhtml"" class=""firstLevelMenu"" href=""/orangehrm-4.3.1/symfony/web/index.php/pim/viewPimModule"" id=""menu_pim_viewPimModule"">",165,html:a,"['class=""firstLevelMenu""', 'href=""/orangehrm-4.3.1/symfony/web/index.php/pim/viewPimModule""', 'id=""menu_pim_viewPimModule""']",0,0,0,0,0,0,1,0,1,0,0,0,0,0,0,0,0,0,0,0,0,0,0,0,0,0,0,,,,/orangehrm-4.3.1/symfony/web/index.php/pim/viewPimModule,,,,,menu_pim_viewPimModule,,,,,firstLevelMenu,,,,,,,,,,,,,,,,,,,,,,
140,7,62,"<html:b xmlns:html=""http://www.w3.org/1999/xhtml"">",50,html:b,[],0,0,0,0,0,0,0,0,1,0,0,0,0,0,0,0,0,0,0,0,0,0,0,0,0,0,0,,,,,,,,,,,,,,,,,,,,,,,,,,,,,,,,,,,,
141,6,1481,"<html:ul xmlns:html=""http://www.w3.org/1999/xhtml"">",51,html:ul,[],0,0,0,0,0,0,9,0,0,9,0,0,0,0,0,0,0,2,0,0,0,0,0,0,0,0,0,,,,,,,,,,,,,,,,,,,,,,,,,,,,,,,,,,,,
142,7,933,"<html:li xmlns:html=""http://www.w3.org/1999/xhtml"">",51,html:li,[],0,0,0,0,0,0,6,0,0,6,0,0,0,0,0,0,0,1,0,0,0,0,0,0,0,0,0,,,,,,,,,,,,,,,,,,,,,,,,,,,,,,,,,,,,
143,8,125,"<html:a xmlns:html=""http://www.w3.org/1999/xhtml"" class=""arrow"" href=""#"" id=""menu_pim_Configuration"">",101,html:a,"['class=""arrow""', 'href=""#""', 'id=""menu_pim_Configuration""']",0,0,0,0,0,0,1,0,0,0,0,0,0,0,0,0,0,0,0,0,0,0,0,0,0,0,0,,,,#,,,,,menu_pim_Configuration,,,,,arrow,,,,,,,,,,,,,,,,,,,,,,
144,8,829,"<html:ul xmlns:html=""http://www.w3.org/1999/xhtml"">",51,html:ul,[],0,0,0,0,0,0,5,0,0,5,0,0,0,0,0,0,0,1,0,0,0,0,0,0,0,0,0,,,,,,,,,,,,,,,,,,,,,,,,,,,,,,,,,,,,
145,9,185,"<html:li xmlns:html=""http://www.w3.org/1999/xhtml"">",51,html:li,[],0,0,0,0,0,0,1,0,0,1,0,0,0,0,0,0,0,0,0,0,0,0,0,0,0,0,0,,,,,,,,,,,,,,,,,,,,,,,,,,,,,,,,,,,,
146,10,164,"<html:a xmlns:html=""http://www.w3.org/1999/xhtml"" href=""/orangehrm-4.3.1/symfony/web/index.php/pim/configurePim"" id=""menu_pim_configurePim"">",140,html:a,"['href=""/orangehrm-4.3.1/symfony/web/index.php/pim/configurePim""', 'id=""menu_pim_configurePim""']",0,0,0,0,0,0,1,0,0,0,0,0,0,0,0,0,0,0,0,0,0,0,0,0,0,0,0,,,,/orangehrm-4.3.1/symfony/web/index.php/pim/configurePim,,,,,menu_pim_configurePim,,,,,,,,,,,,,,,,,,,,,,,,,,,
147,9,191,"<html:li xmlns:html=""http://www.w3.org/1999/xhtml"">",51,html:li,[],0,0,0,0,0,0,1,0,0,1,0,0,0,0,0,0,0,0,0,0,0,0,0,0,0,0,0,,,,,,,,,,,,,,,,,,,,,,,,,,,,,,,,,,,,
148,10,170,"<html:a xmlns:html=""http://www.w3.org/1999/xhtml"" href=""/orangehrm-4.3.1/symfony/web/index.php/pim/listCustomFields"" id=""menu_pim_listCustomFields"">",148,html:a,"['href=""/orangehrm-4.3.1/symfony/web/index.php/pim/listCustomFields""', 'id=""menu_pim_listCustomFields""']",0,0,0,0,0,0,1,0,0,0,0,0,0,0,0,0,0,0,0,0,0,0,0,0,0,0,0,,,,/orangehrm-4.3.1/symfony/web/index.php/pim/listCustomFields,,,,,menu_pim_listCustomFields,,,,,,,,,,,,,,,,,,,,,,,,,,,
149,9,185,"<html:li xmlns:html=""http://www.w3.org/1999/xhtml"">",51,html:li,[],0,0,0,0,0,0,1,0,0,1,0,0,0,0,0,0,0,0,0,0,0,0,0,0,0,0,0,,,,,,,,,,,,,,,,,,,,,,,,,,,,,,,,,,,,
150,10,164,"<html:a xmlns:html=""http://www.w3.org/1999/xhtml"" href=""/orangehrm-4.3.1/symfony/web/index.php/admin/pimCsvImport"" id=""menu_admin_pimCsvImport"">",144,html:a,"['href=""/orangehrm-4.3.1/symfony/web/index.php/admin/pimCsvImport""', 'id=""menu_admin_pimCsvImport""']",0,0,0,0,0,0,1,0,0,0,0,0,0,0,0,0,0,0,0,0,0,0,0,0,0,0,0,,,,/orangehrm-4.3.1/symfony/web/index.php/admin/pimCsvImport,,,,,menu_admin_pimCsvImport,,,,,,,,,,,,,,,,,,,,,,,,,,,
151,9,203,"<html:li xmlns:html=""http://www.w3.org/1999/xhtml"">",51,html:li,[],0,0,0,0,0,0,1,0,0,1,0,0,0,0,0,0,0,0,0,0,0,0,0,0,0,0,0,,,,,,,,,,,,,,,,,,,,,,,,,,,,,,,,,,,,
152,10,182,"<html:a xmlns:html=""http://www.w3.org/1999/xhtml"" href=""/orangehrm-4.3.1/symfony/web/index.php/pim/viewReportingMethods"" id=""menu_pim_viewReportingMethods"">",156,html:a,"['href=""/orangehrm-4.3.1/symfony/web/index.php/pim/viewReportingMethods""', 'id=""menu_pim_viewReportingMethods""']",0,0,0,0,0,0,1,0,0,0,0,0,0,0,0,0,0,0,0,0,0,0,0,0,0,0,0,,,,/orangehrm-4.3.1/symfony/web/index.php/pim/viewReportingMethods,,,,,menu_pim_viewReportingMethods,,,,,,,,,,,,,,,,,,,,,,,,,,,
153,9,209,"<html:li xmlns:html=""http://www.w3.org/1999/xhtml"">",51,html:li,[],0,0,0,0,0,0,1,0,0,1,0,0,0,0,0,0,0,0,0,0,0,0,0,0,0,0,0,,,,,,,,,,,,,,,,,,,,,,,,,,,,,,,,,,,,
154,10,188,"<html:a xmlns:html=""http://www.w3.org/1999/xhtml"" href=""/orangehrm-4.3.1/symfony/web/index.php/pim/viewTerminationReasons"" id=""menu_pim_viewTerminationReasons"">",160,html:a,"['href=""/orangehrm-4.3.1/symfony/web/index.php/pim/viewTerminationReasons""', 'id=""menu_pim_viewTerminationReasons""']",0,0,0,0,0,0,1,0,0,0,0,0,0,0,0,0,0,0,0,0,0,0,0,0,0,0,0,,,,/orangehrm-4.3.1/symfony/web/index.php/pim/viewTerminationReasons,,,,,menu_pim_viewTerminationReasons,,,,,,,,,,,,,,,,,,,,,,,,,,,
155,7,218,"<html:li xmlns:html=""http://www.w3.org/1999/xhtml"" class=""selected"">",68,html:li,"['class=""selected""']",0,0,0,0,0,0,1,0,0,1,0,0,0,0,0,0,0,0,0,0,0,0,0,0,0,0,0,,,,,,,,,,,,,,selected,,,,,,,,,,,,,,,,,,,,,,
156,8,180,"<html:a xmlns:html=""http://www.w3.org/1999/xhtml"" href=""/orangehrm-4.3.1/symfony/web/index.php/pim/viewEmployeeList/reset/1"" id=""menu_pim_viewEmployeeList"">",156,html:a,"['href=""/orangehrm-4.3.1/symfony/web/index.php/pim/viewEmployeeList/reset/1""', 'id=""menu_pim_viewEmployeeList""']",0,0,0,0,0,0,1,0,0,0,0,0,0,0,0,0,0,0,0,0,0,0,0,0,0,0,0,,,,/orangehrm-4.3.1/symfony/web/index.php/pim/viewEmployeeList/reset/1,,,,,menu_pim_viewEmployeeList,,,,,,,,,,,,,,,,,,,,,,,,,,,
157,7,182,"<html:li xmlns:html=""http://www.w3.org/1999/xhtml"">",51,html:li,[],0,0,0,0,0,0,1,0,0,1,0,0,0,0,0,0,0,0,0,0,0,0,0,0,0,0,0,,,,,,,,,,,,,,,,,,,,,,,,,,,,,,,,,,,,
158,8,161,"<html:a xmlns:html=""http://www.w3.org/1999/xhtml"" href=""/orangehrm-4.3.1/symfony/web/index.php/pim/addEmployee"" id=""menu_pim_addEmployee"">",138,html:a,"['href=""/orangehrm-4.3.1/symfony/web/index.php/pim/addEmployee""', 'id=""menu_pim_addEmployee""']",0,0,0,0,0,0,1,0,0,0,0,0,0,0,0,0,0,0,0,0,0,0,0,0,0,0,0,,,,/orangehrm-4.3.1/symfony/web/index.php/pim/addEmployee,,,,,menu_pim_addEmployee,,,,,,,,,,,,,,,,,,,,,,,,,,,
159,7,250,"<html:li xmlns:html=""http://www.w3.org/1999/xhtml"">",51,html:li,[],0,0,0,0,0,0,1,0,0,1,0,0,0,0,0,0,0,0,0,0,0,0,0,0,0,0,0,,,,,,,,,,,,,,,,,,,,,,,,,,,,,,,,,,,,
160,8,229,"<html:a xmlns:html=""http://www.w3.org/1999/xhtml"" href=""/orangehrm-4.3.1/symfony/web/index.php/core/viewDefinedPredefinedReports/reportGroup/3/reportType/PIM_DEFINED"" id=""menu_core_viewDefinedPredefinedReports"">",211,html:a,"['href=""/orangehrm-4.3.1/symfony/web/index.php/core/viewDefinedPredefinedReports/reportGroup/3/reportType/PIM_DEFINED""', 'id=""menu_core_viewDefinedPredefinedReports""']",0,0,0,0,0,0,1,0,0,0,0,0,0,0,0,0,0,0,0,0,0,0,0,0,0,0,0,,,,/orangehrm-4.3.1/symfony/web/index.php/core/viewDefinedPredefinedReports/reportGroup/3/reportType/PIM_DEFINED,,,,,menu_core_viewDefinedPredefinedReports,,,,,,,,,,,,,,,,,,,,,,,,,,,
161,5,264,"<html:li xmlns:html=""http://www.w3.org/1999/xhtml"">",51,html:li,[],0,0,0,0,0,0,1,0,1,2,0,0,0,0,0,0,0,1,0,0,0,0,0,0,0,0,0,,,,,,,,,,,,,,,,,,,,,,,,,,,,,,,,,,,,
162,6,206,"<html:a xmlns:html=""http://www.w3.org/1999/xhtml"" class=""firstLevelMenu"" href=""/orangehrm-4.3.1/symfony/web/index.php/leave/viewLeaveModule"" id=""menu_leave_viewLeaveModule"">",173,html:a,"['class=""firstLevelMenu""', 'href=""/orangehrm-4.3.1/symfony/web/index.php/leave/viewLeaveModule""', 'id=""menu_leave_viewLeaveModule""']",0,0,0,0,0,0,1,0,1,0,0,0,0,0,0,0,0,0,0,0,0,0,0,0,0,0,0,,,,/orangehrm-4.3.1/symfony/web/index.php/leave/viewLeaveModule,,,,,menu_leave_viewLeaveModule,,,,,firstLevelMenu,,,,,,,,,,,,,,,,,,,,,,
163,7,64,"<html:b xmlns:html=""http://www.w3.org/1999/xhtml"">",50,html:b,[],0,0,0,0,0,0,0,0,1,0,0,0,0,0,0,0,0,0,0,0,0,0,0,0,0,0,0,,,,,,,,,,,,,,,,,,,,,,,,,,,,,,,,,,,,
164,6,79,"<html:ul xmlns:html=""http://www.w3.org/1999/xhtml"">",51,html:ul,[],0,0,0,0,0,0,0,0,0,1,0,0,0,0,0,0,0,1,0,0,0,0,0,0,0,0,0,,,,,,,,,,,,,,,,,,,,,,,,,,,,,,,,,,,,
165,7,55,"<html:li xmlns:html=""http://www.w3.org/1999/xhtml"" />",53,html:li,[],0,0,0,0,0,0,0,0,0,1,0,0,0,0,0,0,0,0,0,0,0,0,0,0,0,0,0,,,,,,,,,,,,,,,,,,,,,,,,,,,,,,,,,,,,
166,5,259,"<html:li xmlns:html=""http://www.w3.org/1999/xhtml"">",51,html:li,[],0,0,0,0,0,0,1,0,1,2,0,0,0,0,0,0,0,1,0,0,0,0,0,0,0,0,0,,,,,,,,,,,,,,,,,,,,,,,,,,,,,,,,,,,,
167,6,201,"<html:a xmlns:html=""http://www.w3.org/1999/xhtml"" class=""firstLevelMenu"" href=""/orangehrm-4.3.1/symfony/web/index.php/time/viewTimeModule"" id=""menu_time_viewTimeModule"">",169,html:a,"['class=""firstLevelMenu""', 'href=""/orangehrm-4.3.1/symfony/web/index.php/time/viewTimeModule""', 'id=""menu_time_viewTimeModule""']",0,0,0,0,0,0,1,0,1,0,0,0,0,0,0,0,0,0,0,0,0,0,0,0,0,0,0,,,,/orangehrm-4.3.1/symfony/web/index.php/time/viewTimeModule,,,,,menu_time_viewTimeModule,,,,,firstLevelMenu,,,,,,,,,,,,,,,,,,,,,,
168,7,63,"<html:b xmlns:html=""http://www.w3.org/1999/xhtml"">",50,html:b,[],0,0,0,0,0,0,0,0,1,0,0,0,0,0,0,0,0,0,0,0,0,0,0,0,0,0,0,,,,,,,,,,,,,,,,,,,,,,,,,,,,,,,,,,,,
169,6,81,"<html:ul xmlns:html=""http://www.w3.org/1999/xhtml"">",51,html:ul,[],0,0,0,0,0,0,0,0,0,1,0,0,0,0,0,0,0,1,0,0,0,0,0,0,0,0,0,,,,,,,,,,,,,,,,,,,,,,,,,,,,,,,,,,,,
170,7,57,"<html:li xmlns:html=""http://www.w3.org/1999/xhtml"" />",53,html:li,[],0,0,0,0,0,0,0,0,0,1,0,0,0,0,0,0,0,0,0,0,0,0,0,0,0,0,0,,,,,,,,,,,,,,,,,,,,,,,,,,,,,,,,,,,,
171,5,600,"<html:li xmlns:html=""http://www.w3.org/1999/xhtml"">",51,html:li,[],0,0,0,0,0,0,3,0,1,3,0,0,0,0,0,0,0,1,0,0,0,0,0,0,0,0,0,,,,,,,,,,,,,,,,,,,,,,,,,,,,,,,,,,,,
172,6,236,"<html:a xmlns:html=""http://www.w3.org/1999/xhtml"" class=""firstLevelMenu"" href=""/orangehrm-4.3.1/symfony/web/index.php/recruitment/viewRecruitmentModule"" id=""menu_recruitment_viewRecruitmentModule"">",197,html:a,"['class=""firstLevelMenu""', 'href=""/orangehrm-4.3.1/symfony/web/index.php/recruitment/viewRecruitmentModule""', 'id=""menu_recruitment_viewRecruitmentModule""']",0,0,0,0,0,0,1,0,1,0,0,0,0,0,0,0,0,0,0,0,0,0,0,0,0,0,0,,,,/orangehrm-4.3.1/symfony/web/index.php/recruitment/viewRecruitmentModule,,,,,menu_recruitment_viewRecruitmentModule,,,,,firstLevelMenu,,,,,,,,,,,,,,,,,,,,,,
173,7,70,"<html:b xmlns:html=""http://www.w3.org/1999/xhtml"">",50,html:b,[],0,0,0,0,0,0,0,0,1,0,0,0,0,0,0,0,0,0,0,0,0,0,0,0,0,0,0,,,,,,,,,,,,,,,,,,,,,,,,,,,,,,,,,,,,
174,6,385,"<html:ul xmlns:html=""http://www.w3.org/1999/xhtml"">",51,html:ul,[],0,0,0,0,0,0,2,0,0,2,0,0,0,0,0,0,0,1,0,0,0,0,0,0,0,0,0,,,,,,,,,,,,,,,,,,,,,,,,,,,,,,,,,,,,
175,7,202,"<html:li xmlns:html=""http://www.w3.org/1999/xhtml"">",51,html:li,[],0,0,0,0,0,0,1,0,0,1,0,0,0,0,0,0,0,0,0,0,0,0,0,0,0,0,0,,,,,,,,,,,,,,,,,,,,,,,,,,,,,,,,,,,,
176,8,181,"<html:a xmlns:html=""http://www.w3.org/1999/xhtml"" href=""/orangehrm-4.3.1/symfony/web/index.php/recruitment/viewCandidates"" id=""menu_recruitment_viewCandidates"">",160,html:a,"['href=""/orangehrm-4.3.1/symfony/web/index.php/recruitment/viewCandidates""', 'id=""menu_recruitment_viewCandidates""']",0,0,0,0,0,0,1,0,0,0,0,0,0,0,0,0,0,0,0,0,0,0,0,0,0,0,0,,,,/orangehrm-4.3.1/symfony/web/index.php/recruitment/viewCandidates,,,,,menu_recruitment_viewCandidates,,,,,,,,,,,,,,,,,,,,,,,,,,,
177,7,201,"<html:li xmlns:html=""http://www.w3.org/1999/xhtml"">",51,html:li,[],0,0,0,0,0,0,1,0,0,1,0,0,0,0,0,0,0,0,0,0,0,0,0,0,0,0,0,,,,,,,,,,,,,,,,,,,,,,,,,,,,,,,,,,,,
178,8,180,"<html:a xmlns:html=""http://www.w3.org/1999/xhtml"" href=""/orangehrm-4.3.1/symfony/web/index.php/recruitment/viewJobVacancy"" id=""menu_recruitment_viewJobVacancy"">",160,html:a,"['href=""/orangehrm-4.3.1/symfony/web/index.php/recruitment/viewJobVacancy""', 'id=""menu_recruitment_viewJobVacancy""']",0,0,0,0,0,0,1,0,0,0,0,0,0,0,0,0,0,0,0,0,0,0,0,0,0,0,0,,,,/orangehrm-4.3.1/symfony/web/index.php/recruitment/viewJobVacancy,,,,,menu_recruitment_viewJobVacancy,,,,,,,,,,,,,,,,,,,,,,,,,,,
179,5,1151,"<html:li xmlns:html=""http://www.w3.org/1999/xhtml"">",51,html:li,[],0,0,0,0,0,0,7,0,1,7,0,0,0,0,0,0,0,3,0,0,0,0,0,0,0,0,0,,,,,,,,,,,,,,,,,,,,,,,,,,,,,,,,,,,,
180,6,144,"<html:a xmlns:html=""http://www.w3.org/1999/xhtml"" class=""firstLevelMenu"" href=""#"" id=""menu__Performance"">",105,html:a,"['class=""firstLevelMenu""', 'href=""#""', 'id=""menu__Performance""']",0,0,0,0,0,0,1,0,1,0,0,0,0,0,0,0,0,0,0,0,0,0,0,0,0,0,0,,,,#,,,,,menu__Performance,,,,,firstLevelMenu,,,,,,,,,,,,,,,,,,,,,,
181,7,70,"<html:b xmlns:html=""http://www.w3.org/1999/xhtml"">",50,html:b,[],0,0,0,0,0,0,0,0,1,0,0,0,0,0,0,0,0,0,0,0,0,0,0,0,0,0,0,,,,,,,,,,,,,,,,,,,,,,,,,,,,,,,,,,,,
182,6,1028,"<html:ul xmlns:html=""http://www.w3.org/1999/xhtml"">",51,html:ul,[],0,0,0,0,0,0,6,0,0,6,0,0,0,0,0,0,0,3,0,0,0,0,0,0,0,0,0,,,,,,,,,,,,,,,,,,,,,,,,,,,,,,,,,,,,
183,7,482,"<html:li xmlns:html=""http://www.w3.org/1999/xhtml"">",51,html:li,[],0,0,0,0,0,0,3,0,0,3,0,0,0,0,0,0,0,1,0,0,0,0,0,0,0,0,0,,,,,,,,,,,,,,,,,,,,,,,,,,,,,,,,,,,,
184,8,125,"<html:a xmlns:html=""http://www.w3.org/1999/xhtml"" class=""arrow"" href=""#"" id=""menu_performance_Configure"">",105,html:a,"['class=""arrow""', 'href=""#""', 'id=""menu_performance_Configure""']",0,0,0,0,0,0,1,0,0,0,0,0,0,0,0,0,0,0,0,0,0,0,0,0,0,0,0,,,,#,,,,,menu_performance_Configure,,,,,arrow,,,,,,,,,,,,,,,,,,,,,,
185,8,378,"<html:ul xmlns:html=""http://www.w3.org/1999/xhtml"">",51,html:ul,[],0,0,0,0,0,0,2,0,0,2,0,0,0,0,0,0,0,1,0,0,0,0,0,0,0,0,0,,,,,,,,,,,,,,,,,,,,,,,,,,,,,,,,,,,,
186,9,184,"<html:li xmlns:html=""http://www.w3.org/1999/xhtml"">",51,html:li,[],0,0,0,0,0,0,1,0,0,1,0,0,0,0,0,0,0,0,0,0,0,0,0,0,0,0,0,,,,,,,,,,,,,,,,,,,,,,,,,,,,,,,,,,,,
187,10,163,"<html:a xmlns:html=""http://www.w3.org/1999/xhtml"" href=""/orangehrm-4.3.1/symfony/web/index.php/performance/searchKpi"" id=""menu_performance_searchKpi"">",150,html:a,"['href=""/orangehrm-4.3.1/symfony/web/index.php/performance/searchKpi""', 'id=""menu_performance_searchKpi""']",0,0,0,0,0,0,1,0,0,0,0,0,0,0,0,0,0,0,0,0,0,0,0,0,0,0,0,,,,/orangehrm-4.3.1/symfony/web/index.php/performance/searchKpi,,,,,menu_performance_searchKpi,,,,,,,,,,,,,,,,,,,,,,,,,,,
188,9,212,"<html:li xmlns:html=""http://www.w3.org/1999/xhtml"">",51,html:li,[],0,0,0,0,0,0,1,0,0,1,0,0,0,0,0,0,0,0,0,0,0,0,0,0,0,0,0,,,,,,,,,,,,,,,,,,,,,,,,,,,,,,,,,,,,
189,10,191,"<html:a xmlns:html=""http://www.w3.org/1999/xhtml"" href=""/orangehrm-4.3.1/symfony/web/index.php/performance/addPerformanceTracker"" id=""menu_performance_addPerformanceTracker"">",174,html:a,"['href=""/orangehrm-4.3.1/symfony/web/index.php/performance/addPerformanceTracker""', 'id=""menu_performance_addPerformanceTracker""']",0,0,0,0,0,0,1,0,0,0,0,0,0,0,0,0,0,0,0,0,0,0,0,0,0,0,0,,,,/orangehrm-4.3.1/symfony/web/index.php/performance/addPerformanceTracker,,,,,menu_performance_addPerformanceTracker,,,,,,,,,,,,,,,,,,,,,,,,,,,
190,7,357,"<html:li xmlns:html=""http://www.w3.org/1999/xhtml"">",51,html:li,[],0,0,0,0,0,0,2,0,0,2,0,0,0,0,0,0,0,1,0,0,0,0,0,0,0,0,0,,,,,,,,,,,,,,,,,,,,,,,,,,,,,,,,,,,,
191,8,134,"<html:a xmlns:html=""http://www.w3.org/1999/xhtml"" class=""arrow"" href=""#"" id=""menu_performance_ManageReviews"">",109,html:a,"['class=""arrow""', 'href=""#""', 'id=""menu_performance_ManageReviews""']",0,0,0,0,0,0,1,0,0,0,0,0,0,0,0,0,0,0,0,0,0,0,0,0,0,0,0,,,,#,,,,,menu_performance_ManageReviews,,,,,arrow,,,,,,,,,,,,,,,,,,,,,,
192,8,244,"<html:ul xmlns:html=""http://www.w3.org/1999/xhtml"">",51,html:ul,[],0,0,0,0,0,0,1,0,0,1,0,0,0,0,0,0,0,1,0,0,0,0,0,0,0,0,0,,,,,,,,,,,,,,,,,,,,,,,,,,,,,,,,,,,,
193,9,220,"<html:li xmlns:html=""http://www.w3.org/1999/xhtml"">",51,html:li,[],0,0,0,0,0,0,1,0,0,1,0,0,0,0,0,0,0,0,0,0,0,0,0,0,0,0,0,,,,,,,,,,,,,,,,,,,,,,,,,,,,,,,,,,,,
194,10,199,"<html:a xmlns:html=""http://www.w3.org/1999/xhtml"" href=""/orangehrm-4.3.1/symfony/web/index.php/performance/searchPerformancReview"" id=""menu_performance_searchPerformancReview"">",176,html:a,"['href=""/orangehrm-4.3.1/symfony/web/index.php/performance/searchPerformancReview""', 'id=""menu_performance_searchPerformancReview""']",0,0,0,0,0,0,1,0,0,0,0,0,0,0,0,0,0,0,0,0,0,0,0,0,0,0,0,,,,/orangehrm-4.3.1/symfony/web/index.php/performance/searchPerformancReview,,,,,menu_performance_searchPerformancReview,,,,,,,,,,,,,,,,,,,,,,,,,,,
195,7,249,"<html:li xmlns:html=""http://www.w3.org/1999/xhtml"">",51,html:li,[],0,0,0,0,0,0,1,0,0,1,0,0,0,0,0,0,0,0,0,0,0,0,0,0,0,0,0,,,,,,,,,,,,,,,,,,,,,,,,,,,,,,,,,,,,
196,8,228,"<html:a xmlns:html=""http://www.w3.org/1999/xhtml"" href=""/orangehrm-4.3.1/symfony/web/index.php/performance/viewEmployeePerformanceTrackerList"" id=""menu_performance_viewEmployeePerformanceTrackerList"">",200,html:a,"['href=""/orangehrm-4.3.1/symfony/web/index.php/performance/viewEmployeePerformanceTrackerList""', 'id=""menu_performance_viewEmployeePerformanceTrackerList""']",0,0,0,0,0,0,1,0,0,0,0,0,0,0,0,0,0,0,0,0,0,0,0,0,0,0,0,,,,/orangehrm-4.3.1/symfony/web/index.php/performance/viewEmployeePerformanceTrackerList,,,,,menu_performance_viewEmployeePerformanceTrackerList,,,,,,,,,,,,,,,,,,,,,,,,,,,
197,5,250,"<html:li xmlns:html=""http://www.w3.org/1999/xhtml"">",51,html:li,[],0,0,0,0,0,0,1,0,1,2,0,0,0,0,0,0,0,1,0,0,0,0,0,0,0,0,0,,,,,,,,,,,,,,,,,,,,,,,,,,,,,,,,,,,,
198,6,192,"<html:a xmlns:html=""http://www.w3.org/1999/xhtml"" class=""firstLevelMenu"" href=""/orangehrm-4.3.1/symfony/web/index.php/dashboard"" id=""menu_dashboard_index"">",155,html:a,"['class=""firstLevelMenu""', 'href=""/orangehrm-4.3.1/symfony/web/index.php/dashboard""', 'id=""menu_dashboard_index""']",0,0,0,0,0,0,1,0,1,0,0,0,0,0,0,0,0,0,0,0,0,0,0,0,0,0,0,,,,/orangehrm-4.3.1/symfony/web/index.php/dashboard,,,,,menu_dashboard_index,,,,,firstLevelMenu,,,,,,,,,,,,,,,,,,,,,,
199,7,68,"<html:b xmlns:html=""http://www.w3.org/1999/xhtml"">",50,html:b,[],0,0,0,0,0,0,0,0,1,0,0,0,0,0,0,0,0,0,0,0,0,0,0,0,0,0,0,,,,,,,,,,,,,,,,,,,,,,,,,,,,,,,,,,,,
200,6,81,"<html:ul xmlns:html=""http://www.w3.org/1999/xhtml"">",51,html:ul,[],0,0,0,0,0,0,0,0,0,1,0,0,0,0,0,0,0,1,0,0,0,0,0,0,0,0,0,,,,,,,,,,,,,,,,,,,,,,,,,,,,,,,,,,,,
201,7,57,"<html:li xmlns:html=""http://www.w3.org/1999/xhtml"" />",53,html:li,[],0,0,0,0,0,0,0,0,0,1,0,0,0,0,0,0,0,0,0,0,0,0,0,0,0,0,0,,,,,,,,,,,,,,,,,,,,,,,,,,,,,,,,,,,,
202,5,280,"<html:li xmlns:html=""http://www.w3.org/1999/xhtml"">",51,html:li,[],0,0,0,0,0,0,1,0,1,2,0,0,0,0,0,0,0,1,0,0,0,0,0,0,0,0,0,,,,,,,,,,,,,,,,,,,,,,,,,,,,,,,,,,,,
203,6,222,"<html:a xmlns:html=""http://www.w3.org/1999/xhtml"" class=""firstLevelMenu"" href=""/orangehrm-4.3.1/symfony/web/index.php/directory/viewDirectory/reset/1"" id=""menu_directory_viewDirectory"">",185,html:a,"['class=""firstLevelMenu""', 'href=""/orangehrm-4.3.1/symfony/web/index.php/directory/viewDirectory/reset/1""', 'id=""menu_directory_viewDirectory""']",0,0,0,0,0,0,1,0,1,0,0,0,0,0,0,0,0,0,0,0,0,0,0,0,0,0,0,,,,/orangehrm-4.3.1/symfony/web/index.php/directory/viewDirectory/reset/1,,,,,menu_directory_viewDirectory,,,,,firstLevelMenu,,,,,,,,,,,,,,,,,,,,,,
204,7,68,"<html:b xmlns:html=""http://www.w3.org/1999/xhtml"">",50,html:b,[],0,0,0,0,0,0,0,0,1,0,0,0,0,0,0,0,0,0,0,0,0,0,0,0,0,0,0,,,,,,,,,,,,,,,,,,,,,,,,,,,,,,,,,,,,
205,6,81,"<html:ul xmlns:html=""http://www.w3.org/1999/xhtml"">",51,html:ul,[],0,0,0,0,0,0,0,0,0,1,0,0,0,0,0,0,0,1,0,0,0,0,0,0,0,0,0,,,,,,,,,,,,,,,,,,,,,,,,,,,,,,,,,,,,
206,7,57,"<html:li xmlns:html=""http://www.w3.org/1999/xhtml"" />",53,html:li,[],0,0,0,0,0,0,0,0,0,1,0,0,0,0,0,0,0,0,0,0,0,0,0,0,0,0,0,,,,,,,,,,,,,,,,,,,,,,,,,,,,,,,,,,,,
207,5,907,"<html:li xmlns:html=""http://www.w3.org/1999/xhtml"">",51,html:li,[],0,0,0,0,0,0,5,0,1,5,0,0,0,0,0,0,0,2,0,0,0,0,0,0,0,0,0,,,,,,,,,,,,,,,,,,,,,,,,,,,,,,,,,,,,
208,6,220,"<html:a xmlns:html=""http://www.w3.org/1999/xhtml"" class=""firstLevelMenu"" href=""/orangehrm-4.3.1/symfony/web/index.php/maintenance/purgeEmployee"" id=""menu_maintenance_purgeEmployee"">",181,html:a,"['class=""firstLevelMenu""', 'href=""/orangehrm-4.3.1/symfony/web/index.php/maintenance/purgeEmployee""', 'id=""menu_maintenance_purgeEmployee""']",0,0,0,0,0,0,1,0,1,0,0,0,0,0,0,0,0,0,0,0,0,0,0,0,0,0,0,,,,/orangehrm-4.3.1/symfony/web/index.php/maintenance/purgeEmployee,,,,,menu_maintenance_purgeEmployee,,,,,firstLevelMenu,,,,,,,,,,,,,,,,,,,,,,
209,7,70,"<html:b xmlns:html=""http://www.w3.org/1999/xhtml"">",50,html:b,[],0,0,0,0,0,0,0,0,1,0,0,0,0,0,0,0,0,0,0,0,0,0,0,0,0,0,0,,,,,,,,,,,,,,,,,,,,,,,,,,,,,,,,,,,,
210,6,708,"<html:ul xmlns:html=""http://www.w3.org/1999/xhtml"">",51,html:ul,[],0,0,0,0,0,0,4,0,0,4,0,0,0,0,0,0,0,2,0,0,0,0,0,0,0,0,0,,,,,,,,,,,,,,,,,,,,,,,,,,,,,,,,,,,,
211,7,512,"<html:li xmlns:html=""http://www.w3.org/1999/xhtml"">",51,html:li,[],0,0,0,0,0,0,3,0,0,3,0,0,0,0,0,0,0,1,0,0,0,0,0,0,0,0,0,,,,,,,,,,,,,,,,,,,,,,,,,,,,,,,,,,,,
212,8,132,"<html:a xmlns:html=""http://www.w3.org/1999/xhtml"" class=""arrow"" href=""#"" id=""menu_maintenance_PurgeRecords"">",108,html:a,"['class=""arrow""', 'href=""#""', 'id=""menu_maintenance_PurgeRecords""']",0,0,0,0,0,0,1,0,0,0,0,0,0,0,0,0,0,0,0,0,0,0,0,0,0,0,0,,,,#,,,,,menu_maintenance_PurgeRecords,,,,,arrow,,,,,,,,,,,,,,,,,,,,,,
213,8,401,"<html:ul xmlns:html=""http://www.w3.org/1999/xhtml"">",51,html:ul,[],0,0,0,0,0,0,2,0,0,2,0,0,0,0,0,0,0,1,0,0,0,0,0,0,0,0,0,,,,,,,,,,,,,,,,,,,,,,,,,,,,,,,,,,,,
214,9,204,"<html:li xmlns:html=""http://www.w3.org/1999/xhtml"">",51,html:li,[],0,0,0,0,0,0,1,0,0,1,0,0,0,0,0,0,0,0,0,0,0,0,0,0,0,0,0,,,,,,,,,,,,,,,,,,,,,,,,,,,,,,,,,,,,
215,10,183,"<html:a xmlns:html=""http://www.w3.org/1999/xhtml"" href=""/orangehrm-4.3.1/symfony/web/index.php/maintenance/purgeEmployee"" id=""menu_maintenance_purgeEmployee"">",158,html:a,"['href=""/orangehrm-4.3.1/symfony/web/index.php/maintenance/purgeEmployee""', 'id=""menu_maintenance_purgeEmployee""']",0,0,0,0,0,0,1,0,0,0,0,0,0,0,0,0,0,0,0,0,0,0,0,0,0,0,0,,,,/orangehrm-4.3.1/symfony/web/index.php/maintenance/purgeEmployee,,,,,menu_maintenance_purgeEmployee,,,,,,,,,,,,,,,,,,,,,,,,,,,
216,9,215,"<html:li xmlns:html=""http://www.w3.org/1999/xhtml"">",51,html:li,[],0,0,0,0,0,0,1,0,0,1,0,0,0,0,0,0,0,0,0,0,0,0,0,0,0,0,0,,,,,,,,,,,,,,,,,,,,,,,,,,,,,,,,,,,,
217,10,194,"<html:a xmlns:html=""http://www.w3.org/1999/xhtml"" href=""/orangehrm-4.3.1/symfony/web/index.php/maintenance/purgeCandidateData"" id=""menu_maintenance_purgeCandidateData"">",168,html:a,"['href=""/orangehrm-4.3.1/symfony/web/index.php/maintenance/purgeCandidateData""', 'id=""menu_maintenance_purgeCandidateData""']",0,0,0,0,0,0,1,0,0,0,0,0,0,0,0,0,0,0,0,0,0,0,0,0,0,0,0,,,,/orangehrm-4.3.1/symfony/web/index.php/maintenance/purgeCandidateData,,,,,menu_maintenance_purgeCandidateData,,,,,,,,,,,,,,,,,,,,,,,,,,,
218,7,214,"<html:li xmlns:html=""http://www.w3.org/1999/xhtml"">",51,html:li,[],0,0,0,0,0,0,1,0,0,1,0,0,0,0,0,0,0,0,0,0,0,0,0,0,0,0,0,,,,,,,,,,,,,,,,,,,,,,,,,,,,,,,,,,,,
219,8,193,"<html:a xmlns:html=""http://www.w3.org/1999/xhtml"" href=""/orangehrm-4.3.1/symfony/web/index.php/maintenance/accessEmployeeData"" id=""menu_maintenance_accessEmployeeData"">",168,html:a,"['href=""/orangehrm-4.3.1/symfony/web/index.php/maintenance/accessEmployeeData""', 'id=""menu_maintenance_accessEmployeeData""']",0,0,0,0,0,0,1,0,0,0,0,0,0,0,0,0,0,0,0,0,0,0,0,0,0,0,0,,,,/orangehrm-4.3.1/symfony/web/index.php/maintenance/accessEmployeeData,,,,,menu_maintenance_accessEmployeeData,,,,,,,,,,,,,,,,,,,,,,,,,,,
220,3,2840,"<html:div xmlns:html=""http://www.w3.org/1999/xhtml"" id=""content"">",65,html:div,"['id=""content""']",2,4,0,0,0,2,0,1,0,6,6,0,0,0,0,4,0,0,1,0,1,0,0,0,1,1,0,,,,,,,,,content,,,,,,,,,,,,,,,,,,,,,,,,,,,
221,4,1721,"<html:div xmlns:html=""http://www.w3.org/1999/xhtml"" class=""box"">",64,html:div,"['class=""box""']",2,4,0,0,0,2,0,1,0,6,6,0,0,0,0,3,0,0,1,0,0,0,0,0,1,1,0,,,,,,,,,,,,,,box,,,,,,,,,,,,,,,,,,,,,,
222,5,114,"<html:div xmlns:html=""http://www.w3.org/1999/xhtml"" class=""head"">",65,html:div,"['class=""head""']",0,0,0,0,0,0,0,0,0,0,0,0,0,0,0,1,0,0,0,0,0,0,0,0,0,1,0,,,,,,,,,,,,,,head,,,,,,,,,,,,,,,,,,,,,,
223,6,76,"<html:h1 xmlns:html=""http://www.w3.org/1999/xhtml"">",51,html:h1,[],0,0,0,0,0,0,0,0,0,0,0,0,0,0,0,0,0,0,0,0,0,0,0,0,0,1,0,,,,,,,,,,,,,,,,,,,,,,,,,,,,,,,,,,,,
224,5,1612,"<html:div xmlns:html=""http://www.w3.org/1999/xhtml"" class=""inner"">",66,html:div,"['class=""inner""']",2,4,0,0,0,2,0,1,0,6,6,0,0,0,0,1,0,0,1,0,0,0,0,0,1,0,0,,,,,,,,,,,,,,inner,,,,,,,,,,,,,,,,,,,,,,
225,6,1573,"<html:form xmlns:html=""http://www.w3.org/1999/xhtml"" action=""/orangehrm-4.3.1/symfony/web/index.php/pim/configurePim"" id=""frmConfigPim"" method=""post"" name=""frmConfigPim"">",170,html:form,"['action=""/orangehrm-4.3.1/symfony/web/index.php/pim/configurePim""', 'id=""frmConfigPim""', 'method=""post""', 'name=""frmConfigPim""']",2,4,0,0,0,2,0,1,0,6,6,0,0,0,0,0,0,0,1,0,0,0,0,0,1,0,0,,,,,,,,,frmConfigPim,,,,,,,/orangehrm-4.3.1/symfony/web/index.php/pim/configurePim,,post,frmConfigPim,,,,,,,,,,,,,,,,,
226,7,168,"<html:input xmlns:html=""http://www.w3.org/1999/xhtml"" id=""configPim__csrf_token"" name=""configPim[_csrf_token]"" type=""hidden"" value=""23e2e11a4987e772badc5322d008f2a9"" />",168,html:input,"['id=""configPim__csrf_token""', 'name=""configPim[_csrf_token]""', 'type=""hidden""', 'value=""23e2e11a4987e772badc5322d008f2a9""']",0,0,0,0,0,0,0,0,0,0,1,0,0,0,0,0,0,0,0,0,0,0,0,0,0,0,0,,,,,,hidden,,,configPim__csrf_token,,,,,,23e2e11a4987e772badc5322d008f2a9,,,,configPim[_csrf_token],,,,,,,,,,,,,,,,,
227,7,1302,"<html:fieldset xmlns:html=""http://www.w3.org/1999/xhtml"">",57,html:fieldset,[],2,4,0,0,0,2,0,1,0,6,5,0,0,0,0,0,0,0,0,0,0,0,0,0,1,0,0,,,,,,,,,,,,,,,,,,,,,,,,,,,,,,,,,,,,
228,8,408,"<html:ol xmlns:html=""http://www.w3.org/1999/xhtml"">",51,html:ol,[],1,1,0,0,0,1,0,0,0,2,1,0,0,0,0,0,0,0,0,0,0,0,0,0,0,0,0,,,,,,,,,,,,,,,,,,,,,,,,,,,,,,,,,,,,
229,9,108,"<html:li xmlns:html=""http://www.w3.org/1999/xhtml"">",51,html:li,[],1,0,0,0,0,0,0,0,0,1,0,0,0,0,0,0,0,0,0,0,0,0,0,0,0,0,0,,,,,,,,,,,,,,,,,,,,,,,,,,,,,,,,,,,,
230,10,85,"<html:h2 xmlns:html=""http://www.w3.org/1999/xhtml"">",51,html:h2,[],1,0,0,0,0,0,0,0,0,0,0,0,0,0,0,0,0,0,0,0,0,0,0,0,0,0,0,,,,,,,,,,,,,,,,,,,,,,,,,,,,,,,,,,,,
231,9,319,"<html:li xmlns:html=""http://www.w3.org/1999/xhtml"" class=""checkbox"">",68,html:li,"['class=""checkbox""']",0,1,0,0,0,0,0,0,0,1,1,0,0,0,0,0,0,0,0,0,0,0,0,0,0,0,0,,,,,,,,,,,,,,checkbox,,,,,,,,,,,,,,,,,,,,,,
232,10,154,"<html:input xmlns:html=""http://www.w3.org/1999/xhtml"" id=""configPim_chkDeprecateFields"" name=""configPim[chkDeprecateFields]"" type=""checkbox"" value=""on"" />",154,html:input,"['id=""configPim_chkDeprecateFields""', 'name=""configPim[chkDeprecateFields]""', 'type=""checkbox""', 'value=""on""']",0,0,0,0,0,0,0,0,0,0,1,0,0,0,0,0,0,0,0,0,0,0,0,0,0,0,0,,,,,,checkbox,,,configPim_chkDeprecateFields,,,,,,on,,,,configPim[chkDeprecateFields],,,,,,,,,,,,,,,,,
233,10,165,"<html:label xmlns:html=""http://www.w3.org/1999/xhtml"" for=""configPim_chkDeprecateFields"">",89,html:label,"['for=""configPim_chkDeprecateFields""']",0,1,0,0,0,0,0,0,0,0,0,0,0,0,0,0,0,0,0,0,0,0,0,0,0,0,0,,,,,,,,,,,,,,,,,,,,,,,,,,,,,,,,,,,,configPim_chkDeprecateFields
234,8,802,"<html:ol xmlns:html=""http://www.w3.org/1999/xhtml"">",51,html:ol,[],1,3,0,0,0,1,0,0,0,4,3,0,0,0,0,0,0,0,0,0,0,0,0,0,0,0,0,,,,,,,,,,,,,,,,,,,,,,,,,,,,,,,,,,,,
235,9,114,"<html:li xmlns:html=""http://www.w3.org/1999/xhtml"">",51,html:li,[],1,0,0,0,0,0,0,0,0,1,0,0,0,0,0,0,0,0,0,0,0,0,0,0,0,0,0,,,,,,,,,,,,,,,,,,,,,,,,,,,,,,,,,,,,
236,10,91,"<html:h2 xmlns:html=""http://www.w3.org/1999/xhtml"">",51,html:h2,[],1,0,0,0,0,0,0,0,0,0,0,0,0,0,0,0,0,0,0,0,0,0,0,0,0,0,0,,,,,,,,,,,,,,,,,,,,,,,,,,,,,,,,,,,,
237,9,266,"<html:li xmlns:html=""http://www.w3.org/1999/xhtml"" class=""checkbox"">",68,html:li,"['class=""checkbox""']",0,1,0,0,0,0,0,0,0,1,1,0,0,0,0,0,0,0,0,0,0,0,0,0,0,0,0,,,,,,,,,,,,,,checkbox,,,,,,,,,,,,,,,,,,,,,,
238,10,138,"<html:input xmlns:html=""http://www.w3.org/1999/xhtml"" id=""configPim_chkShowSSN"" name=""configPim[chkShowSSN]"" type=""checkbox"" value=""on"" />",138,html:input,"['id=""configPim_chkShowSSN""', 'name=""configPim[chkShowSSN]""', 'type=""checkbox""', 'value=""on""']",0,0,0,0,0,0,0,0,0,0,1,0,0,0,0,0,0,0,0,0,0,0,0,0,0,0,0,,,,,,checkbox,,,configPim_chkShowSSN,,,,,,on,,,,configPim[chkShowSSN],,,,,,,,,,,,,,,,,
239,10,128,"<html:label xmlns:html=""http://www.w3.org/1999/xhtml"" for=""configPim_chkShowSSN"">",81,html:label,"['for=""configPim_chkShowSSN""']",0,1,0,0,0,0,0,0,0,0,0,0,0,0,0,0,0,0,0,0,0,0,0,0,0,0,0,,,,,,,,,,,,,,,,,,,,,,,,,,,,,,,,,,,,configPim_chkShowSSN
240,9,266,"<html:li xmlns:html=""http://www.w3.org/1999/xhtml"" class=""checkbox"">",68,html:li,"['class=""checkbox""']",0,1,0,0,0,0,0,0,0,1,1,0,0,0,0,0,0,0,0,0,0,0,0,0,0,0,0,,,,,,,,,,,,,,checkbox,,,,,,,,,,,,,,,,,,,,,,
241,10,138,"<html:input xmlns:html=""http://www.w3.org/1999/xhtml"" id=""configPim_chkShowSIN"" name=""configPim[chkShowSIN]"" type=""checkbox"" value=""on"" />",138,html:input,"['id=""configPim_chkShowSIN""', 'name=""configPim[chkShowSIN]""', 'type=""checkbox""', 'value=""on""']",0,0,0,0,0,0,0,0,0,0,1,0,0,0,0,0,0,0,0,0,0,0,0,0,0,0,0,,,,,,checkbox,,,configPim_chkShowSIN,,,,,,on,,,,configPim[chkShowSIN],,,,,,,,,,,,,,,,,
242,10,128,"<html:label xmlns:html=""http://www.w3.org/1999/xhtml"" for=""configPim_chkShowSIN"">",81,html:label,"['for=""configPim_chkShowSIN""']",0,1,0,0,0,0,0,0,0,0,0,0,0,0,0,0,0,0,0,0,0,0,0,0,0,0,0,,,,,,,,,,,,,,,,,,,,,,,,,,,,,,,,,,,,configPim_chkShowSIN
243,9,259,"<html:li xmlns:html=""http://www.w3.org/1999/xhtml"" class=""checkbox"">",68,html:li,"['class=""checkbox""']",0,1,0,0,0,0,0,0,0,1,1,0,0,0,0,0,0,0,0,0,0,0,0,0,0,0,0,,,,,,,,,,,,,,checkbox,,,,,,,,,,,,,,,,,,,,,,
244,10,138,"<html:input xmlns:html=""http://www.w3.org/1999/xhtml"" id=""configPim_chkShowTax"" name=""configPim[chkShowTax]"" type=""checkbox"" value=""on"" />",138,html:input,"['id=""configPim_chkShowTax""', 'name=""configPim[chkShowTax]""', 'type=""checkbox""', 'value=""on""']",0,0,0,0,0,0,0,0,0,0,1,0,0,0,0,0,0,0,0,0,0,0,0,0,0,0,0,,,,,,checkbox,,,configPim_chkShowTax,,,,,,on,,,,configPim[chkShowTax],,,,,,,,,,,,,,,,,
245,10,121,"<html:label xmlns:html=""http://www.w3.org/1999/xhtml"" for=""configPim_chkShowTax"">",81,html:label,"['for=""configPim_chkShowTax""']",0,1,0,0,0,0,0,0,0,0,0,0,0,0,0,0,0,0,0,0,0,0,0,0,0,0,0,,,,,,,,,,,,,,,,,,,,,,,,,,,,,,,,,,,,configPim_chkShowTax
246,8,141,"<html:p xmlns:html=""http://www.w3.org/1999/xhtml"">",50,html:p,[],0,0,0,0,0,0,0,1,0,0,1,0,0,0,0,0,0,0,0,0,0,0,0,0,0,0,0,,,,,,,,,,,,,,,,,,,,,,,,,,,,,,,,,,,,
247,9,120,"<html:input xmlns:html=""http://www.w3.org/1999/xhtml"" class="""" id=""btnSave"" tabindex=""2"" type=""button"" value=""Edit"" />",118,html:input,"['class=""""', 'id=""btnSave""', 'tabindex=""2""', 'type=""button""', 'value=""Edit""']",0,0,0,0,0,0,0,0,0,0,1,0,0,0,0,0,0,0,0,0,0,0,0,0,0,0,0,2,,,,,button,,,btnSave,,,,,,Edit,,,,,,,,,,,,,,,,,,,,,
248,4,1122,"<html:script xmlns:html=""http://www.w3.org/1999/xhtml"" type=""text/javascript"">",78,html:script,"['type=""text/javascript""']",0,0,0,0,0,0,0,0,0,0,0,0,0,0,0,0,0,0,0,0,1,0,0,0,0,0,0,,,,,,text/javascript,,,,,,,,,,,,,,,,,,,,,,,,,,,,,,
249,2,250,"<html:div xmlns:html=""http://www.w3.org/1999/xhtml"" id=""footer"">",64,html:div,"['id=""footer""']",0,0,0,0,0,0,1,0,0,0,0,0,0,0,0,1,1,0,0,0,0,0,0,0,0,0,0,,,,,,,,,footer,,,,,,,,,,,,,,,,,,,,,,,,,,,
250,3,73,"<html:br xmlns:html=""http://www.w3.org/1999/xhtml"" />",53,html:br,[],0,0,0,0,0,0,0,0,0,0,0,0,0,0,0,0,1,0,0,0,0,0,0,0,0,0,0,,,,,,,,,,,,,,,,,,,,,,,,,,,,,,,,,,,,
251,3,145,"<html:a xmlns:html=""http://www.w3.org/1999/xhtml"" href=""http://www.orangehrm.com"" target=""_blank"">",98,html:a,"['href=""http://www.orangehrm.com""', 'target=""_blank""']",0,0,0,0,0,0,1,0,0,0,0,0,0,0,0,0,0,0,0,0,0,0,0,0,0,0,0,,,,http://www.orangehrm.com,,,,,,_blank,,,,,,,,,,,,,,,,,,,,,,,,,,
252,2,3653,"<html:script xmlns:html=""http://www.w3.org/1999/xhtml"" type=""text/javascript"">",78,html:script,"['type=""text/javascript""']",0,0,0,0,0,0,0,0,0,0,0,0,0,0,0,0,0,0,0,0,1,0,0,0,0,0,0,,,,,,text/javascript,,,,,,,,,,,,,,,,,,,,,,,,,,,,,,
