Parent_Count,Char_Count,Main_Tag,Main_Tag_Char_Count,Main_Tag_Name,Main_Tag_Attributes,Tag_Count_html:ol,Tag_Count_html:tr,Tag_Count_html:label,Tag_Count_html:html,Tag_Count_html:img,Tag_Count_html:div,Tag_Count_html:form,Tag_Count_html:table,Tag_Count_html:body,Tag_Count_html:link,Tag_Count_html:a,Tag_Count_html:textarea,Tag_Count_html:meta,Tag_Count_html:strong,Tag_Count_html:title,Tag_Count_html:br,Tag_Count_html:h1,Tag_Count_html:span,Tag_Count_html:em,Tag_Count_html:legend,Tag_Count_html:p,Tag_Count_html:input,Tag_Count_html:tbody,Tag_Count_html:fieldset,Tag_Count_html:script,Tag_Count_html:th,Tag_Count_html:select,Tag_Count_html:h3,Tag_Count_html:head,Tag_Count_html:ul,Tag_Count_html:thead,Tag_Count_html:h2,Tag_Count_html:style,Tag_Count_html:td,Tag_Count_html:option,Tag_Count_html:li,Tag_Count_html:b
0,44720,"<html:html xmlns:html=""http://www.w3.org/1999/xhtml"" lang=""en"" xml:lang=""en"">",77,html:html,"['lang=""en""']",0,1,0,1,4,36,1,1,1,8,73,0,1,0,1,1,1,3,0,4,4,0,1,4,18,0,0,1,1,23,0,0,2,3,0,73,8
1,2973,"<html:head xmlns:html=""http://www.w3.org/1999/xhtml"">",53,html:head,[],0,0,0,0,0,0,0,0,0,7,0,0,1,0,1,0,0,0,0,0,0,0,0,0,12,0,0,0,1,0,0,0,0,0,0,0,0
2,88,"<html:title xmlns:html=""http://www.w3.org/1999/xhtml"">",54,html:title,[],0,0,0,0,0,0,0,0,0,0,0,0,0,0,1,0,0,0,0,0,0,0,0,0,0,0,0,0,0,0,0,0,0,0,0,0,0
2,136,"<html:meta xmlns:html=""http://www.w3.org/1999/xhtml"" content=""text/html; charset=utf-8"" http-equiv=""Content-Type"" />",116,html:meta,"['content=""text/html; charset=utf-8""']",0,0,0,0,0,0,0,0,0,0,0,0,1,0,0,0,0,0,0,0,0,0,0,0,0,0,0,0,0,0,0,0,0,0,0,0,0
2,192,"<html:link xmlns:html=""http://www.w3.org/1999/xhtml"" href=""/orangehrm/symfony/web/webres_598bd8c4489f52.47381308/themes/default/images/favicon.ico"" rel=""shortcut icon"" />",170,html:link,"['href=""/orangehrm/symfony/web/webres_598bd8c4489f52.47381308/themes/default/images/favicon.ico""', 'rel=""shortcut icon""']",0,0,0,0,0,0,0,0,0,1,0,0,0,0,0,0,0,0,0,0,0,0,0,0,0,0,0,0,0,0,0,0,0,0,0,0,0
2,180,"<html:link xmlns:html=""http://www.w3.org/1999/xhtml"" href=""/orangehrm/symfony/web/webres_598bd8c4489f52.47381308/themes/default/css/reset.css"" rel=""stylesheet"" type=""text/css"" />",178,html:link,"['href=""/orangehrm/symfony/web/webres_598bd8c4489f52.47381308/themes/default/css/reset.css""', 'rel=""stylesheet""', 'type=""text/css""']",0,0,0,0,0,0,0,0,0,1,0,0,0,0,0,0,0,0,0,0,0,0,0,0,0,0,0,0,0,0,0,0,0,0,0,0,0
2,181,"<html:link xmlns:html=""http://www.w3.org/1999/xhtml"" href=""/orangehrm/symfony/web/webres_598bd8c4489f52.47381308/themes/default/css/tipTip.css"" rel=""stylesheet"" type=""text/css"" />",179,html:link,"['href=""/orangehrm/symfony/web/webres_598bd8c4489f52.47381308/themes/default/css/tipTip.css""', 'rel=""stylesheet""', 'type=""text/css""']",0,0,0,0,0,0,0,0,0,1,0,0,0,0,0,0,0,0,0,0,0,0,0,0,0,0,0,0,0,0,0,0,0,0,0,0,0
2,205,"<html:link xmlns:html=""http://www.w3.org/1999/xhtml"" href=""/orangehrm/symfony/web/webres_598bd8c4489f52.47381308/themes/default/css/jquery/jquery-ui-1.8.21.custom.css"" rel=""stylesheet"" type=""text/css"" />",203,html:link,"['href=""/orangehrm/symfony/web/webres_598bd8c4489f52.47381308/themes/default/css/jquery/jquery-ui-1.8.21.custom.css""', 'rel=""stylesheet""', 'type=""text/css""']",0,0,0,0,0,0,0,0,0,1,0,0,0,0,0,0,0,0,0,0,0,0,0,0,0,0,0,0,0,0,0,0,0,0,0,0,0
2,221,"<html:link xmlns:html=""http://www.w3.org/1999/xhtml"" href=""/orangehrm/symfony/web/webres_598bd8c4489f52.47381308/themes/default/css/jquery/jquery.autocomplete.css"" rel=""stylesheet"" type=""text/css"" />",199,html:link,"['href=""/orangehrm/symfony/web/webres_598bd8c4489f52.47381308/themes/default/css/jquery/jquery.autocomplete.css""', 'rel=""stylesheet""', 'type=""text/css""']",0,0,0,0,0,0,0,0,0,1,0,0,0,0,0,0,0,0,0,0,0,0,0,0,0,0,0,0,0,0,0,0,0,0,0,0,0
2,189,"<html:link xmlns:html=""http://www.w3.org/1999/xhtml"" href=""/orangehrm/symfony/web/webres_598bd8c4489f52.47381308/themes/default/css/main.css"" rel=""stylesheet"" type=""text/css"" />",177,html:link,"['href=""/orangehrm/symfony/web/webres_598bd8c4489f52.47381308/themes/default/css/main.css""', 'rel=""stylesheet""', 'type=""text/css""']",0,0,0,0,0,0,0,0,0,1,0,0,0,0,0,0,0,0,0,0,0,0,0,0,0,0,0,0,0,0,0,0,0,0,0,0,0
2,172,"<html:script xmlns:html=""http://www.w3.org/1999/xhtml"" src=""/orangehrm/symfony/web/webres_598bd8c4489f52.47381308/js/jquery/jquery-1.7.2.min.js"" type=""text/javascript"" />",170,html:script,"['src=""/orangehrm/symfony/web/webres_598bd8c4489f52.47381308/js/jquery/jquery-1.7.2.min.js""', 'type=""text/javascript""']",0,0,0,0,0,0,0,0,0,0,0,0,0,0,0,0,0,0,0,0,0,0,0,0,1,0,0,0,0,0,0,0,0,0,0,0,0
2,180,"<html:script xmlns:html=""http://www.w3.org/1999/xhtml"" src=""/orangehrm/symfony/web/webres_598bd8c4489f52.47381308/js/jquery/validate/jquery.validate.js"" type=""text/javascript"" />",178,html:script,"['src=""/orangehrm/symfony/web/webres_598bd8c4489f52.47381308/js/jquery/validate/jquery.validate.js""', 'type=""text/javascript""']",0,0,0,0,0,0,0,0,0,0,0,0,0,0,0,0,0,0,0,0,0,0,0,0,1,0,0,0,0,0,0,0,0,0,0,0,0
2,170,"<html:script xmlns:html=""http://www.w3.org/1999/xhtml"" src=""/orangehrm/symfony/web/webres_598bd8c4489f52.47381308/js/jquery/jquery.ui.core.js"" type=""text/javascript"" />",168,html:script,"['src=""/orangehrm/symfony/web/webres_598bd8c4489f52.47381308/js/jquery/jquery.ui.core.js""', 'type=""text/javascript""']",0,0,0,0,0,0,0,0,0,0,0,0,0,0,0,0,0,0,0,0,0,0,0,0,1,0,0,0,0,0,0,0,0,0,0,0,0
2,175,"<html:script xmlns:html=""http://www.w3.org/1999/xhtml"" src=""/orangehrm/symfony/web/webres_598bd8c4489f52.47381308/js/jquery/jquery.autocomplete.js"" type=""text/javascript"" />",173,html:script,"['src=""/orangehrm/symfony/web/webres_598bd8c4489f52.47381308/js/jquery/jquery.autocomplete.js""', 'type=""text/javascript""']",0,0,0,0,0,0,0,0,0,0,0,0,0,0,0,0,0,0,0,0,0,0,0,0,1,0,0,0,0,0,0,0,0,0,0,0,0
2,171,"<html:script xmlns:html=""http://www.w3.org/1999/xhtml"" src=""/orangehrm/symfony/web/webres_598bd8c4489f52.47381308/js/orangehrm.autocomplete.js"" type=""text/javascript"" />",169,html:script,"['src=""/orangehrm/symfony/web/webres_598bd8c4489f52.47381308/js/orangehrm.autocomplete.js""', 'type=""text/javascript""']",0,0,0,0,0,0,0,0,0,0,0,0,0,0,0,0,0,0,0,0,0,0,0,0,1,0,0,0,0,0,0,0,0,0,0,0,0
2,176,"<html:script xmlns:html=""http://www.w3.org/1999/xhtml"" src=""/orangehrm/symfony/web/webres_598bd8c4489f52.47381308/js/jquery/jquery.ui.datepicker.js"" type=""text/javascript"" />",174,html:script,"['src=""/orangehrm/symfony/web/webres_598bd8c4489f52.47381308/js/jquery/jquery.ui.datepicker.js""', 'type=""text/javascript""']",0,0,0,0,0,0,0,0,0,0,0,0,0,0,0,0,0,0,0,0,0,0,0,0,1,0,0,0,0,0,0,0,0,0,0,0,0
2,167,"<html:script xmlns:html=""http://www.w3.org/1999/xhtml"" src=""/orangehrm/symfony/web/webres_598bd8c4489f52.47381308/js/jquery/jquery.form.js"" type=""text/javascript"" />",165,html:script,"['src=""/orangehrm/symfony/web/webres_598bd8c4489f52.47381308/js/jquery/jquery.form.js""', 'type=""text/javascript""']",0,0,0,0,0,0,0,0,0,0,0,0,0,0,0,0,0,0,0,0,0,0,0,0,1,0,0,0,0,0,0,0,0,0,0,0,0
2,178,"<html:script xmlns:html=""http://www.w3.org/1999/xhtml"" src=""/orangehrm/symfony/web/webres_598bd8c4489f52.47381308/js/jquery/jquery.tipTip.minified.js"" type=""text/javascript"" />",176,html:script,"['src=""/orangehrm/symfony/web/webres_598bd8c4489f52.47381308/js/jquery/jquery.tipTip.minified.js""', 'type=""text/javascript""']",0,0,0,0,0,0,0,0,0,0,0,0,0,0,0,0,0,0,0,0,0,0,0,0,1,0,0,0,0,0,0,0,0,0,0,0,0
2,171,"<html:script xmlns:html=""http://www.w3.org/1999/xhtml"" src=""/orangehrm/symfony/web/webres_598bd8c4489f52.47381308/js/jquery/bootstrap-modal.js"" type=""text/javascript"" />",169,html:script,"['src=""/orangehrm/symfony/web/webres_598bd8c4489f52.47381308/js/jquery/bootstrap-modal.js""', 'type=""text/javascript""']",0,0,0,0,0,0,0,0,0,0,0,0,0,0,0,0,0,0,0,0,0,0,0,0,1,0,0,0,0,0,0,0,0,0,0,0,0
2,175,"<html:script xmlns:html=""http://www.w3.org/1999/xhtml"" src=""/orangehrm/symfony/web/webres_598bd8c4489f52.47381308/js/jquery/jquery.clickoutside.js"" type=""text/javascript"" />",173,html:script,"['src=""/orangehrm/symfony/web/webres_598bd8c4489f52.47381308/js/jquery/jquery.clickoutside.js""', 'type=""text/javascript""']",0,0,0,0,0,0,0,0,0,0,0,0,0,0,0,0,0,0,0,0,0,0,0,0,1,0,0,0,0,0,0,0,0,0,0,0,0
2,167,"<html:script xmlns:html=""http://www.w3.org/1999/xhtml"" src=""/orangehrm/symfony/web/webres_598bd8c4489f52.47381308/js/orangehrm.validate.js"" type=""text/javascript"" />",165,html:script,"['src=""/orangehrm/symfony/web/webres_598bd8c4489f52.47381308/js/orangehrm.validate.js""', 'type=""text/javascript""']",0,0,0,0,0,0,0,0,0,0,0,0,0,0,0,0,0,0,0,0,0,0,0,0,1,0,0,0,0,0,0,0,0,0,0,0,0
2,205,"<html:script xmlns:html=""http://www.w3.org/1999/xhtml"" src=""/orangehrm/symfony/web/webres_598bd8c4489f52.47381308/js/archive.js"" type=""text/javascript"" />",154,html:script,"['src=""/orangehrm/symfony/web/webres_598bd8c4489f52.47381308/js/archive.js""', 'type=""text/javascript""']",0,0,0,0,0,0,0,0,0,0,0,0,0,0,0,0,0,0,0,0,0,0,0,0,1,0,0,0,0,0,0,0,0,0,0,0,0
2,209,"<html:link xmlns:html=""http://www.w3.org/1999/xhtml"" href=""/orangehrm/symfony/web/webres_598bd8c4489f52.47381308/orangehrmBeaconPlugin/css/_beaconAbout.css"" media=""screen"" rel=""stylesheet"" type=""text/css"" />",207,html:link,"['href=""/orangehrm/symfony/web/webres_598bd8c4489f52.47381308/orangehrmBeaconPlugin/css/_beaconAbout.css""', 'media=""screen""', 'rel=""stylesheet""', 'type=""text/css""']",0,0,0,0,0,0,0,0,0,1,0,0,0,0,0,0,0,0,0,0,0,0,0,0,0,0,0,0,0,0,0,0,0,0,0,0,0
1,41738,"<html:body xmlns:html=""http://www.w3.org/1999/xhtml"">",53,html:body,[],0,1,0,0,4,36,1,1,1,1,73,0,0,0,0,1,1,3,0,4,4,0,1,4,6,0,0,1,0,23,0,0,2,3,0,73,8
2,37631,"<html:div xmlns:html=""http://www.w3.org/1999/xhtml"" id=""wrapper"">",65,html:div,"['id=""wrapper""']",0,1,0,0,4,31,1,1,0,1,72,0,0,0,0,0,1,3,0,4,4,0,1,4,5,0,0,1,0,23,0,0,2,3,0,73,8
3,4057,"<html:div xmlns:html=""http://www.w3.org/1999/xhtml"" id=""branding"">",66,html:div,"['id=""branding""']",0,0,0,0,1,6,1,0,0,0,6,0,0,0,0,0,0,0,0,0,4,0,0,0,1,0,0,1,0,2,0,0,0,0,0,7,0
4,271,"<html:a xmlns:html=""http://www.w3.org/1999/xhtml"" href=""http://www.orangehrm.com/"" target=""_blank"">",99,html:a,"['href=""http://www.orangehrm.com/""', 'target=""_blank""']",0,0,0,0,1,0,0,0,0,0,1,0,0,0,0,0,0,0,0,0,0,0,0,0,0,0,0,0,0,0,0,0,0,0,0,0,0
5,185,"<html:img xmlns:html=""http://www.w3.org/1999/xhtml"" alt=""OrangeHRM"" height=""56"" src=""/orangehrm/symfony/web/webres_598bd8c4489f52.47381308/themes/default/images/logo.png"" width=""283"" />",185,html:img,"['alt=""OrangeHRM""', 'height=""56""', 'src=""/orangehrm/symfony/web/webres_598bd8c4489f52.47381308/themes/default/images/logo.png""', 'width=""283""']",0,0,0,0,1,0,0,0,0,0,0,0,0,0,0,0,0,0,0,0,0,0,0,0,0,0,0,0,0,0,0,0,0,0,0,0,0
4,117,"<html:a xmlns:html=""http://www.w3.org/1999/xhtml"" class=""panelTrigger"" href=""#"" id=""welcome"">",93,html:a,"['class=""panelTrigger""', 'href=""#""', 'id=""welcome""']",0,0,0,0,0,0,0,0,0,0,1,0,0,0,0,0,0,0,0,0,0,0,0,0,0,0,0,0,0,0,0,0,0,0,0,0,0
4,3619,"<html:div xmlns:html=""http://www.w3.org/1999/xhtml"" class=""panelContainer"" id=""welcome-menu"">",93,html:div,"['class=""panelContainer""', 'id=""welcome-menu""']",0,0,0,0,0,5,1,0,0,0,4,0,0,0,0,0,0,0,0,0,4,0,0,0,1,0,0,1,0,2,0,0,0,0,0,7,0
5,3497,"<html:ul xmlns:html=""http://www.w3.org/1999/xhtml"">",51,html:ul,[],0,0,0,0,0,4,1,0,0,0,4,0,0,0,0,0,0,0,0,0,4,0,0,0,1,0,0,1,0,2,0,0,0,0,0,7,0
6,3168,"<html:li xmlns:html=""http://www.w3.org/1999/xhtml"">",51,html:li,[],0,0,0,0,0,4,1,0,0,0,2,0,0,0,0,0,0,0,0,0,4,0,0,0,1,0,0,1,0,1,0,0,0,0,0,5,0
7,120,"<html:a xmlns:html=""http://www.w3.org/1999/xhtml"" data-dismiss=""modal"" href=""#"" id=""aboutDisplayLink"">",102,html:a,"['href=""#""', 'id=""aboutDisplayLink""']",0,0,0,0,0,0,0,0,0,0,1,0,0,0,0,0,0,0,0,0,0,0,0,0,0,0,0,0,0,0,0,0,0,0,0,0,0
7,3059,"<html:div xmlns:html=""http://www.w3.org/1999/xhtml"" class=""modal hide"" id=""displayAbout"">",89,html:div,"['class=""modal hide""', 'id=""displayAbout""']",0,0,0,0,0,4,1,0,0,0,1,0,0,0,0,0,0,0,0,0,4,0,0,0,1,0,0,1,0,1,0,0,0,0,0,4,0
8,206,"<html:div xmlns:html=""http://www.w3.org/1999/xhtml"" class=""modal-header"">",73,html:div,"['class=""modal-header""']",0,0,0,0,0,1,0,0,0,0,1,0,0,0,0,0,0,0,0,0,0,0,0,0,0,0,0,1,0,0,0,0,0,0,0,0,0
9,102,"<html:a xmlns:html=""http://www.w3.org/1999/xhtml"" class=""close"" data-dismiss=""modal"">",85,html:a,"['class=""close""']",0,0,0,0,0,0,0,0,0,0,1,0,0,0,0,0,0,0,0,0,0,0,0,0,0,0,0,0,0,0,0,0,0,0,0,0,0
9,68,"<html:h3 xmlns:html=""http://www.w3.org/1999/xhtml"">",51,html:h3,[],0,0,0,0,0,0,0,0,0,0,0,0,0,0,0,0,0,0,0,0,0,0,0,0,0,0,0,1,0,0,0,0,0,0,0,0,0
8,1033,"<html:form xmlns:html=""http://www.w3.org/1999/xhtml"" action=""/orangehrm/symfony/web/index.php/communication/beaconAboutAjax"" enctype=""multipart/form-data"" id=""frmSelectEmployees"" method=""post"" name=""frmSelectEmployees"">",219,html:form,"['action=""/orangehrm/symfony/web/index.php/communication/beaconAboutAjax""', 'enctype=""multipart/form-data""', 'id=""frmSelectEmployees""', 'method=""post""', 'name=""frmSelectEmployees""']",0,0,0,0,0,2,1,0,0,0,0,0,0,0,0,0,0,0,0,0,4,0,0,0,0,0,0,0,0,1,0,0,0,0,0,4,0
9,824,"<html:div xmlns:html=""http://www.w3.org/1999/xhtml"" class=""modal-body"">",71,html:div,"['class=""modal-body""']",0,0,0,0,0,2,0,0,0,0,0,0,0,0,0,0,0,0,0,0,4,0,0,0,0,0,0,0,0,1,0,0,0,0,0,4,0
10,762,"<html:div xmlns:html=""http://www.w3.org/1999/xhtml"" id=""companyInfo"">",69,html:div,"['id=""companyInfo""']",0,0,0,0,0,1,0,0,0,0,0,0,0,0,0,0,0,0,0,0,4,0,0,0,0,0,0,0,0,1,0,0,0,0,0,4,0
11,640,"<html:ul xmlns:html=""http://www.w3.org/1999/xhtml"">",51,html:ul,[],0,0,0,0,0,0,0,0,0,0,0,0,0,0,0,0,0,0,0,0,4,0,0,0,0,0,0,0,0,1,0,0,0,0,0,4,0
12,150,"<html:li xmlns:html=""http://www.w3.org/1999/xhtml"">",51,html:li,[],0,0,0,0,0,0,0,0,0,0,0,0,0,0,0,0,0,0,0,0,1,0,0,0,0,0,0,0,0,0,0,0,0,0,0,1,0
13,75,"<html:p xmlns:html=""http://www.w3.org/1999/xhtml"">",50,html:p,[],0,0,0,0,0,0,0,0,0,0,0,0,0,0,0,0,0,0,0,0,1,0,0,0,0,0,0,0,0,0,0,0,0,0,0,0,0
12,161,"<html:li xmlns:html=""http://www.w3.org/1999/xhtml"">",51,html:li,[],0,0,0,0,0,0,0,0,0,0,0,0,0,0,0,0,0,0,0,0,1,0,0,0,0,0,0,0,0,0,0,0,0,0,0,1,0
13,86,"<html:p xmlns:html=""http://www.w3.org/1999/xhtml"">",50,html:p,[],0,0,0,0,0,0,0,0,0,0,0,0,0,0,0,0,0,0,0,0,1,0,0,0,0,0,0,0,0,0,0,0,0,0,0,0,0
12,157,"<html:li xmlns:html=""http://www.w3.org/1999/xhtml"">",51,html:li,[],0,0,0,0,0,0,0,0,0,0,0,0,0,0,0,0,0,0,0,0,1,0,0,0,0,0,0,0,0,0,0,0,0,0,0,1,0
13,82,"<html:p xmlns:html=""http://www.w3.org/1999/xhtml"">",50,html:p,[],0,0,0,0,0,0,0,0,0,0,0,0,0,0,0,0,0,0,0,0,1,0,0,0,0,0,0,0,0,0,0,0,0,0,0,0,0
12,159,"<html:li xmlns:html=""http://www.w3.org/1999/xhtml"">",51,html:li,[],0,0,0,0,0,0,0,0,0,0,0,0,0,0,0,0,0,0,0,0,1,0,0,0,0,0,0,0,0,0,0,0,0,0,0,1,0
13,84,"<html:p xmlns:html=""http://www.w3.org/1999/xhtml"">",50,html:p,[],0,0,0,0,0,0,0,0,0,0,0,0,0,0,0,0,0,0,0,0,1,0,0,0,0,0,0,0,0,0,0,0,0,0,0,0,0
8,1828,"<html:script xmlns:html=""http://www.w3.org/1999/xhtml"" type=""text/javascript"">",78,html:script,"['type=""text/javascript""']",0,0,0,0,0,0,0,0,0,0,0,0,0,0,0,0,0,0,0,0,0,0,0,0,1,0,0,0,0,0,0,0,0,0,0,0,0
6,160,"<html:li xmlns:html=""http://www.w3.org/1999/xhtml"">",51,html:li,[],0,0,0,0,0,0,0,0,0,0,1,0,0,0,0,0,0,0,0,0,0,0,0,0,0,0,0,0,0,0,0,0,0,0,0,1,0
7,139,"<html:a xmlns:html=""http://www.w3.org/1999/xhtml"" href=""/orangehrm/symfony/web/index.php/admin/changeUserPassword"">",115,html:a,"['href=""/orangehrm/symfony/web/index.php/admin/changeUserPassword""']",0,0,0,0,0,0,0,0,0,0,1,0,0,0,0,0,0,0,0,0,0,0,0,0,0,0,0,0,0,0,0,0,0,0,0,0,0
6,138,"<html:li xmlns:html=""http://www.w3.org/1999/xhtml"">",51,html:li,[],0,0,0,0,0,0,0,0,0,0,1,0,0,0,0,0,0,0,0,0,0,0,0,0,0,0,0,0,0,0,0,0,0,0,0,1,0
7,117,"<html:a xmlns:html=""http://www.w3.org/1999/xhtml"" href=""/orangehrm/symfony/web/index.php/auth/logout"">",102,html:a,"['href=""/orangehrm/symfony/web/index.php/auth/logout""']",0,0,0,0,0,0,0,0,0,0,1,0,0,0,0,0,0,0,0,0,0,0,0,0,0,0,0,0,0,0,0,0,0,0,0,0,0
3,23048,"<html:div xmlns:html=""http://www.w3.org/1999/xhtml"" class=""menu"">",65,html:div,"['class=""menu""']",0,0,0,0,0,1,0,0,0,0,63,0,0,0,0,0,0,0,0,0,0,0,0,0,0,0,0,0,0,21,0,0,0,0,0,66,8
4,22999,"<html:ul xmlns:html=""http://www.w3.org/1999/xhtml"">",51,html:ul,[],0,0,0,0,0,0,0,0,0,0,63,0,0,0,0,0,0,0,0,0,0,0,0,0,0,0,0,0,0,21,0,0,0,0,0,66,8
5,9197,"<html:li xmlns:html=""http://www.w3.org/1999/xhtml"">",51,html:li,[],0,0,0,0,0,0,0,0,0,0,27,0,0,0,0,0,0,0,0,0,0,0,0,0,0,0,0,0,0,6,0,0,0,0,0,27,1
6,214,"<html:a xmlns:html=""http://www.w3.org/1999/xhtml"" class=""firstLevelMenu"" href=""/orangehrm/symfony/web/index.php/admin/viewAdminModule"" id=""menu_admin_viewAdminModule"">",167,html:a,"['class=""firstLevelMenu""', 'href=""/orangehrm/symfony/web/index.php/admin/viewAdminModule""', 'id=""menu_admin_viewAdminModule""']",0,0,0,0,0,0,0,0,0,0,1,0,0,0,0,0,0,0,0,0,0,0,0,0,0,0,0,0,0,0,0,0,0,0,0,0,1
7,64,"<html:b xmlns:html=""http://www.w3.org/1999/xhtml"">",50,html:b,[],0,0,0,0,0,0,0,0,0,0,0,0,0,0,0,0,0,0,0,0,0,0,0,0,0,0,0,0,0,0,0,0,0,0,0,0,1
6,8944,"<html:ul xmlns:html=""http://www.w3.org/1999/xhtml"">",51,html:ul,[],0,0,0,0,0,0,0,0,0,0,26,0,0,0,0,0,0,0,0,0,0,0,0,0,0,0,0,0,0,6,0,0,0,0,0,26,0
7,855,"<html:li xmlns:html=""http://www.w3.org/1999/xhtml"">",51,html:li,[],0,0,0,0,0,0,0,0,0,0,2,0,0,0,0,0,0,0,0,0,0,0,0,0,0,0,0,0,0,1,0,0,0,0,0,2,0
8,206,"<html:a xmlns:html=""http://www.w3.org/1999/xhtml"" class=""arrow"" href=""#"" id=""menu_admin_UserManagement"">",104,html:a,"['class=""arrow""', 'href=""#""', 'id=""menu_admin_UserManagement""']",0,0,0,0,0,0,0,0,0,0,1,0,0,0,0,0,0,0,0,0,0,0,0,0,0,0,0,0,0,0,0,0,0,0,0,0,0
8,551,"<html:ul xmlns:html=""http://www.w3.org/1999/xhtml"">",51,html:ul,[],0,0,0,0,0,0,0,0,0,0,1,0,0,0,0,0,0,0,0,0,0,0,0,0,0,0,0,0,0,1,0,0,0,0,0,1,0
9,279,"<html:li xmlns:html=""http://www.w3.org/1999/xhtml"">",51,html:li,[],0,0,0,0,0,0,0,0,0,0,1,0,0,0,0,0,0,0,0,0,0,0,0,0,0,0,0,0,0,0,0,0,0,0,0,1,0
10,158,"<html:a xmlns:html=""http://www.w3.org/1999/xhtml"" href=""/orangehrm/symfony/web/index.php/admin/viewSystemUsers"" id=""menu_admin_viewSystemUsers"">",144,html:a,"['href=""/orangehrm/symfony/web/index.php/admin/viewSystemUsers""', 'id=""menu_admin_viewSystemUsers""']",0,0,0,0,0,0,0,0,0,0,1,0,0,0,0,0,0,0,0,0,0,0,0,0,0,0,0,0,0,0,0,0,0,0,0,0,0
7,1941,"<html:li xmlns:html=""http://www.w3.org/1999/xhtml"">",51,html:li,[],0,0,0,0,0,0,0,0,0,0,6,0,0,0,0,0,0,0,0,0,0,0,0,0,0,0,0,0,0,1,0,0,0,0,0,6,0
8,183,"<html:a xmlns:html=""http://www.w3.org/1999/xhtml"" class=""arrow"" href=""#"" id=""menu_admin_Job"">",93,html:a,"['class=""arrow""', 'href=""#""', 'id=""menu_admin_Job""']",0,0,0,0,0,0,0,0,0,0,1,0,0,0,0,0,0,0,0,0,0,0,0,0,0,0,0,0,0,0,0,0,0,0,0,0,0
8,1660,"<html:ul xmlns:html=""http://www.w3.org/1999/xhtml"">",51,html:ul,[],0,0,0,0,0,0,0,0,0,0,5,0,0,0,0,0,0,0,0,0,0,0,0,0,0,0,0,0,0,1,0,0,0,0,0,5,0
9,286,"<html:li xmlns:html=""http://www.w3.org/1999/xhtml"">",51,html:li,[],0,0,0,0,0,0,0,0,0,0,1,0,0,0,0,0,0,0,0,0,0,0,0,0,0,0,0,0,0,0,0,0,0,0,0,1,0
10,165,"<html:a xmlns:html=""http://www.w3.org/1999/xhtml"" href=""/orangehrm/symfony/web/index.php/admin/viewJobTitleList"" id=""menu_admin_viewJobTitleList"">",146,html:a,"['href=""/orangehrm/symfony/web/index.php/admin/viewJobTitleList""', 'id=""menu_admin_viewJobTitleList""']",0,0,0,0,0,0,0,0,0,0,1,0,0,0,0,0,0,0,0,0,0,0,0,0,0,0,0,0,0,0,0,0,0,0,0,0,0
9,280,"<html:li xmlns:html=""http://www.w3.org/1999/xhtml"">",51,html:li,[],0,0,0,0,0,0,0,0,0,0,1,0,0,0,0,0,0,0,0,0,0,0,0,0,0,0,0,0,0,0,0,0,0,0,0,1,0
10,159,"<html:a xmlns:html=""http://www.w3.org/1999/xhtml"" href=""/orangehrm/symfony/web/index.php/admin/viewPayGrades"" id=""menu_admin_viewPayGrades"">",140,html:a,"['href=""/orangehrm/symfony/web/index.php/admin/viewPayGrades""', 'id=""menu_admin_viewPayGrades""']",0,0,0,0,0,0,0,0,0,0,1,0,0,0,0,0,0,0,0,0,0,0,0,0,0,0,0,0,0,0,0,0,0,0,0,0,0
9,293,"<html:li xmlns:html=""http://www.w3.org/1999/xhtml"">",51,html:li,[],0,0,0,0,0,0,0,0,0,0,1,0,0,0,0,0,0,0,0,0,0,0,0,0,0,0,0,0,0,0,0,0,0,0,0,1,0
10,172,"<html:a xmlns:html=""http://www.w3.org/1999/xhtml"" href=""/orangehrm/symfony/web/index.php/admin/employmentStatus"" id=""menu_admin_employmentStatus"">",146,html:a,"['href=""/orangehrm/symfony/web/index.php/admin/employmentStatus""', 'id=""menu_admin_employmentStatus""']",0,0,0,0,0,0,0,0,0,0,1,0,0,0,0,0,0,0,0,0,0,0,0,0,0,0,0,0,0,0,0,0,0,0,0,0,0
9,280,"<html:li xmlns:html=""http://www.w3.org/1999/xhtml"">",51,html:li,[],0,0,0,0,0,0,0,0,0,0,1,0,0,0,0,0,0,0,0,0,0,0,0,0,0,0,0,0,0,0,0,0,0,0,0,1,0
10,159,"<html:a xmlns:html=""http://www.w3.org/1999/xhtml"" href=""/orangehrm/symfony/web/index.php/admin/jobCategory"" id=""menu_admin_jobCategory"">",136,html:a,"['href=""/orangehrm/symfony/web/index.php/admin/jobCategory""', 'id=""menu_admin_jobCategory""']",0,0,0,0,0,0,0,0,0,0,1,0,0,0,0,0,0,0,0,0,0,0,0,0,0,0,0,0,0,0,0,0,0,0,0,0,0
9,273,"<html:li xmlns:html=""http://www.w3.org/1999/xhtml"">",51,html:li,[],0,0,0,0,0,0,0,0,0,0,1,0,0,0,0,0,0,0,0,0,0,0,0,0,0,0,0,0,0,0,0,0,0,0,0,1,0
10,152,"<html:a xmlns:html=""http://www.w3.org/1999/xhtml"" href=""/orangehrm/symfony/web/index.php/admin/workShift"" id=""menu_admin_workShift"">",132,html:a,"['href=""/orangehrm/symfony/web/index.php/admin/workShift""', 'id=""menu_admin_workShift""']",0,0,0,0,0,0,0,0,0,0,1,0,0,0,0,0,0,0,0,0,0,0,0,0,0,0,0,0,0,0,0,0,0,0,0,0,0
7,1462,"<html:li xmlns:html=""http://www.w3.org/1999/xhtml"">",51,html:li,[],0,0,0,0,0,0,0,0,0,0,4,0,0,0,0,0,0,0,0,0,0,0,0,0,0,0,0,0,0,1,0,0,0,0,0,4,0
8,201,"<html:a xmlns:html=""http://www.w3.org/1999/xhtml"" class=""arrow"" href=""#"" id=""menu_admin_Organization"">",102,html:a,"['class=""arrow""', 'href=""#""', 'id=""menu_admin_Organization""']",0,0,0,0,0,0,0,0,0,0,1,0,0,0,0,0,0,0,0,0,0,0,0,0,0,0,0,0,0,0,0,0,0,0,0,0,0
8,1163,"<html:ul xmlns:html=""http://www.w3.org/1999/xhtml"">",51,html:ul,[],0,0,0,0,0,0,0,0,0,0,3,0,0,0,0,0,0,0,0,0,0,0,0,0,0,0,0,0,0,1,0,0,0,0,0,3,0
9,331,"<html:li xmlns:html=""http://www.w3.org/1999/xhtml"">",51,html:li,[],0,0,0,0,0,0,0,0,0,0,1,0,0,0,0,0,0,0,0,0,0,0,0,0,0,0,0,0,0,0,0,0,0,0,0,1,0
10,210,"<html:a xmlns:html=""http://www.w3.org/1999/xhtml"" href=""/orangehrm/symfony/web/index.php/admin/viewOrganizationGeneralInformation"" id=""menu_admin_viewOrganizationGeneralInformation"">",182,html:a,"['href=""/orangehrm/symfony/web/index.php/admin/viewOrganizationGeneralInformation""', 'id=""menu_admin_viewOrganizationGeneralInformation""']",0,0,0,0,0,0,0,0,0,0,1,0,0,0,0,0,0,0,0,0,0,0,0,0,0,0,0,0,0,0,0,0,0,0,0,0,0
9,279,"<html:li xmlns:html=""http://www.w3.org/1999/xhtml"">",51,html:li,[],0,0,0,0,0,0,0,0,0,0,1,0,0,0,0,0,0,0,0,0,0,0,0,0,0,0,0,0,0,0,0,0,0,0,0,1,0
10,158,"<html:a xmlns:html=""http://www.w3.org/1999/xhtml"" href=""/orangehrm/symfony/web/index.php/admin/viewLocations"" id=""menu_admin_viewLocations"">",140,html:a,"['href=""/orangehrm/symfony/web/index.php/admin/viewLocations""', 'id=""menu_admin_viewLocations""']",0,0,0,0,0,0,0,0,0,0,1,0,0,0,0,0,0,0,0,0,0,0,0,0,0,0,0,0,0,0,0,0,0,0,0,0,0
9,293,"<html:li xmlns:html=""http://www.w3.org/1999/xhtml"">",51,html:li,[],0,0,0,0,0,0,0,0,0,0,1,0,0,0,0,0,0,0,0,0,0,0,0,0,0,0,0,0,0,0,0,0,0,0,0,1,0
10,172,"<html:a xmlns:html=""http://www.w3.org/1999/xhtml"" href=""/orangehrm/symfony/web/index.php/admin/viewCompanyStructure"" id=""menu_admin_viewCompanyStructure"">",154,html:a,"['href=""/orangehrm/symfony/web/index.php/admin/viewCompanyStructure""', 'id=""menu_admin_viewCompanyStructure""']",0,0,0,0,0,0,0,0,0,0,1,0,0,0,0,0,0,0,0,0,0,0,0,0,0,0,0,0,0,0,0,0,0,0,0,0,0
7,1930,"<html:li xmlns:html=""http://www.w3.org/1999/xhtml"">",51,html:li,[],0,0,0,0,0,0,0,0,0,0,6,0,0,0,0,0,0,0,0,0,0,0,0,0,0,0,0,0,0,1,0,0,0,0,0,6,0
8,205,"<html:a xmlns:html=""http://www.w3.org/1999/xhtml"" class=""arrow"" href=""#"" id=""menu_admin_Qualifications"">",104,html:a,"['class=""arrow""', 'href=""#""', 'id=""menu_admin_Qualifications""']",0,0,0,0,0,0,0,0,0,0,1,0,0,0,0,0,0,0,0,0,0,0,0,0,0,0,0,0,0,0,0,0,0,0,0,0,0
8,1627,"<html:ul xmlns:html=""http://www.w3.org/1999/xhtml"">",51,html:ul,[],0,0,0,0,0,0,0,0,0,0,5,0,0,0,0,0,0,0,0,0,0,0,0,0,0,0,0,0,0,1,0,0,0,0,0,5,0
9,270,"<html:li xmlns:html=""http://www.w3.org/1999/xhtml"">",51,html:li,[],0,0,0,0,0,0,0,0,0,0,1,0,0,0,0,0,0,0,0,0,0,0,0,0,0,0,0,0,0,0,0,0,0,0,0,1,0
10,149,"<html:a xmlns:html=""http://www.w3.org/1999/xhtml"" href=""/orangehrm/symfony/web/index.php/admin/viewSkills"" id=""menu_admin_viewSkills"">",134,html:a,"['href=""/orangehrm/symfony/web/index.php/admin/viewSkills""', 'id=""menu_admin_viewSkills""']",0,0,0,0,0,0,0,0,0,0,1,0,0,0,0,0,0,0,0,0,0,0,0,0,0,0,0,0,0,0,0,0,0,0,0,0,0
9,279,"<html:li xmlns:html=""http://www.w3.org/1999/xhtml"">",51,html:li,[],0,0,0,0,0,0,0,0,0,0,1,0,0,0,0,0,0,0,0,0,0,0,0,0,0,0,0,0,0,0,0,0,0,0,0,1,0
10,158,"<html:a xmlns:html=""http://www.w3.org/1999/xhtml"" href=""/orangehrm/symfony/web/index.php/admin/viewEducation"" id=""menu_admin_viewEducation"">",140,html:a,"['href=""/orangehrm/symfony/web/index.php/admin/viewEducation""', 'id=""menu_admin_viewEducation""']",0,0,0,0,0,0,0,0,0,0,1,0,0,0,0,0,0,0,0,0,0,0,0,0,0,0,0,0,0,0,0,0,0,0,0,0,0
9,276,"<html:li xmlns:html=""http://www.w3.org/1999/xhtml"">",51,html:li,[],0,0,0,0,0,0,0,0,0,0,1,0,0,0,0,0,0,0,0,0,0,0,0,0,0,0,0,0,0,0,0,0,0,0,0,1,0
10,155,"<html:a xmlns:html=""http://www.w3.org/1999/xhtml"" href=""/orangehrm/symfony/web/index.php/admin/viewLicenses"" id=""menu_admin_viewLicenses"">",138,html:a,"['href=""/orangehrm/symfony/web/index.php/admin/viewLicenses""', 'id=""menu_admin_viewLicenses""']",0,0,0,0,0,0,0,0,0,0,1,0,0,0,0,0,0,0,0,0,0,0,0,0,0,0,0,0,0,0,0,0,0,0,0,0,0
9,279,"<html:li xmlns:html=""http://www.w3.org/1999/xhtml"">",51,html:li,[],0,0,0,0,0,0,0,0,0,0,1,0,0,0,0,0,0,0,0,0,0,0,0,0,0,0,0,0,0,0,0,0,0,0,0,1,0
10,158,"<html:a xmlns:html=""http://www.w3.org/1999/xhtml"" href=""/orangehrm/symfony/web/index.php/admin/viewLanguages"" id=""menu_admin_viewLanguages"">",140,html:a,"['href=""/orangehrm/symfony/web/index.php/admin/viewLanguages""', 'id=""menu_admin_viewLanguages""']",0,0,0,0,0,0,0,0,0,0,1,0,0,0,0,0,0,0,0,0,0,0,0,0,0,0,0,0,0,0,0,0,0,0,0,0,0
9,275,"<html:li xmlns:html=""http://www.w3.org/1999/xhtml"">",51,html:li,[],0,0,0,0,0,0,0,0,0,0,1,0,0,0,0,0,0,0,0,0,0,0,0,0,0,0,0,0,0,0,0,0,0,0,0,1,0
10,154,"<html:a xmlns:html=""http://www.w3.org/1999/xhtml"" href=""/orangehrm/symfony/web/index.php/admin/membership"" id=""menu_admin_membership"">",134,html:a,"['href=""/orangehrm/symfony/web/index.php/admin/membership""', 'id=""menu_admin_membership""']",0,0,0,0,0,0,0,0,0,0,1,0,0,0,0,0,0,0,0,0,0,0,0,0,0,0,0,0,0,0,0,0,0,0,0,0,0
7,352,"<html:li xmlns:html=""http://www.w3.org/1999/xhtml"">",51,html:li,[],0,0,0,0,0,0,0,0,0,0,1,0,0,0,0,0,0,0,0,0,0,0,0,0,0,0,0,0,0,0,0,0,0,0,0,1,0
8,240,"<html:a xmlns:html=""http://www.w3.org/1999/xhtml"" href=""/orangehrm/symfony/web/index.php/admin/nationality"" id=""menu_admin_nationality"">",136,html:a,"['href=""/orangehrm/symfony/web/index.php/admin/nationality""', 'id=""menu_admin_nationality""']",0,0,0,0,0,0,0,0,0,0,1,0,0,0,0,0,0,0,0,0,0,0,0,0,0,0,0,0,0,0,0,0,0,0,0,0,0
7,2316,"<html:li xmlns:html=""http://www.w3.org/1999/xhtml"">",51,html:li,[],0,0,0,0,0,0,0,0,0,0,7,0,0,0,0,0,0,0,0,0,0,0,0,0,0,0,0,0,0,1,0,0,0,0,0,7,0
8,203,"<html:a xmlns:html=""http://www.w3.org/1999/xhtml"" class=""arrow"" href=""#"" id=""menu_admin_Configuration"">",103,html:a,"['class=""arrow""', 'href=""#""', 'id=""menu_admin_Configuration""']",0,0,0,0,0,0,0,0,0,0,1,0,0,0,0,0,0,0,0,0,0,0,0,0,0,0,0,0,0,0,0,0,0,0,0,0,0
8,2007,"<html:ul xmlns:html=""http://www.w3.org/1999/xhtml"">",51,html:ul,[],0,0,0,0,0,0,0,0,0,0,6,0,0,0,0,0,0,0,0,0,0,0,0,0,0,0,0,0,0,1,0,0,0,0,0,6,0
9,305,"<html:li xmlns:html=""http://www.w3.org/1999/xhtml"">",51,html:li,[],0,0,0,0,0,0,0,0,0,0,1,0,0,0,0,0,0,0,0,0,0,0,0,0,0,0,0,0,0,0,0,0,0,0,0,1,0
10,184,"<html:a xmlns:html=""http://www.w3.org/1999/xhtml"" href=""/orangehrm/symfony/web/index.php/admin/listMailConfiguration"" id=""menu_admin_listMailConfiguration"">",156,html:a,"['href=""/orangehrm/symfony/web/index.php/admin/listMailConfiguration""', 'id=""menu_admin_listMailConfiguration""']",0,0,0,0,0,0,0,0,0,0,1,0,0,0,0,0,0,0,0,0,0,0,0,0,0,0,0,0,0,0,0,0,0,0,0,0,0
9,305,"<html:li xmlns:html=""http://www.w3.org/1999/xhtml"">",51,html:li,[],0,0,0,0,0,0,0,0,0,0,1,0,0,0,0,0,0,0,0,0,0,0,0,0,0,0,0,0,0,0,0,0,0,0,0,1,0
10,184,"<html:a xmlns:html=""http://www.w3.org/1999/xhtml"" href=""/orangehrm/symfony/web/index.php/admin/viewEmailNotification"" id=""menu_admin_viewEmailNotification"">",156,html:a,"['href=""/orangehrm/symfony/web/index.php/admin/viewEmailNotification""', 'id=""menu_admin_viewEmailNotification""']",0,0,0,0,0,0,0,0,0,0,1,0,0,0,0,0,0,0,0,0,0,0,0,0,0,0,0,0,0,0,0,0,0,0,0,0,0
9,280,"<html:li xmlns:html=""http://www.w3.org/1999/xhtml"">",51,html:li,[],0,0,0,0,0,0,0,0,0,0,1,0,0,0,0,0,0,0,0,0,0,0,0,0,0,0,0,0,0,0,0,0,0,0,0,1,0
10,159,"<html:a xmlns:html=""http://www.w3.org/1999/xhtml"" href=""/orangehrm/symfony/web/index.php/admin/localization"" id=""menu_admin_localization"">",138,html:a,"['href=""/orangehrm/symfony/web/index.php/admin/localization""', 'id=""menu_admin_localization""']",0,0,0,0,0,0,0,0,0,0,1,0,0,0,0,0,0,0,0,0,0,0,0,0,0,0,0,0,0,0,0,0,0,0,0,0,0
9,273,"<html:li xmlns:html=""http://www.w3.org/1999/xhtml"">",51,html:li,[],0,0,0,0,0,0,0,0,0,0,1,0,0,0,0,0,0,0,0,0,0,0,0,0,0,0,0,0,0,0,0,0,0,0,0,1,0
10,152,"<html:a xmlns:html=""http://www.w3.org/1999/xhtml"" href=""/orangehrm/symfony/web/index.php/admin/viewModules"" id=""menu_admin_viewModules"">",136,html:a,"['href=""/orangehrm/symfony/web/index.php/admin/viewModules""', 'id=""menu_admin_viewModules""']",0,0,0,0,0,0,0,0,0,0,1,0,0,0,0,0,0,0,0,0,0,0,0,0,0,0,0,0,0,0,0,0,0,0,0,0,0
9,299,"<html:li xmlns:html=""http://www.w3.org/1999/xhtml"">",51,html:li,[],0,0,0,0,0,0,0,0,0,0,1,0,0,0,0,0,0,0,0,0,0,0,0,0,0,0,0,0,0,0,0,0,0,0,0,1,0
10,178,"<html:a xmlns:html=""http://www.w3.org/1999/xhtml"" href=""/orangehrm/symfony/web/index.php/admin/openIdProvider"" id=""menu_admin_openIdProvider"">",142,html:a,"['href=""/orangehrm/symfony/web/index.php/admin/openIdProvider""', 'id=""menu_admin_openIdProvider""']",0,0,0,0,0,0,0,0,0,0,1,0,0,0,0,0,0,0,0,0,0,0,0,0,0,0,0,0,0,0,0,0,0,0,0,0,0
9,303,"<html:li xmlns:html=""http://www.w3.org/1999/xhtml"">",51,html:li,[],0,0,0,0,0,0,0,0,0,0,1,0,0,0,0,0,0,0,0,0,0,0,0,0,0,0,0,0,0,0,0,0,0,0,0,1,0
10,182,"<html:a xmlns:html=""http://www.w3.org/1999/xhtml"" href=""/orangehrm/symfony/web/index.php/admin/registerOAuthClient"" id=""menu_admin_registerOAuthClient"">",152,html:a,"['href=""/orangehrm/symfony/web/index.php/admin/registerOAuthClient""', 'id=""menu_admin_registerOAuthClient""']",0,0,0,0,0,0,0,0,0,0,1,0,0,0,0,0,0,0,0,0,0,0,0,0,0,0,0,0,0,0,0,0,0,0,0,0,0
5,3493,"<html:li xmlns:html=""http://www.w3.org/1999/xhtml"">",51,html:li,[],0,0,0,0,0,0,0,0,0,0,10,0,0,0,0,0,0,0,0,0,0,0,0,0,0,0,0,0,0,2,0,0,0,0,0,10,1
6,204,"<html:a xmlns:html=""http://www.w3.org/1999/xhtml"" class=""firstLevelMenu"" href=""/orangehrm/symfony/web/index.php/pim/viewPimModule"" id=""menu_pim_viewPimModule"">",159,html:a,"['class=""firstLevelMenu""', 'href=""/orangehrm/symfony/web/index.php/pim/viewPimModule""', 'id=""menu_pim_viewPimModule""']",0,0,0,0,0,0,0,0,0,0,1,0,0,0,0,0,0,0,0,0,0,0,0,0,0,0,0,0,0,0,0,0,0,0,0,0,1
7,62,"<html:b xmlns:html=""http://www.w3.org/1999/xhtml"">",50,html:b,[],0,0,0,0,0,0,0,0,0,0,0,0,0,0,0,0,0,0,0,0,0,0,0,0,0,0,0,0,0,0,0,0,0,0,0,0,1
6,3250,"<html:ul xmlns:html=""http://www.w3.org/1999/xhtml"">",51,html:ul,[],0,0,0,0,0,0,0,0,0,0,9,0,0,0,0,0,0,0,0,0,0,0,0,0,0,0,0,0,0,2,0,0,0,0,0,9,0
7,1990,"<html:li xmlns:html=""http://www.w3.org/1999/xhtml"">",51,html:li,[],0,0,0,0,0,0,0,0,0,0,6,0,0,0,0,0,0,0,0,0,0,0,0,0,0,0,0,0,0,1,0,0,0,0,0,6,0
8,201,"<html:a xmlns:html=""http://www.w3.org/1999/xhtml"" class=""arrow"" href=""#"" id=""menu_pim_Configuration"">",101,html:a,"['class=""arrow""', 'href=""#""', 'id=""menu_pim_Configuration""']",0,0,0,0,0,0,0,0,0,0,1,0,0,0,0,0,0,0,0,0,0,0,0,0,0,0,0,0,0,0,0,0,0,0,0,0,0
8,1691,"<html:ul xmlns:html=""http://www.w3.org/1999/xhtml"">",51,html:ul,[],0,0,0,0,0,0,0,0,0,0,5,0,0,0,0,0,0,0,0,0,0,0,0,0,0,0,0,0,0,1,0,0,0,0,0,5,0
9,279,"<html:li xmlns:html=""http://www.w3.org/1999/xhtml"">",51,html:li,[],0,0,0,0,0,0,0,0,0,0,1,0,0,0,0,0,0,0,0,0,0,0,0,0,0,0,0,0,0,0,0,0,0,0,0,1,0
10,158,"<html:a xmlns:html=""http://www.w3.org/1999/xhtml"" href=""/orangehrm/symfony/web/index.php/pim/configurePim"" id=""menu_pim_configurePim"">",134,html:a,"['href=""/orangehrm/symfony/web/index.php/pim/configurePim""', 'id=""menu_pim_configurePim""']",0,0,0,0,0,0,0,0,0,0,1,0,0,0,0,0,0,0,0,0,0,0,0,0,0,0,0,0,0,0,0,0,0,0,0,0,0
9,285,"<html:li xmlns:html=""http://www.w3.org/1999/xhtml"">",51,html:li,[],0,0,0,0,0,0,0,0,0,0,1,0,0,0,0,0,0,0,0,0,0,0,0,0,0,0,0,0,0,0,0,0,0,0,0,1,0
10,164,"<html:a xmlns:html=""http://www.w3.org/1999/xhtml"" href=""/orangehrm/symfony/web/index.php/pim/listCustomFields"" id=""menu_pim_listCustomFields"">",142,html:a,"['href=""/orangehrm/symfony/web/index.php/pim/listCustomFields""', 'id=""menu_pim_listCustomFields""']",0,0,0,0,0,0,0,0,0,0,1,0,0,0,0,0,0,0,0,0,0,0,0,0,0,0,0,0,0,0,0,0,0,0,0,0,0
9,279,"<html:li xmlns:html=""http://www.w3.org/1999/xhtml"">",51,html:li,[],0,0,0,0,0,0,0,0,0,0,1,0,0,0,0,0,0,0,0,0,0,0,0,0,0,0,0,0,0,0,0,0,0,0,0,1,0
10,158,"<html:a xmlns:html=""http://www.w3.org/1999/xhtml"" href=""/orangehrm/symfony/web/index.php/admin/pimCsvImport"" id=""menu_admin_pimCsvImport"">",138,html:a,"['href=""/orangehrm/symfony/web/index.php/admin/pimCsvImport""', 'id=""menu_admin_pimCsvImport""']",0,0,0,0,0,0,0,0,0,0,1,0,0,0,0,0,0,0,0,0,0,0,0,0,0,0,0,0,0,0,0,0,0,0,0,0,0
9,297,"<html:li xmlns:html=""http://www.w3.org/1999/xhtml"">",51,html:li,[],0,0,0,0,0,0,0,0,0,0,1,0,0,0,0,0,0,0,0,0,0,0,0,0,0,0,0,0,0,0,0,0,0,0,0,1,0
10,176,"<html:a xmlns:html=""http://www.w3.org/1999/xhtml"" href=""/orangehrm/symfony/web/index.php/pim/viewReportingMethods"" id=""menu_pim_viewReportingMethods"">",150,html:a,"['href=""/orangehrm/symfony/web/index.php/pim/viewReportingMethods""', 'id=""menu_pim_viewReportingMethods""']",0,0,0,0,0,0,0,0,0,0,1,0,0,0,0,0,0,0,0,0,0,0,0,0,0,0,0,0,0,0,0,0,0,0,0,0,0
9,303,"<html:li xmlns:html=""http://www.w3.org/1999/xhtml"">",51,html:li,[],0,0,0,0,0,0,0,0,0,0,1,0,0,0,0,0,0,0,0,0,0,0,0,0,0,0,0,0,0,0,0,0,0,0,0,1,0
10,182,"<html:a xmlns:html=""http://www.w3.org/1999/xhtml"" href=""/orangehrm/symfony/web/index.php/pim/viewTerminationReasons"" id=""menu_pim_viewTerminationReasons"">",154,html:a,"['href=""/orangehrm/symfony/web/index.php/pim/viewTerminationReasons""', 'id=""menu_pim_viewTerminationReasons""']",0,0,0,0,0,0,0,0,0,0,1,0,0,0,0,0,0,0,0,0,0,0,0,0,0,0,0,0,0,0,0,0,0,0,0,0,0
7,366,"<html:li xmlns:html=""http://www.w3.org/1999/xhtml"">",51,html:li,[],0,0,0,0,0,0,0,0,0,0,1,0,0,0,0,0,0,0,0,0,0,0,0,0,0,0,0,0,0,0,0,0,0,0,0,1,0
8,254,"<html:a xmlns:html=""http://www.w3.org/1999/xhtml"" href=""/orangehrm/symfony/web/index.php/pim/viewEmployeeList/reset/1"" id=""menu_pim_viewEmployeeList"">",150,html:a,"['href=""/orangehrm/symfony/web/index.php/pim/viewEmployeeList/reset/1""', 'id=""menu_pim_viewEmployeeList""']",0,0,0,0,0,0,0,0,0,0,1,0,0,0,0,0,0,0,0,0,0,0,0,0,0,0,0,0,0,0,0,0,0,0,0,0,0
7,347,"<html:li xmlns:html=""http://www.w3.org/1999/xhtml"">",51,html:li,[],0,0,0,0,0,0,0,0,0,0,1,0,0,0,0,0,0,0,0,0,0,0,0,0,0,0,0,0,0,0,0,0,0,0,0,1,0
8,235,"<html:a xmlns:html=""http://www.w3.org/1999/xhtml"" href=""/orangehrm/symfony/web/index.php/pim/addEmployee"" id=""menu_pim_addEmployee"">",132,html:a,"['href=""/orangehrm/symfony/web/index.php/pim/addEmployee""', 'id=""menu_pim_addEmployee""']",0,0,0,0,0,0,0,0,0,0,1,0,0,0,0,0,0,0,0,0,0,0,0,0,0,0,0,0,0,0,0,0,0,0,0,0,0
7,423,"<html:li xmlns:html=""http://www.w3.org/1999/xhtml"">",51,html:li,[],0,0,0,0,0,0,0,0,0,0,1,0,0,0,0,0,0,0,0,0,0,0,0,0,0,0,0,0,0,0,0,0,0,0,0,1,0
8,303,"<html:a xmlns:html=""http://www.w3.org/1999/xhtml"" href=""/orangehrm/symfony/web/index.php/core/viewDefinedPredefinedReports/reportGroup/3/reportType/PIM_DEFINED"" id=""menu_core_viewDefinedPredefinedReports"">",205,html:a,"['href=""/orangehrm/symfony/web/index.php/core/viewDefinedPredefinedReports/reportGroup/3/reportType/PIM_DEFINED""', 'id=""menu_core_viewDefinedPredefinedReports""']",0,0,0,0,0,0,0,0,0,0,1,0,0,0,0,0,0,0,0,0,0,0,0,0,0,0,0,0,0,0,0,0,0,0,0,0,0
5,464,"<html:li xmlns:html=""http://www.w3.org/1999/xhtml"">",51,html:li,[],0,0,0,0,0,0,0,0,0,0,1,0,0,0,0,0,0,0,0,0,0,0,0,0,0,0,0,0,0,1,0,0,0,0,0,2,1
6,214,"<html:a xmlns:html=""http://www.w3.org/1999/xhtml"" class=""firstLevelMenu"" href=""/orangehrm/symfony/web/index.php/leave/viewLeaveModule"" id=""menu_leave_viewLeaveModule"">",167,html:a,"['class=""firstLevelMenu""', 'href=""/orangehrm/symfony/web/index.php/leave/viewLeaveModule""', 'id=""menu_leave_viewLeaveModule""']",0,0,0,0,0,0,0,0,0,0,1,0,0,0,0,0,0,0,0,0,0,0,0,0,0,0,0,0,0,0,0,0,0,0,0,0,1
7,64,"<html:b xmlns:html=""http://www.w3.org/1999/xhtml"">",50,html:b,[],0,0,0,0,0,0,0,0,0,0,0,0,0,0,0,0,0,0,0,0,0,0,0,0,0,0,0,0,0,0,0,0,0,0,0,0,1
6,211,"<html:ul xmlns:html=""http://www.w3.org/1999/xhtml"">",51,html:ul,[],0,0,0,0,0,0,0,0,0,0,0,0,0,0,0,0,0,0,0,0,0,0,0,0,0,0,0,0,0,1,0,0,0,0,0,1,0
7,85,"<html:li xmlns:html=""http://www.w3.org/1999/xhtml"" />",53,html:li,[],0,0,0,0,0,0,0,0,0,0,0,0,0,0,0,0,0,0,0,0,0,0,0,0,0,0,0,0,0,0,0,0,0,0,0,1,0
5,5075,"<html:li xmlns:html=""http://www.w3.org/1999/xhtml"">",51,html:li,[],0,0,0,0,0,0,0,0,0,0,13,0,0,0,0,0,0,0,0,0,0,0,0,0,0,0,0,0,0,5,0,0,0,0,0,13,1
6,209,"<html:a xmlns:html=""http://www.w3.org/1999/xhtml"" class=""firstLevelMenu"" href=""/orangehrm/symfony/web/index.php/time/viewTimeModule"" id=""menu_time_viewTimeModule"">",163,html:a,"['class=""firstLevelMenu""', 'href=""/orangehrm/symfony/web/index.php/time/viewTimeModule""', 'id=""menu_time_viewTimeModule""']",0,0,0,0,0,0,0,0,0,0,1,0,0,0,0,0,0,0,0,0,0,0,0,0,0,0,0,0,0,0,0,0,0,0,0,0,1
7,63,"<html:b xmlns:html=""http://www.w3.org/1999/xhtml"">",50,html:b,[],0,0,0,0,0,0,0,0,0,0,0,0,0,0,0,0,0,0,0,0,0,0,0,0,0,0,0,0,0,0,0,0,0,0,0,0,1
6,4827,"<html:ul xmlns:html=""http://www.w3.org/1999/xhtml"">",51,html:ul,[],0,0,0,0,0,0,0,0,0,0,12,0,0,0,0,0,0,0,0,0,0,0,0,0,0,0,0,0,0,5,0,0,0,0,0,12,0
7,869,"<html:li xmlns:html=""http://www.w3.org/1999/xhtml"">",51,html:li,[],0,0,0,0,0,0,0,0,0,0,2,0,0,0,0,0,0,0,0,0,0,0,0,0,0,0,0,0,0,1,0,0,0,0,0,2,0
8,196,"<html:a xmlns:html=""http://www.w3.org/1999/xhtml"" class=""arrow"" href=""#"" id=""menu_time_Timesheets"">",99,html:a,"['class=""arrow""', 'href=""#""', 'id=""menu_time_Timesheets""']",0,0,0,0,0,0,0,0,0,0,1,0,0,0,0,0,0,0,0,0,0,0,0,0,0,0,0,0,0,0,0,0,0,0,0,0,0
8,575,"<html:ul xmlns:html=""http://www.w3.org/1999/xhtml"">",51,html:ul,[],0,0,0,0,0,0,0,0,0,0,1,0,0,0,0,0,0,0,0,0,0,0,0,0,0,0,0,0,0,1,0,0,0,0,0,1,0
9,303,"<html:li xmlns:html=""http://www.w3.org/1999/xhtml"">",51,html:li,[],0,0,0,0,0,0,0,0,0,0,1,0,0,0,0,0,0,0,0,0,0,0,0,0,0,0,0,0,0,0,0,0,0,0,0,1,0
10,182,"<html:a xmlns:html=""http://www.w3.org/1999/xhtml"" href=""/orangehrm/symfony/web/index.php/time/viewEmployeeTimesheet"" id=""menu_time_viewEmployeeTimesheet"">",154,html:a,"['href=""/orangehrm/symfony/web/index.php/time/viewEmployeeTimesheet""', 'id=""menu_time_viewEmployeeTimesheet""']",0,0,0,0,0,0,0,0,0,0,1,0,0,0,0,0,0,0,0,0,0,0,0,0,0,0,0,0,0,0,0,0,0,0,0,0,0
7,1161,"<html:li xmlns:html=""http://www.w3.org/1999/xhtml"">",51,html:li,[],0,0,0,0,0,0,0,0,0,0,3,0,0,0,0,0,0,0,0,0,0,0,0,0,0,0,0,0,0,1,0,0,0,0,0,3,0
8,202,"<html:a xmlns:html=""http://www.w3.org/1999/xhtml"" class=""arrow"" href=""#"" id=""menu_attendance_Attendance"">",105,html:a,"['class=""arrow""', 'href=""#""', 'id=""menu_attendance_Attendance""']",0,0,0,0,0,0,0,0,0,0,1,0,0,0,0,0,0,0,0,0,0,0,0,0,0,0,0,0,0,0,0,0,0,0,0,0,0
8,861,"<html:ul xmlns:html=""http://www.w3.org/1999/xhtml"">",51,html:ul,[],0,0,0,0,0,0,0,0,0,0,2,0,0,0,0,0,0,0,0,0,0,0,0,0,0,0,0,0,0,1,0,0,0,0,0,2,0
9,310,"<html:li xmlns:html=""http://www.w3.org/1999/xhtml"">",51,html:li,[],0,0,0,0,0,0,0,0,0,0,1,0,0,0,0,0,0,0,0,0,0,0,0,0,0,0,0,0,0,0,0,0,0,0,0,1,0
10,189,"<html:a xmlns:html=""http://www.w3.org/1999/xhtml"" href=""/orangehrm/symfony/web/index.php/attendance/viewAttendanceRecord"" id=""menu_attendance_viewAttendanceRecord"">",164,html:a,"['href=""/orangehrm/symfony/web/index.php/attendance/viewAttendanceRecord""', 'id=""menu_attendance_viewAttendanceRecord""']",0,0,0,0,0,0,0,0,0,0,1,0,0,0,0,0,0,0,0,0,0,0,0,0,0,0,0,0,0,0,0,0,0,0,0,0,0
9,285,"<html:li xmlns:html=""http://www.w3.org/1999/xhtml"">",51,html:li,[],0,0,0,0,0,0,0,0,0,0,1,0,0,0,0,0,0,0,0,0,0,0,0,0,0,0,0,0,0,0,0,0,0,0,0,1,0
10,164,"<html:a xmlns:html=""http://www.w3.org/1999/xhtml"" href=""/orangehrm/symfony/web/index.php/attendance/configure"" id=""menu_attendance_configure"">",142,html:a,"['href=""/orangehrm/symfony/web/index.php/attendance/configure""', 'id=""menu_attendance_configure""']",0,0,0,0,0,0,0,0,0,0,1,0,0,0,0,0,0,0,0,0,0,0,0,0,0,0,0,0,0,0,0,0,0,0,0,0,0
7,1546,"<html:li xmlns:html=""http://www.w3.org/1999/xhtml"">",51,html:li,[],0,0,0,0,0,0,0,0,0,0,4,0,0,0,0,0,0,0,0,0,0,0,0,0,0,0,0,0,0,1,0,0,0,0,0,4,0
8,190,"<html:a xmlns:html=""http://www.w3.org/1999/xhtml"" class=""arrow"" href=""#"" id=""menu_time_Reports"">",96,html:a,"['class=""arrow""', 'href=""#""', 'id=""menu_time_Reports""']",0,0,0,0,0,0,0,0,0,0,1,0,0,0,0,0,0,0,0,0,0,0,0,0,0,0,0,0,0,0,0,0,0,0,0,0,0
8,1258,"<html:ul xmlns:html=""http://www.w3.org/1999/xhtml"">",51,html:ul,[],0,0,0,0,0,0,0,0,0,0,3,0,0,0,0,0,0,0,0,0,0,0,0,0,0,0,0,0,0,1,0,0,0,0,0,3,0
9,324,"<html:li xmlns:html=""http://www.w3.org/1999/xhtml"">",51,html:li,[],0,0,0,0,0,0,0,0,0,0,1,0,0,0,0,0,0,0,0,0,0,0,0,0,0,0,0,0,0,0,0,0,0,0,0,1,0
10,203,"<html:a xmlns:html=""http://www.w3.org/1999/xhtml"" href=""/orangehrm/symfony/web/index.php/time/displayProjectReportCriteria?reportId=1"" id=""menu_time_displayProjectReportCriteria"">",179,html:a,"['href=""/orangehrm/symfony/web/index.php/time/displayProjectReportCriteria?reportId=1""', 'id=""menu_time_displayProjectReportCriteria""']",0,0,0,0,0,0,0,0,0,0,1,0,0,0,0,0,0,0,0,0,0,0,0,0,0,0,0,0,0,0,0,0,0,0,0,0,0
9,327,"<html:li xmlns:html=""http://www.w3.org/1999/xhtml"">",51,html:li,[],0,0,0,0,0,0,0,0,0,0,1,0,0,0,0,0,0,0,0,0,0,0,0,0,0,0,0,0,0,0,0,0,0,0,0,1,0
10,206,"<html:a xmlns:html=""http://www.w3.org/1999/xhtml"" href=""/orangehrm/symfony/web/index.php/time/displayEmployeeReportCriteria?reportId=2"" id=""menu_time_displayEmployeeReportCriteria"">",181,html:a,"['href=""/orangehrm/symfony/web/index.php/time/displayEmployeeReportCriteria?reportId=2""', 'id=""menu_time_displayEmployeeReportCriteria""']",0,0,0,0,0,0,0,0,0,0,1,0,0,0,0,0,0,0,0,0,0,0,0,0,0,0,0,0,0,0,0,0,0,0,0,0,0
9,347,"<html:li xmlns:html=""http://www.w3.org/1999/xhtml"">",51,html:li,[],0,0,0,0,0,0,0,0,0,0,1,0,0,0,0,0,0,0,0,0,0,0,0,0,0,0,0,0,0,0,0,0,0,0,0,1,0
10,226,"<html:a xmlns:html=""http://www.w3.org/1999/xhtml"" href=""/orangehrm/symfony/web/index.php/time/displayAttendanceSummaryReportCriteria?reportId=4"" id=""menu_time_displayAttendanceSummaryReportCriteria"">",199,html:a,"['href=""/orangehrm/symfony/web/index.php/time/displayAttendanceSummaryReportCriteria?reportId=4""', 'id=""menu_time_displayAttendanceSummaryReportCriteria""']",0,0,0,0,0,0,0,0,0,0,1,0,0,0,0,0,0,0,0,0,0,0,0,0,0,0,0,0,0,0,0,0,0,0,0,0,0
7,1127,"<html:li xmlns:html=""http://www.w3.org/1999/xhtml"">",51,html:li,[],0,0,0,0,0,0,0,0,0,0,3,0,0,0,0,0,0,0,0,0,0,0,0,0,0,0,0,0,0,1,0,0,0,0,0,3,0
8,200,"<html:a xmlns:html=""http://www.w3.org/1999/xhtml"" class=""arrow"" href=""#"" id=""menu_admin_ProjectInfo"">",101,html:a,"['class=""arrow""', 'href=""#""', 'id=""menu_admin_ProjectInfo""']",0,0,0,0,0,0,0,0,0,0,1,0,0,0,0,0,0,0,0,0,0,0,0,0,0,0,0,0,0,0,0,0,0,0,0,0,0
8,821,"<html:ul xmlns:html=""http://www.w3.org/1999/xhtml"">",51,html:ul,[],0,0,0,0,0,0,0,0,0,0,2,0,0,0,0,0,0,0,0,0,0,0,0,0,0,0,0,0,0,1,0,0,0,0,0,2,0
9,279,"<html:li xmlns:html=""http://www.w3.org/1999/xhtml"">",51,html:li,[],0,0,0,0,0,0,0,0,0,0,1,0,0,0,0,0,0,0,0,0,0,0,0,0,0,0,0,0,0,0,0,0,0,0,0,1,0
10,158,"<html:a xmlns:html=""http://www.w3.org/1999/xhtml"" href=""/orangehrm/symfony/web/index.php/admin/viewCustomers"" id=""menu_admin_viewCustomers"">",140,html:a,"['href=""/orangehrm/symfony/web/index.php/admin/viewCustomers""', 'id=""menu_admin_viewCustomers""']",0,0,0,0,0,0,0,0,0,0,1,0,0,0,0,0,0,0,0,0,0,0,0,0,0,0,0,0,0,0,0,0,0,0,0,0,0
9,276,"<html:li xmlns:html=""http://www.w3.org/1999/xhtml"">",51,html:li,[],0,0,0,0,0,0,0,0,0,0,1,0,0,0,0,0,0,0,0,0,0,0,0,0,0,0,0,0,0,0,0,0,0,0,0,1,0
10,155,"<html:a xmlns:html=""http://www.w3.org/1999/xhtml"" href=""/orangehrm/symfony/web/index.php/admin/viewProjects"" id=""menu_admin_viewProjects"">",138,html:a,"['href=""/orangehrm/symfony/web/index.php/admin/viewProjects""', 'id=""menu_admin_viewProjects""']",0,0,0,0,0,0,0,0,0,0,1,0,0,0,0,0,0,0,0,0,0,0,0,0,0,0,0,0,0,0,0,0,0,0,0,0,0
5,1184,"<html:li xmlns:html=""http://www.w3.org/1999/xhtml"">",51,html:li,[],0,0,0,0,0,0,0,0,0,0,3,0,0,0,0,0,0,0,0,0,0,0,0,0,0,0,0,0,0,1,0,0,0,0,0,3,1
6,244,"<html:a xmlns:html=""http://www.w3.org/1999/xhtml"" class=""firstLevelMenu"" href=""/orangehrm/symfony/web/index.php/recruitment/viewRecruitmentModule"" id=""menu_recruitment_viewRecruitmentModule"">",191,html:a,"['class=""firstLevelMenu""', 'href=""/orangehrm/symfony/web/index.php/recruitment/viewRecruitmentModule""', 'id=""menu_recruitment_viewRecruitmentModule""']",0,0,0,0,0,0,0,0,0,0,1,0,0,0,0,0,0,0,0,0,0,0,0,0,0,0,0,0,0,0,0,0,0,0,0,0,1
7,70,"<html:b xmlns:html=""http://www.w3.org/1999/xhtml"">",50,html:b,[],0,0,0,0,0,0,0,0,0,0,0,0,0,0,0,0,0,0,0,0,0,0,0,0,0,0,0,0,0,0,0,0,0,0,0,0,1
6,901,"<html:ul xmlns:html=""http://www.w3.org/1999/xhtml"">",51,html:ul,[],0,0,0,0,0,0,0,0,0,0,2,0,0,0,0,0,0,0,0,0,0,0,0,0,0,0,0,0,0,1,0,0,0,0,0,2,0
7,367,"<html:li xmlns:html=""http://www.w3.org/1999/xhtml"">",51,html:li,[],0,0,0,0,0,0,0,0,0,0,1,0,0,0,0,0,0,0,0,0,0,0,0,0,0,0,0,0,0,0,0,0,0,0,0,1,0
8,255,"<html:a xmlns:html=""http://www.w3.org/1999/xhtml"" href=""/orangehrm/symfony/web/index.php/recruitment/viewCandidates"" id=""menu_recruitment_viewCandidates"">",154,html:a,"['href=""/orangehrm/symfony/web/index.php/recruitment/viewCandidates""', 'id=""menu_recruitment_viewCandidates""']",0,0,0,0,0,0,0,0,0,0,1,0,0,0,0,0,0,0,0,0,0,0,0,0,0,0,0,0,0,0,0,0,0,0,0,0,0
7,374,"<html:li xmlns:html=""http://www.w3.org/1999/xhtml"">",51,html:li,[],0,0,0,0,0,0,0,0,0,0,1,0,0,0,0,0,0,0,0,0,0,0,0,0,0,0,0,0,0,0,0,0,0,0,0,1,0
8,254,"<html:a xmlns:html=""http://www.w3.org/1999/xhtml"" href=""/orangehrm/symfony/web/index.php/recruitment/viewJobVacancy"" id=""menu_recruitment_viewJobVacancy"">",154,html:a,"['href=""/orangehrm/symfony/web/index.php/recruitment/viewJobVacancy""', 'id=""menu_recruitment_viewJobVacancy""']",0,0,0,0,0,0,0,0,0,0,1,0,0,0,0,0,0,0,0,0,0,0,0,0,0,0,0,0,0,0,0,0,0,0,0,0,0
5,2804,"<html:li xmlns:html=""http://www.w3.org/1999/xhtml"">",51,html:li,[],0,0,0,0,0,0,0,0,0,0,7,0,0,0,0,0,0,0,0,0,0,0,0,0,0,0,0,0,0,3,0,0,0,0,0,7,1
6,158,"<html:a xmlns:html=""http://www.w3.org/1999/xhtml"" class=""firstLevelMenu"" href=""#"" id=""menu__Performance"">",105,html:a,"['class=""firstLevelMenu""', 'href=""#""', 'id=""menu__Performance""']",0,0,0,0,0,0,0,0,0,0,1,0,0,0,0,0,0,0,0,0,0,0,0,0,0,0,0,0,0,0,0,0,0,0,0,0,1
7,70,"<html:b xmlns:html=""http://www.w3.org/1999/xhtml"">",50,html:b,[],0,0,0,0,0,0,0,0,0,0,0,0,0,0,0,0,0,0,0,0,0,0,0,0,0,0,0,0,0,0,0,0,0,0,0,0,1
6,2607,"<html:ul xmlns:html=""http://www.w3.org/1999/xhtml"">",51,html:ul,[],0,0,0,0,0,0,0,0,0,0,6,0,0,0,0,0,0,0,0,0,0,0,0,0,0,0,0,0,0,3,0,0,0,0,0,6,0
7,1149,"<html:li xmlns:html=""http://www.w3.org/1999/xhtml"">",51,html:li,[],0,0,0,0,0,0,0,0,0,0,3,0,0,0,0,0,0,0,0,0,0,0,0,0,0,0,0,0,0,1,0,0,0,0,0,3,0
8,201,"<html:a xmlns:html=""http://www.w3.org/1999/xhtml"" class=""arrow"" href=""#"" id=""menu_performance_Configure"">",105,html:a,"['class=""arrow""', 'href=""#""', 'id=""menu_performance_Configure""']",0,0,0,0,0,0,0,0,0,0,1,0,0,0,0,0,0,0,0,0,0,0,0,0,0,0,0,0,0,0,0,0,0,0,0,0,0
8,850,"<html:ul xmlns:html=""http://www.w3.org/1999/xhtml"">",51,html:ul,[],0,0,0,0,0,0,0,0,0,0,2,0,0,0,0,0,0,0,0,0,0,0,0,0,0,0,0,0,0,1,0,0,0,0,0,2,0
9,278,"<html:li xmlns:html=""http://www.w3.org/1999/xhtml"">",51,html:li,[],0,0,0,0,0,0,0,0,0,0,1,0,0,0,0,0,0,0,0,0,0,0,0,0,0,0,0,0,0,0,0,0,0,0,0,1,0
10,157,"<html:a xmlns:html=""http://www.w3.org/1999/xhtml"" href=""/orangehrm/symfony/web/index.php/performance/searchKpi"" id=""menu_performance_searchKpi"">",144,html:a,"['href=""/orangehrm/symfony/web/index.php/performance/searchKpi""', 'id=""menu_performance_searchKpi""']",0,0,0,0,0,0,0,0,0,0,1,0,0,0,0,0,0,0,0,0,0,0,0,0,0,0,0,0,0,0,0,0,0,0,0,0,0
9,306,"<html:li xmlns:html=""http://www.w3.org/1999/xhtml"">",51,html:li,[],0,0,0,0,0,0,0,0,0,0,1,0,0,0,0,0,0,0,0,0,0,0,0,0,0,0,0,0,0,0,0,0,0,0,0,1,0
10,185,"<html:a xmlns:html=""http://www.w3.org/1999/xhtml"" href=""/orangehrm/symfony/web/index.php/performance/addPerformanceTracker"" id=""menu_performance_addPerformanceTracker"">",168,html:a,"['href=""/orangehrm/symfony/web/index.php/performance/addPerformanceTracker""', 'id=""menu_performance_addPerformanceTracker""']",0,0,0,0,0,0,0,0,0,0,1,0,0,0,0,0,0,0,0,0,0,0,0,0,0,0,0,0,0,0,0,0,0,0,0,0,0
7,894,"<html:li xmlns:html=""http://www.w3.org/1999/xhtml"">",51,html:li,[],0,0,0,0,0,0,0,0,0,0,2,0,0,0,0,0,0,0,0,0,0,0,0,0,0,0,0,0,0,1,0,0,0,0,0,2,0
8,210,"<html:a xmlns:html=""http://www.w3.org/1999/xhtml"" class=""arrow"" href=""#"" id=""menu_performance_ManageReviews"">",109,html:a,"['class=""arrow""', 'href=""#""', 'id=""menu_performance_ManageReviews""']",0,0,0,0,0,0,0,0,0,0,1,0,0,0,0,0,0,0,0,0,0,0,0,0,0,0,0,0,0,0,0,0,0,0,0,0,0
8,586,"<html:ul xmlns:html=""http://www.w3.org/1999/xhtml"">",51,html:ul,[],0,0,0,0,0,0,0,0,0,0,1,0,0,0,0,0,0,0,0,0,0,0,0,0,0,0,0,0,0,1,0,0,0,0,0,1,0
9,314,"<html:li xmlns:html=""http://www.w3.org/1999/xhtml"">",51,html:li,[],0,0,0,0,0,0,0,0,0,0,1,0,0,0,0,0,0,0,0,0,0,0,0,0,0,0,0,0,0,0,0,0,0,0,0,1,0
10,193,"<html:a xmlns:html=""http://www.w3.org/1999/xhtml"" href=""/orangehrm/symfony/web/index.php/performance/searchPerformancReview"" id=""menu_performance_searchPerformancReview"">",170,html:a,"['href=""/orangehrm/symfony/web/index.php/performance/searchPerformancReview""', 'id=""menu_performance_searchPerformancReview""']",0,0,0,0,0,0,0,0,0,0,1,0,0,0,0,0,0,0,0,0,0,0,0,0,0,0,0,0,0,0,0,0,0,0,0,0,0
7,422,"<html:li xmlns:html=""http://www.w3.org/1999/xhtml"">",51,html:li,[],0,0,0,0,0,0,0,0,0,0,1,0,0,0,0,0,0,0,0,0,0,0,0,0,0,0,0,0,0,0,0,0,0,0,0,1,0
8,302,"<html:a xmlns:html=""http://www.w3.org/1999/xhtml"" href=""/orangehrm/symfony/web/index.php/performance/viewEmployeePerformanceTrackerList"" id=""menu_performance_viewEmployeePerformanceTrackerList"">",194,html:a,"['href=""/orangehrm/symfony/web/index.php/performance/viewEmployeePerformanceTrackerList""', 'id=""menu_performance_viewEmployeePerformanceTrackerList""']",0,0,0,0,0,0,0,0,0,0,1,0,0,0,0,0,0,0,0,0,0,0,0,0,0,0,0,0,0,0,0,0,0,0,0,0,0
5,466,"<html:li xmlns:html=""http://www.w3.org/1999/xhtml"" class=""current"">",67,html:li,"['class=""current""']",0,0,0,0,0,0,0,0,0,0,1,0,0,0,0,0,0,0,0,0,0,0,0,0,0,0,0,0,0,1,0,0,0,0,0,2,1
6,200,"<html:a xmlns:html=""http://www.w3.org/1999/xhtml"" class=""firstLevelMenu"" href=""/orangehrm/symfony/web/index.php/dashboard"" id=""menu_dashboard_index"">",149,html:a,"['class=""firstLevelMenu""', 'href=""/orangehrm/symfony/web/index.php/dashboard""', 'id=""menu_dashboard_index""']",0,0,0,0,0,0,0,0,0,0,1,0,0,0,0,0,0,0,0,0,0,0,0,0,0,0,0,0,0,0,0,0,0,0,0,0,1
7,68,"<html:b xmlns:html=""http://www.w3.org/1999/xhtml"">",50,html:b,[],0,0,0,0,0,0,0,0,0,0,0,0,0,0,0,0,0,0,0,0,0,0,0,0,0,0,0,0,0,0,0,0,0,0,0,0,1
6,225,"<html:ul xmlns:html=""http://www.w3.org/1999/xhtml"">",51,html:ul,[],0,0,0,0,0,0,0,0,0,0,0,0,0,0,0,0,0,0,0,0,0,0,0,0,0,0,0,0,0,1,0,0,0,0,0,1,0
7,103,"<html:li xmlns:html=""http://www.w3.org/1999/xhtml"" />",53,html:li,[],0,0,0,0,0,0,0,0,0,0,0,0,0,0,0,0,0,0,0,0,0,0,0,0,0,0,0,0,0,0,0,0,0,0,0,1,0
5,480,"<html:li xmlns:html=""http://www.w3.org/1999/xhtml"">",51,html:li,[],0,0,0,0,0,0,0,0,0,0,1,0,0,0,0,0,0,0,0,0,0,0,0,0,0,0,0,0,0,1,0,0,0,0,0,2,1
6,230,"<html:a xmlns:html=""http://www.w3.org/1999/xhtml"" class=""firstLevelMenu"" href=""/orangehrm/symfony/web/index.php/directory/viewDirectory/reset/1"" id=""menu_directory_viewDirectory"">",179,html:a,"['class=""firstLevelMenu""', 'href=""/orangehrm/symfony/web/index.php/directory/viewDirectory/reset/1""', 'id=""menu_directory_viewDirectory""']",0,0,0,0,0,0,0,0,0,0,1,0,0,0,0,0,0,0,0,0,0,0,0,0,0,0,0,0,0,0,0,0,0,0,0,0,1
7,68,"<html:b xmlns:html=""http://www.w3.org/1999/xhtml"">",50,html:b,[],0,0,0,0,0,0,0,0,0,0,0,0,0,0,0,0,0,0,0,0,0,0,0,0,0,0,0,0,0,0,0,0,0,0,0,0,1
6,225,"<html:ul xmlns:html=""http://www.w3.org/1999/xhtml"">",51,html:ul,[],0,0,0,0,0,0,0,0,0,0,0,0,0,0,0,0,0,0,0,0,0,0,0,0,0,0,0,0,0,1,0,0,0,0,0,1,0
7,103,"<html:li xmlns:html=""http://www.w3.org/1999/xhtml"" />",53,html:li,[],0,0,0,0,0,0,0,0,0,0,0,0,0,0,0,0,0,0,0,0,0,0,0,0,0,0,0,0,0,0,0,0,0,0,0,1,0
3,10515,"<html:div xmlns:html=""http://www.w3.org/1999/xhtml"" id=""content"">",65,html:div,"['id=""content""']",0,1,0,0,3,23,0,1,0,1,3,0,0,0,0,0,1,3,0,4,0,0,1,4,4,0,0,0,0,0,0,0,2,3,0,0,0
4,224,"<html:link xmlns:html=""http://www.w3.org/1999/xhtml"" href=""/orangehrm/symfony/web/webres_598bd8c4489f52.47381308/orangehrmDashboardPlugin/css/orangehrmDashboardPlugin.css"" media=""screen"" rel=""stylesheet"" type=""text/css"" />",222,html:link,"['href=""/orangehrm/symfony/web/webres_598bd8c4489f52.47381308/orangehrmDashboardPlugin/css/orangehrmDashboardPlugin.css""', 'media=""screen""', 'rel=""stylesheet""', 'type=""text/css""']",0,0,0,0,0,0,0,0,0,1,0,0,0,0,0,0,0,0,0,0,0,0,0,0,0,0,0,0,0,0,0,0,0,0,0,0,0
4,479,"<html:style xmlns:html=""http://www.w3.org/1999/xhtml"" type=""text/css"">",70,html:style,"['type=""text/css""']",0,0,0,0,0,0,0,0,0,0,0,0,0,0,0,0,0,0,0,0,0,0,0,0,0,0,0,0,0,0,0,0,1,0,0,0,0
4,9813,"<html:div xmlns:html=""http://www.w3.org/1999/xhtml"" class=""box"">",64,html:div,"['class=""box""']",0,1,0,0,3,22,0,1,0,0,3,0,0,0,0,0,1,3,0,4,0,0,1,4,4,0,0,0,0,0,0,0,1,3,0,0,0
5,122,"<html:div xmlns:html=""http://www.w3.org/1999/xhtml"" class=""head"">",65,html:div,"['class=""head""']",0,0,0,0,0,1,0,0,0,0,0,0,0,0,0,0,1,0,0,0,0,0,0,0,0,0,0,0,0,0,0,0,0,0,0,0,0
6,72,"<html:h1 xmlns:html=""http://www.w3.org/1999/xhtml"">",51,html:h1,[],0,0,0,0,0,0,0,0,0,0,0,0,0,0,0,0,1,0,0,0,0,0,0,0,0,0,0,0,0,0,0,0,0,0,0,0,0
5,9688,"<html:div xmlns:html=""http://www.w3.org/1999/xhtml"" class=""inner"">",66,html:div,"['class=""inner""']",0,1,0,0,3,20,0,1,0,0,3,0,0,0,0,0,0,3,0,4,0,0,1,4,4,0,0,0,0,0,0,0,1,3,0,0,0
6,5560,"<html:div xmlns:html=""http://www.w3.org/1999/xhtml"" class=""outerbox no-border"" style=""width:1104px;"">",101,html:div,"['class=""outerbox no-border""', 'style=""width:1104px;""']",0,1,0,0,3,9,0,1,0,0,3,0,0,0,0,0,0,3,0,1,0,0,1,1,1,0,0,0,0,0,0,0,1,3,0,0,0
7,5458,"<html:div xmlns:html=""http://www.w3.org/1999/xhtml"" class=""maincontent group-wrapper"" id=""group_0"">",99,html:div,"['class=""maincontent group-wrapper""', 'id=""group_0""']",0,1,0,0,3,8,0,1,0,0,3,0,0,0,0,0,0,3,0,1,0,0,1,1,1,0,0,0,0,0,0,0,1,3,0,0,0
8,5330,"<html:div xmlns:html=""http://www.w3.org/1999/xhtml"" class=""panel_wrapper"" id=""panel_wrapper_0"" style=""width:1100px; height:120px;"">",131,html:div,"['class=""panel_wrapper""', 'id=""panel_wrapper_0""', 'style=""width:1100px; height:120px;""']",0,1,0,0,3,7,0,1,0,0,3,0,0,0,0,0,0,3,0,1,0,0,1,1,1,0,0,0,0,0,0,0,1,3,0,0,0
9,5102,"<html:div xmlns:html=""http://www.w3.org/1999/xhtml"" class=""panel_draggable panel-preview"" id=""panel_draggable_0_0"" style=""margin:4px 2px; 2px;"">",144,html:div,"['class=""panel_draggable panel-preview""', 'id=""panel_draggable_0_0""', 'style=""margin:4px 2px; 2px;""']",0,1,0,0,3,6,0,1,0,0,3,0,0,0,0,0,0,3,0,1,0,0,1,1,1,0,0,0,0,0,0,0,1,3,0,0,0
10,4923,"<html:fieldset xmlns:html=""http://www.w3.org/1999/xhtml"" class=""panel_resizable panel-preview"" id=""panel_resizable_0_0"" style=""width:autopx; height:90.8px; "">",158,html:fieldset,"['class=""panel_resizable panel-preview""', 'id=""panel_resizable_0_0""', 'style=""width:autopx; height:90.8px; ""']",0,1,0,0,3,5,0,1,0,0,3,0,0,0,0,0,0,3,0,1,0,0,1,1,1,0,0,0,0,0,0,0,1,3,0,0,0
11,121,"<html:legend xmlns:html=""http://www.w3.org/1999/xhtml"">",55,html:legend,[],0,0,0,0,0,0,0,0,0,0,0,0,0,0,0,0,0,0,0,1,0,0,0,0,0,0,0,0,0,0,0,0,0,0,0,0,0
11,578,"<html:style xmlns:html=""http://www.w3.org/1999/xhtml"" type=""text/css"">",70,html:style,"['type=""text/css""']",0,0,0,0,0,0,0,0,0,0,0,0,0,0,0,0,0,0,0,0,0,0,0,0,0,0,0,0,0,0,0,0,1,0,0,0,0
11,2434,"<html:div xmlns:html=""http://www.w3.org/1999/xhtml"" id=""dashboard-quick-launch-panel-container"">",96,html:div,"['id=""dashboard-quick-launch-panel-container""']",0,1,0,0,3,5,0,1,0,0,3,0,0,0,0,0,0,3,0,0,0,0,1,0,0,0,0,0,0,0,0,0,0,3,0,0,0
12,2359,"<html:div xmlns:html=""http://www.w3.org/1999/xhtml"" id=""dashboard-quick-launch-panel-menu_holder"">",98,html:div,"['id=""dashboard-quick-launch-panel-menu_holder""']",0,1,0,0,3,4,0,1,0,0,3,0,0,0,0,0,0,3,0,0,0,0,1,0,0,0,0,0,0,0,0,0,0,3,0,0,0
13,2276,"<html:table xmlns:html=""http://www.w3.org/1999/xhtml"" class=""quickLaungeContainer"">",83,html:table,"['class=""quickLaungeContainer""']",0,1,0,0,3,3,0,1,0,0,3,0,0,0,0,0,0,3,0,0,0,0,1,0,0,0,0,0,0,0,0,0,0,3,0,0,0
14,2186,"<html:tbody xmlns:html=""http://www.w3.org/1999/xhtml"">",54,html:tbody,[],0,1,0,0,3,3,0,0,0,0,3,0,0,0,0,0,0,3,0,0,0,0,1,0,0,0,0,0,0,0,0,0,0,3,0,0,0
15,2153,"<html:tr xmlns:html=""http://www.w3.org/1999/xhtml"">",51,html:tr,[],0,1,0,0,3,3,0,0,0,0,3,0,0,0,0,0,0,3,0,0,0,0,0,0,0,0,0,0,0,0,0,0,0,3,0,0,0
16,668,"<html:td xmlns:html=""http://www.w3.org/1999/xhtml"">",51,html:td,[],0,0,0,0,1,1,0,0,0,0,1,0,0,0,0,0,0,1,0,0,0,0,0,0,0,0,0,0,0,0,0,0,0,1,0,0,0
17,565,"<html:div xmlns:html=""http://www.w3.org/1999/xhtml"" class=""quickLaunge"">",72,html:div,"['class=""quickLaunge""']",0,0,0,0,1,1,0,0,0,0,1,0,0,0,0,0,0,1,0,0,0,0,0,0,0,0,0,0,0,0,0,0,0,0,0,0,0
18,428,"<html:a xmlns:html=""http://www.w3.org/1999/xhtml"" href=""/orangehrm/symfony/web/index.php/leave/assignLeave"" target=""_self"">",123,html:a,"['href=""/orangehrm/symfony/web/index.php/leave/assignLeave""', 'target=""_self""']",0,0,0,0,1,0,0,0,0,0,1,0,0,0,0,0,0,1,0,0,0,0,0,0,0,0,0,0,0,0,0,0,0,0,0,0,0
19,159,"<html:img xmlns:html=""http://www.w3.org/1999/xhtml"" src=""/orangehrm/symfony/web/webres_598bd8c4489f52.47381308/orangehrmLeavePlugin/images/ApplyLeave.png"" />",157,html:img,"['src=""/orangehrm/symfony/web/webres_598bd8c4489f52.47381308/orangehrmLeavePlugin/images/ApplyLeave.png""']",0,0,0,0,1,0,0,0,0,0,0,0,0,0,0,0,0,0,0,0,0,0,0,0,0,0,0,0,0,0,0,0,0,0,0,0,0
19,101,"<html:span xmlns:html=""http://www.w3.org/1999/xhtml"" class=""quickLinkText"">",75,html:span,"['class=""quickLinkText""']",0,0,0,0,0,0,0,0,0,0,0,0,0,0,0,0,0,1,0,0,0,0,0,0,0,0,0,0,0,0,0,0,0,0,0,0,0
16,665,"<html:td xmlns:html=""http://www.w3.org/1999/xhtml"">",51,html:td,[],0,0,0,0,1,1,0,0,0,0,1,0,0,0,0,0,0,1,0,0,0,0,0,0,0,0,0,0,0,0,0,0,0,1,0,0,0
17,562,"<html:div xmlns:html=""http://www.w3.org/1999/xhtml"" class=""quickLaunge"">",72,html:div,"['class=""quickLaunge""']",0,0,0,0,1,1,0,0,0,0,1,0,0,0,0,0,0,1,0,0,0,0,0,0,0,0,0,0,0,0,0,0,0,0,0,0,0
18,425,"<html:a xmlns:html=""http://www.w3.org/1999/xhtml"" href=""/orangehrm/symfony/web/index.php/leave/viewLeaveList"" target=""_self"">",125,html:a,"['href=""/orangehrm/symfony/web/index.php/leave/viewLeaveList""', 'target=""_self""']",0,0,0,0,1,0,0,0,0,0,1,0,0,0,0,0,0,1,0,0,0,0,0,0,0,0,0,0,0,0,0,0,0,0,0,0,0
19,156,"<html:img xmlns:html=""http://www.w3.org/1999/xhtml"" src=""/orangehrm/symfony/web/webres_598bd8c4489f52.47381308/orangehrmLeavePlugin/images/MyLeave.png"" />",154,html:img,"['src=""/orangehrm/symfony/web/webres_598bd8c4489f52.47381308/orangehrmLeavePlugin/images/MyLeave.png""']",0,0,0,0,1,0,0,0,0,0,0,0,0,0,0,0,0,0,0,0,0,0,0,0,0,0,0,0,0,0,0,0,0,0,0,0,0
19,99,"<html:span xmlns:html=""http://www.w3.org/1999/xhtml"" class=""quickLinkText"">",75,html:span,"['class=""quickLinkText""']",0,0,0,0,0,0,0,0,0,0,0,0,0,0,0,0,0,1,0,0,0,0,0,0,0,0,0,0,0,0,0,0,0,0,0,0,0
16,675,"<html:td xmlns:html=""http://www.w3.org/1999/xhtml"">",51,html:td,[],0,0,0,0,1,1,0,0,0,0,1,0,0,0,0,0,0,1,0,0,0,0,0,0,0,0,0,0,0,0,0,0,0,1,0,0,0
17,572,"<html:div xmlns:html=""http://www.w3.org/1999/xhtml"" class=""quickLaunge"">",72,html:div,"['class=""quickLaunge""']",0,0,0,0,1,1,0,0,0,0,1,0,0,0,0,0,0,1,0,0,0,0,0,0,0,0,0,0,0,0,0,0,0,0,0,0,0
18,435,"<html:a xmlns:html=""http://www.w3.org/1999/xhtml"" href=""/orangehrm/symfony/web/index.php/time/viewEmployeeTimesheet"" target=""_self"">",132,html:a,"['href=""/orangehrm/symfony/web/index.php/time/viewEmployeeTimesheet""', 'target=""_self""']",0,0,0,0,1,0,0,0,0,0,1,0,0,0,0,0,0,1,0,0,0,0,0,0,0,0,0,0,0,0,0,0,0,0,0,0,0
19,159,"<html:img xmlns:html=""http://www.w3.org/1999/xhtml"" src=""/orangehrm/symfony/web/webres_598bd8c4489f52.47381308/orangehrmTimePlugin/images/MyTimesheet.png"" />",157,html:img,"['src=""/orangehrm/symfony/web/webres_598bd8c4489f52.47381308/orangehrmTimePlugin/images/MyTimesheet.png""']",0,0,0,0,1,0,0,0,0,0,0,0,0,0,0,0,0,0,0,0,0,0,0,0,0,0,0,0,0,0,0,0,0,0,0,0,0
19,99,"<html:span xmlns:html=""http://www.w3.org/1999/xhtml"" class=""quickLinkText"">",75,html:span,"['class=""quickLinkText""']",0,0,0,0,0,0,0,0,0,0,0,0,0,0,0,0,0,1,0,0,0,0,0,0,0,0,0,0,0,0,0,0,0,0,0,0,0
11,1711,"<html:script xmlns:html=""http://www.w3.org/1999/xhtml"" type=""text/javascript"">",78,html:script,"['type=""text/javascript""']",0,0,0,0,0,0,0,0,0,0,0,0,0,0,0,0,0,0,0,0,0,0,0,0,1,0,0,0,0,0,0,0,0,0,0,0,0
6,4063,"<html:div xmlns:html=""http://www.w3.org/1999/xhtml"" class=""outerbox no-border"" style=""width:1104px;"">",101,html:div,"['class=""outerbox no-border""', 'style=""width:1104px;""']",0,0,0,0,0,10,0,0,0,0,0,0,0,0,0,0,0,0,0,3,0,0,0,3,3,0,0,0,0,0,0,0,0,0,0,0,0
7,3961,"<html:div xmlns:html=""http://www.w3.org/1999/xhtml"" class=""maincontent group-wrapper"" id=""group_1"">",99,html:div,"['class=""maincontent group-wrapper""', 'id=""group_1""']",0,0,0,0,0,9,0,0,0,0,0,0,0,0,0,0,0,0,0,3,0,0,0,3,3,0,0,0,0,0,0,0,0,0,0,0,0
8,3833,"<html:div xmlns:html=""http://www.w3.org/1999/xhtml"" class=""panel_wrapper"" id=""panel_wrapper_1"" style=""width:1100px; height:300px;"">",131,html:div,"['class=""panel_wrapper""', 'id=""panel_wrapper_1""', 'style=""width:1100px; height:300px;""']",0,0,0,0,0,8,0,0,0,0,0,0,0,0,0,0,0,0,0,3,0,0,0,3,3,0,0,0,0,0,0,0,0,0,0,0,0
9,1215,"<html:div xmlns:html=""http://www.w3.org/1999/xhtml"" class=""panel_draggable panel-preview"" id=""panel_draggable_1_0"" style=""margin:4px 2px; 2px;"">",144,html:div,"['class=""panel_draggable panel-preview""', 'id=""panel_draggable_1_0""', 'style=""margin:4px 2px; 2px;""']",0,0,0,0,0,2,0,0,0,0,0,0,0,0,0,0,0,0,0,1,0,0,0,1,1,0,0,0,0,0,0,0,0,0,0,0,0
10,1036,"<html:fieldset xmlns:html=""http://www.w3.org/1999/xhtml"" class=""panel_resizable panel-preview"" id=""panel_resizable_1_0"" style=""width:300px; height:281px; "">",156,html:fieldset,"['class=""panel_resizable panel-preview""', 'id=""panel_resizable_1_0""', 'style=""width:300px; height:281px; ""']",0,0,0,0,0,1,0,0,0,0,0,0,0,0,0,0,0,0,0,1,0,0,0,1,1,0,0,0,0,0,0,0,0,0,0,0,0
11,141,"<html:legend xmlns:html=""http://www.w3.org/1999/xhtml"">",55,html:legend,[],0,0,0,0,0,0,0,0,0,0,0,0,0,0,0,0,0,0,0,1,0,0,0,0,0,0,0,0,0,0,0,0,0,0,0,0,0
11,147,"<html:div xmlns:html=""http://www.w3.org/1999/xhtml"" class=""loadmask"" id=""dashboard__employeeDistribution"" style=""height: 100%;"">",128,html:div,"['class=""loadmask""', 'id=""dashboard__employeeDistribution""', 'style=""height: 100%;""']",0,0,0,0,0,1,0,0,0,0,0,0,0,0,0,0,0,0,0,0,0,0,0,0,0,0,0,0,0,0,0,0,0,0,0,0,0
11,621,"<html:script xmlns:html=""http://www.w3.org/1999/xhtml"" type=""text/javascript"">",78,html:script,"['type=""text/javascript""']",0,0,0,0,0,0,0,0,0,0,0,0,0,0,0,0,0,0,0,0,0,0,0,0,1,0,0,0,0,0,0,0,0,0,0,0,0
9,1109,"<html:div xmlns:html=""http://www.w3.org/1999/xhtml"" class=""panel_draggable panel-preview"" id=""panel_draggable_1_1"" style=""margin:4px 2px; 2px;"">",144,html:div,"['class=""panel_draggable panel-preview""', 'id=""panel_draggable_1_1""', 'style=""margin:4px 2px; 2px;""']",0,0,0,0,0,3,0,0,0,0,0,0,0,0,0,0,0,0,0,1,0,0,0,1,1,0,0,0,0,0,0,0,0,0,0,0,0
10,930,"<html:fieldset xmlns:html=""http://www.w3.org/1999/xhtml"" class=""panel_resizable panel-preview"" id=""panel_resizable_1_1"" style=""width:300px; height:281px; "">",156,html:fieldset,"['class=""panel_resizable panel-preview""', 'id=""panel_resizable_1_1""', 'style=""width:300px; height:281px; ""']",0,0,0,0,0,2,0,0,0,0,0,0,0,0,0,0,0,0,0,1,0,0,0,1,1,0,0,0,0,0,0,0,0,0,0,0,0
11,77,"<html:legend xmlns:html=""http://www.w3.org/1999/xhtml"">",55,html:legend,[],0,0,0,0,0,0,0,0,0,0,0,0,0,0,0,0,0,0,0,1,0,0,0,0,0,0,0,0,0,0,0,0,0,0,0,0,0
11,433,"<html:script xmlns:html=""http://www.w3.org/1999/xhtml"" type=""text/css"">",71,html:script,"['type=""text/css""']",0,0,0,0,0,0,0,0,0,0,0,0,0,0,0,0,0,0,0,0,0,0,0,0,1,0,0,0,0,0,0,0,0,0,0,0,0
11,265,"<html:div xmlns:html=""http://www.w3.org/1999/xhtml"" class=""task-list-group-panel-menu_holder"" id=""task-list-group-panel-menu_holder-legend"">",140,html:div,"['class=""task-list-group-panel-menu_holder""', 'id=""task-list-group-panel-menu_holder-legend""']",0,0,0,0,0,2,0,0,0,0,0,0,0,0,0,0,0,0,0,0,0,0,0,0,0,0,0,0,0,0,0,0,0,0,0,0,0
12,150,"<html:div xmlns:html=""http://www.w3.org/1999/xhtml"" id=""div_legend_pim_employee_distribution_legend"" style=""width:auto;display:block;float:left;"" />",148,html:div,"['id=""div_legend_pim_employee_distribution_legend""', 'style=""width:auto;display:block;float:left;""']",0,0,0,0,0,1,0,0,0,0,0,0,0,0,0,0,0,0,0,0,0,0,0,0,0,0,0,0,0,0,0,0,0,0,0,0,0
9,1205,"<html:div xmlns:html=""http://www.w3.org/1999/xhtml"" class=""panel_draggable panel-preview"" id=""panel_draggable_1_2"" style=""margin:4px 2px; 2px;"">",144,html:div,"['class=""panel_draggable panel-preview""', 'id=""panel_draggable_1_2""', 'style=""margin:4px 2px; 2px;""']",0,0,0,0,0,2,0,0,0,0,0,0,0,0,0,0,0,0,0,1,0,0,0,1,1,0,0,0,0,0,0,0,0,0,0,0,0
10,1026,"<html:fieldset xmlns:html=""http://www.w3.org/1999/xhtml"" class=""panel_resizable panel-preview"" id=""panel_resizable_1_2"" style=""width:300px; height:281px; "">",156,html:fieldset,"['class=""panel_resizable panel-preview""', 'id=""panel_resizable_1_2""', 'style=""width:300px; height:281px; ""']",0,0,0,0,0,1,0,0,0,0,0,0,0,0,0,0,0,0,0,1,0,0,0,1,1,0,0,0,0,0,0,0,0,0,0,0,0
11,131,"<html:legend xmlns:html=""http://www.w3.org/1999/xhtml"">",55,html:legend,[],0,0,0,0,0,0,0,0,0,0,0,0,0,0,0,0,0,0,0,1,0,0,0,0,0,0,0,0,0,0,0,0,0,0,0,0,0
11,147,"<html:div xmlns:html=""http://www.w3.org/1999/xhtml"" class=""loadmask"" id=""dashboard__pendingLeaveRequests"" style=""height: 100%;"">",128,html:div,"['class=""loadmask""', 'id=""dashboard__pendingLeaveRequests""', 'style=""height: 100%;""']",0,0,0,0,0,1,0,0,0,0,0,0,0,0,0,0,0,0,0,0,0,0,0,0,0,0,0,0,0,0,0,0,0,0,0,0,0
11,621,"<html:script xmlns:html=""http://www.w3.org/1999/xhtml"" type=""text/javascript"">",78,html:script,"['type=""text/javascript""']",0,0,0,0,0,0,0,0,0,0,0,0,0,0,0,0,0,0,0,0,0,0,0,0,1,0,0,0,0,0,0,0,0,0,0,0,0
2,279,"<html:div xmlns:html=""http://www.w3.org/1999/xhtml"" id=""footer"">",64,html:div,"['id=""footer""']",0,0,0,0,0,1,0,0,0,0,1,0,0,0,0,1,0,0,0,0,0,0,0,0,0,0,0,0,0,0,0,0,0,0,0,0,0
3,73,"<html:br xmlns:html=""http://www.w3.org/1999/xhtml"" />",53,html:br,[],0,0,0,0,0,0,0,0,0,0,0,0,0,0,0,1,0,0,0,0,0,0,0,0,0,0,0,0,0,0,0,0,0,0,0,0,0
3,145,"<html:a xmlns:html=""http://www.w3.org/1999/xhtml"" href=""http://www.orangehrm.com"" target=""_blank"">",98,html:a,"['href=""http://www.orangehrm.com""', 'target=""_blank""']",0,0,0,0,0,0,0,0,0,0,1,0,0,0,0,0,0,0,0,0,0,0,0,0,0,0,0,0,0,0,0,0,0,0,0,0,0
2,3683,"<html:script xmlns:html=""http://www.w3.org/1999/xhtml"" type=""text/javascript"">",78,html:script,"['type=""text/javascript""']",0,0,0,0,0,0,0,0,0,0,0,0,0,0,0,0,0,0,0,0,0,0,0,0,1,0,0,0,0,0,0,0,0,0,0,0,0
2,214,"<html:div xmlns:html=""http://www.w3.org/1999/xhtml"" id=""tiptip_holder"" style=""max-width:200px;"">",96,html:div,"['id=""tiptip_holder""', 'style=""max-width:200px;""']",0,0,0,0,0,4,0,0,0,0,0,0,0,0,0,0,0,0,0,0,0,0,0,0,0,0,0,0,0,0,0,0,0,0,0,0,0
3,117,"<html:div xmlns:html=""http://www.w3.org/1999/xhtml"" id=""tiptip_arrow"">",70,html:div,"['id=""tiptip_arrow""']",0,0,0,0,0,2,0,0,0,0,0,0,0,0,0,0,0,0,0,0,0,0,0,0,0,0,0,0,0,0,0,0,0,0,0,0,0
4,78,"<html:div xmlns:html=""http://www.w3.org/1999/xhtml"" id=""tiptip_arrow_inner"" />",78,html:div,"['id=""tiptip_arrow_inner""']",0,0,0,0,0,1,0,0,0,0,0,0,0,0,0,0,0,0,0,0,0,0,0,0,0,0,0,0,0,0,0,0,0,0,0,0,0
3,74,"<html:div xmlns:html=""http://www.w3.org/1999/xhtml"" id=""tiptip_content"" />",74,html:div,"['id=""tiptip_content""']",0,0,0,0,0,1,0,0,0,0,0,0,0,0,0,0,0,0,0,0,0,0,0,0,0,0,0,0,0,0,0,0,0,0,0,0,0
